Order_ID,Order_Date,Day_of_Week,Month,Customer_ID,Menu_Item,Category,Quantity_Sold,Unit_Price,Total_Sales,Inventory_Stock,Inventory_Used,Food_Waste,Customer_Rating,Review,Sentiment,Payment_Method,Branch
1,2025-11-24,Monday,11,1754,Pizza,Fast Food,1,550,550,14,1,13,2,Very tasty and fresh,Positive,Cash,Banani
2,2025-01-17,Friday,1,1027,Burger,Fast Food,2,250,500,13,2,11,3,Amazing quality,Positive,Nagad,Uttara
3,2025-08-18,Monday,8,1714,Ice Cream,Dessert,5,120,600,10,5,5,5,It was okay,Neutral,Bkash,Mirpur
4,2025-03-21,Friday,3,1367,Fried Rice,Main Course,6,280,1680,14,6,8,4,Excellent food and fast service,Positive,Bkash,Dhanmondi
5,2025-08-24,Sunday,8,1849,Noodles,Main Course,2,260,520,19,2,17,4,Loved the food,Positive,Card,Dhanmondi
6,2025-01-24,Friday,1,1389,Fried Rice,Main Course,5,280,1400,12,5,7,4,Food was cold,Negative,Nagad,Mirpur
7,2025-03-25,Tuesday,3,1623,Coffee,Beverage,6,180,1080,17,6,11,3,Average taste,Neutral,Card,Uttara
8,2025-08-25,Monday,8,1234,Juice,Beverage,5,150,750,17,5,12,2,Average taste,Neutral,Bkash,Banani
9,2025-05-18,Sunday,5,1405,Pizza,Fast Food,4,550,2200,19,4,15,5,Highly recommended,Positive,Card,Mirpur
10,2025-03-13,Thursday,3,1370,Fried Rice,Main Course,5,280,1400,23,5,18,3,Not worth the price,Negative,Card,Banani
11,2025-02-16,Sunday,2,1610,Burger,Fast Food,2,250,500,11,2,9,2,Nothing special,Neutral,Nagad,Banani
12,2025-11-02,Sunday,11,1698,Sandwich,Fast Food,5,220,1100,10,5,5,4,Average taste,Neutral,Bkash,Dhanmondi
13,2025-05-31,Saturday,5,1995,Juice,Beverage,3,150,450,22,3,19,3,Loved the food,Positive,Cash,Mirpur
14,2025-11-24,Monday,11,1552,Noodles,Main Course,4,260,1040,13,4,9,2,Very tasty and fresh,Positive,Bkash,Banani
15,2025-01-10,Friday,1,1899,Pizza,Fast Food,6,550,3300,20,6,14,2,Very tasty and fresh,Positive,Cash,Banani
16,2025-02-05,Wednesday,2,1169,Noodles,Main Course,3,260,780,12,3,9,4,Acceptable,Neutral,Nagad,Uttara
17,2025-10-04,Saturday,10,1448,Fried Rice,Main Course,5,280,1400,22,5,17,5,Too salty,Negative,Cash,Uttara
18,2025-04-26,Saturday,4,1602,Pizza,Fast Food,6,550,3300,11,6,5,3,Very tasty and fresh,Positive,Cash,Dhanmondi
19,2025-12-29,Monday,12,1072,Burger,Fast Food,4,250,1000,11,4,7,3,Too salty,Negative,Bkash,Banani
20,2025-04-20,Sunday,4,1826,Noodles,Main Course,3,260,780,23,3,20,5,Highly recommended,Positive,Card,Dhanmondi
21,2025-02-19,Wednesday,2,1689,Juice,Beverage,6,150,900,24,6,18,2,Excellent food and fast service,Positive,Cash,Banani
22,2025-06-23,Monday,6,1143,Pizza,Fast Food,4,550,2200,15,4,11,5,Highly recommended,Positive,Card,Mirpur
23,2025-08-25,Monday,8,1100,Fried Rice,Main Course,2,280,560,21,2,19,2,Bad experience,Negative,Cash,Dhanmondi
24,2025-05-02,Friday,5,1924,Biryani,Main Course,7,320,2240,27,7,20,2,Highly recommended,Positive,Card,Banani
25,2025-01-02,Thursday,1,1677,Juice,Beverage,5,150,750,24,5,19,5,Amazing quality,Positive,Card,Uttara
26,2025-06-01,Sunday,6,1051,Fried Rice,Main Course,1,280,280,7,1,6,5,Average taste,Neutral,Card,Dhanmondi
27,2025-09-18,Thursday,9,1413,Pizza,Fast Food,3,550,1650,10,3,7,2,Very tasty and fresh,Positive,Card,Dhanmondi
28,2025-11-14,Friday,11,1685,Pizza,Fast Food,7,550,3850,22,7,15,4,Delivery was late,Negative,Card,Mirpur
29,2025-07-22,Tuesday,7,1009,Biryani,Main Course,5,320,1600,24,5,19,5,Excellent food and fast service,Positive,Cash,Dhanmondi
30,2025-10-03,Friday,10,1900,Fried Rice,Main Course,5,280,1400,14,5,9,3,Food was cold,Negative,Bkash,Mirpur
31,2025-03-22,Saturday,3,1306,Sandwich,Fast Food,5,220,1100,10,5,5,2,Acceptable,Neutral,Card,Mirpur
32,2025-03-01,Saturday,3,1734,Pizza,Fast Food,3,550,1650,16,3,13,4,Very tasty and fresh,Positive,Card,Mirpur
33,2025-09-16,Tuesday,9,1849,Sandwich,Fast Food,5,220,1100,11,5,6,4,Highly recommended,Positive,Cash,Dhanmondi
34,2025-06-20,Friday,6,1722,Biryani,Main Course,5,320,1600,15,5,10,5,Acceptable,Neutral,Cash,Dhanmondi
35,2025-02-08,Saturday,2,1440,Biryani,Main Course,1,320,320,17,1,16,3,Very tasty and fresh,Positive,Cash,Mirpur
36,2025-07-06,Sunday,7,1362,Burger,Fast Food,6,250,1500,17,6,11,5,Average taste,Neutral,Card,Uttara
37,2025-03-25,Tuesday,3,1801,Biryani,Main Course,7,320,2240,12,7,5,5,Loved the food,Positive,Card,Mirpur
38,2025-03-23,Sunday,3,1204,Pizza,Fast Food,7,550,3850,13,7,6,5,Delivery was late,Negative,Bkash,Mirpur
39,2025-04-27,Sunday,4,1885,Fried Rice,Main Course,1,280,280,12,1,11,2,Loved the food,Positive,Bkash,Mirpur
40,2025-11-25,Tuesday,11,1898,Noodles,Main Course,7,260,1820,22,7,15,4,Food was cold,Negative,Card,Mirpur
41,2025-01-20,Monday,1,1446,Pizza,Fast Food,7,550,3850,23,7,16,2,Service was normal,Neutral,Nagad,Uttara
42,2025-05-11,Sunday,5,1703,Burger,Fast Food,7,250,1750,12,7,5,3,Amazing quality,Positive,Bkash,Banani
43,2025-02-05,Wednesday,2,1519,Coffee,Beverage,6,180,1080,14,6,8,4,Service was normal,Neutral,Nagad,Mirpur
44,2025-07-26,Saturday,7,1693,Pasta,Main Course,3,350,1050,14,3,11,3,Highly recommended,Positive,Bkash,Banani
45,2025-10-08,Wednesday,10,1621,Burger,Fast Food,5,250,1250,19,5,14,4,Amazing quality,Positive,Nagad,Banani
46,2025-08-15,Friday,8,1527,Fried Rice,Main Course,8,280,2240,18,8,10,4,Service was normal,Neutral,Cash,Uttara
47,2025-12-11,Thursday,12,1250,Pasta,Main Course,4,350,1400,15,4,11,5,Excellent food and fast service,Positive,Cash,Banani
48,2025-08-01,Friday,8,1151,Ice Cream,Dessert,4,120,480,21,4,17,2,Very tasty and fresh,Positive,Cash,Banani
49,2025-04-23,Wednesday,4,1467,Biryani,Main Course,8,320,2560,14,8,6,3,Excellent food and fast service,Positive,Nagad,Mirpur
50,2025-08-15,Friday,8,1460,Ice Cream,Dessert,7,120,840,26,7,19,4,Not worth the price,Negative,Card,Mirpur
51,2025-09-24,Wednesday,9,1240,Sandwich,Fast Food,4,220,880,17,4,13,4,Loved the food,Positive,Bkash,Mirpur
52,2025-10-04,Saturday,10,1723,Pizza,Fast Food,3,550,1650,12,3,9,3,Very tasty and fresh,Positive,Cash,Banani
53,2025-07-28,Monday,7,1398,Coffee,Beverage,8,180,1440,26,8,18,2,Highly recommended,Positive,Nagad,Banani
54,2025-01-04,Saturday,1,1551,Coffee,Beverage,5,180,900,22,5,17,3,Not worth the price,Negative,Nagad,Uttara
55,2025-05-20,Tuesday,5,1741,Juice,Beverage,8,150,1200,13,8,5,3,Highly recommended,Positive,Nagad,Uttara
56,2025-11-15,Saturday,11,1085,Noodles,Main Course,1,260,260,18,1,17,5,Excellent food and fast service,Positive,Card,Banani
57,2025-04-04,Friday,4,1334,Burger,Fast Food,5,250,1250,22,5,17,4,Highly recommended,Positive,Nagad,Mirpur
58,2025-08-04,Monday,8,1053,Pasta,Main Course,2,350,700,22,2,20,4,Amazing quality,Positive,Card,Dhanmondi
59,2025-11-30,Sunday,11,1636,Burger,Fast Food,1,250,250,13,1,12,3,Excellent food and fast service,Positive,Card,Uttara
60,2025-08-31,Sunday,8,1171,Pizza,Fast Food,4,550,2200,23,4,19,2,Service was normal,Neutral,Card,Mirpur
61,2025-02-25,Tuesday,2,1406,Ice Cream,Dessert,1,120,120,15,1,14,3,Highly recommended,Positive,Cash,Uttara
62,2025-02-22,Saturday,2,1677,Pasta,Main Course,2,350,700,8,2,6,4,Highly recommended,Positive,Cash,Mirpur
63,2025-01-07,Tuesday,1,1650,Juice,Beverage,8,150,1200,16,8,8,5,Loved the food,Positive,Card,Banani
64,2025-04-01,Tuesday,4,1274,Noodles,Main Course,5,260,1300,25,5,20,4,Amazing quality,Positive,Card,Dhanmondi
65,2025-05-23,Friday,5,1344,Sandwich,Fast Food,4,220,880,23,4,19,2,Highly recommended,Positive,Nagad,Mirpur
66,2025-04-04,Friday,4,1286,Sandwich,Fast Food,4,220,880,20,4,16,4,Service was normal,Neutral,Cash,Uttara
67,2025-02-13,Thursday,2,1707,Fried Rice,Main Course,7,280,1960,27,7,20,5,Very tasty and fresh,Positive,Nagad,Banani
68,2025-01-09,Thursday,1,1313,Pizza,Fast Food,5,550,2750,17,5,12,4,Very tasty and fresh,Positive,Nagad,Mirpur
69,2025-08-06,Wednesday,8,1313,Noodles,Main Course,6,260,1560,22,6,16,4,Service was normal,Neutral,Card,Dhanmondi
70,2025-04-09,Wednesday,4,1283,Coffee,Beverage,2,180,360,12,2,10,4,Highly recommended,Positive,Cash,Uttara
71,2025-06-01,Sunday,6,1129,Fried Rice,Main Course,6,280,1680,16,6,10,4,Amazing quality,Positive,Cash,Dhanmondi
72,2025-10-11,Saturday,10,1587,Pasta,Main Course,3,350,1050,23,3,20,4,Excellent food and fast service,Positive,Nagad,Banani
73,2025-08-14,Thursday,8,1116,Coffee,Beverage,3,180,540,9,3,6,2,Highly recommended,Positive,Nagad,Banani
74,2025-02-07,Friday,2,1971,Ice Cream,Dessert,1,120,120,10,1,9,4,Amazing quality,Positive,Cash,Uttara
75,2025-03-02,Sunday,3,1461,Noodles,Main Course,7,260,1820,19,7,12,5,Nothing special,Neutral,Bkash,Banani
76,2025-06-06,Friday,6,1640,Ice Cream,Dessert,1,120,120,9,1,8,3,Delivery was late,Negative,Bkash,Dhanmondi
77,2025-03-22,Saturday,3,1461,Fried Rice,Main Course,3,280,840,10,3,7,5,Highly recommended,Positive,Bkash,Dhanmondi
78,2025-04-29,Tuesday,4,1946,Pasta,Main Course,5,350,1750,24,5,19,4,Very tasty and fresh,Positive,Card,Banani
79,2025-02-28,Friday,2,1073,Noodles,Main Course,4,260,1040,13,4,9,2,Delivery was late,Negative,Card,Mirpur
80,2025-11-01,Saturday,11,1716,Ice Cream,Dessert,5,120,600,24,5,19,5,Loved the food,Positive,Bkash,Banani
81,2025-08-13,Wednesday,8,1256,Pizza,Fast Food,1,550,550,19,1,18,2,Acceptable,Neutral,Cash,Uttara
82,2025-12-12,Friday,12,1481,Ice Cream,Dessert,1,120,120,14,1,13,5,Very tasty and fresh,Positive,Bkash,Uttara
83,2025-10-27,Monday,10,1341,Juice,Beverage,8,150,1200,15,8,7,4,Highly recommended,Positive,Cash,Uttara
84,2025-06-18,Wednesday,6,1833,Juice,Beverage,8,150,1200,22,8,14,2,Nothing special,Neutral,Nagad,Dhanmondi
85,2025-06-11,Wednesday,6,1885,Pasta,Main Course,6,350,2100,14,6,8,2,Not worth the price,Negative,Nagad,Banani
86,2025-01-28,Tuesday,1,1208,Fried Rice,Main Course,6,280,1680,26,6,20,4,Average taste,Neutral,Card,Mirpur
87,2025-08-13,Wednesday,8,1818,Sandwich,Fast Food,2,220,440,7,2,5,3,Bad experience,Negative,Card,Mirpur
88,2025-10-10,Friday,10,1472,Burger,Fast Food,7,250,1750,14,7,7,2,Excellent food and fast service,Positive,Card,Banani
89,2025-05-30,Friday,5,1249,Noodles,Main Course,5,260,1300,23,5,18,5,Not worth the price,Negative,Card,Banani
90,2025-04-08,Tuesday,4,1348,Ice Cream,Dessert,3,120,360,10,3,7,4,Highly recommended,Positive,Cash,Mirpur
91,2025-06-02,Monday,6,1353,Ice Cream,Dessert,8,120,960,17,8,9,4,Highly recommended,Positive,Nagad,Banani
92,2025-06-14,Saturday,6,1044,Fried Rice,Main Course,4,280,1120,21,4,17,4,Highly recommended,Positive,Nagad,Banani
93,2025-07-17,Thursday,7,1339,Biryani,Main Course,8,320,2560,14,8,6,2,Amazing quality,Positive,Nagad,Dhanmondi
94,2025-09-27,Saturday,9,1076,Sandwich,Fast Food,1,220,220,10,1,9,5,Very tasty and fresh,Positive,Bkash,Mirpur
95,2025-11-16,Sunday,11,1389,Juice,Beverage,2,150,300,17,2,15,4,Bad experience,Negative,Nagad,Dhanmondi
96,2025-11-13,Thursday,11,1444,Pizza,Fast Food,4,550,2200,18,4,14,2,Food was cold,Negative,Cash,Banani
97,2025-03-27,Thursday,3,1300,Pasta,Main Course,1,350,350,7,1,6,4,Excellent food and fast service,Positive,Bkash,Banani
98,2025-03-16,Sunday,3,1624,Fried Rice,Main Course,7,280,1960,17,7,10,5,Excellent food and fast service,Positive,Card,Banani
99,2025-10-26,Sunday,10,1261,Biryani,Main Course,4,320,1280,23,4,19,2,Nothing special,Neutral,Nagad,Mirpur
100,2025-12-13,Saturday,12,1601,Noodles,Main Course,3,260,780,10,3,7,4,Loved the food,Positive,Nagad,Mirpur
101,2025-08-22,Friday,8,1242,Pasta,Main Course,4,350,1400,21,4,17,5,Food was cold,Negative,Bkash,Mirpur
102,2025-12-25,Thursday,12,1885,Pasta,Main Course,1,350,350,18,1,17,2,Amazing quality,Positive,Nagad,Mirpur
103,2025-04-28,Monday,4,1256,Ice Cream,Dessert,6,120,720,18,6,12,3,Acceptable,Neutral,Cash,Dhanmondi
104,2025-06-08,Sunday,6,1931,Sandwich,Fast Food,1,220,220,17,1,16,4,Average taste,Neutral,Bkash,Banani
105,2025-03-31,Monday,3,1850,Fried Rice,Main Course,3,280,840,19,3,16,3,Loved the food,Positive,Bkash,Banani
106,2025-06-01,Sunday,6,1772,Coffee,Beverage,2,180,360,21,2,19,3,Delivery was late,Negative,Nagad,Mirpur
107,2025-02-16,Sunday,2,1377,Juice,Beverage,1,150,150,14,1,13,4,Highly recommended,Positive,Nagad,Mirpur
108,2025-02-25,Tuesday,2,1335,Fried Rice,Main Course,8,280,2240,13,8,5,3,Acceptable,Neutral,Cash,Banani
109,2025-12-25,Thursday,12,1311,Pasta,Main Course,7,350,2450,15,7,8,5,Excellent food and fast service,Positive,Cash,Dhanmondi
110,2025-05-01,Thursday,5,1429,Noodles,Main Course,3,260,780,20,3,17,3,Amazing quality,Positive,Nagad,Dhanmondi
111,2025-09-08,Monday,9,1222,Ice Cream,Dessert,7,120,840,20,7,13,5,Loved the food,Positive,Nagad,Uttara
112,2025-07-05,Saturday,7,1194,Pizza,Fast Food,6,550,3300,22,6,16,2,Loved the food,Positive,Nagad,Dhanmondi
113,2025-12-06,Saturday,12,1128,Fried Rice,Main Course,1,280,280,7,1,6,3,It was okay,Neutral,Cash,Uttara
114,2025-10-28,Tuesday,10,1002,Fried Rice,Main Course,4,280,1120,19,4,15,4,Acceptable,Neutral,Card,Uttara
115,2025-10-04,Saturday,10,1134,Pasta,Main Course,3,350,1050,11,3,8,2,Average taste,Neutral,Bkash,Uttara
116,2025-10-29,Wednesday,10,1759,Coffee,Beverage,1,180,180,11,1,10,5,Very tasty and fresh,Positive,Cash,Dhanmondi
117,2025-09-01,Monday,9,1968,Sandwich,Fast Food,6,220,1320,14,6,8,2,Very tasty and fresh,Positive,Bkash,Banani
118,2025-11-26,Wednesday,11,1702,Burger,Fast Food,1,250,250,21,1,20,2,Not worth the price,Negative,Nagad,Banani
119,2025-02-07,Friday,2,1639,Pizza,Fast Food,6,550,3300,15,6,9,4,Loved the food,Positive,Nagad,Mirpur
120,2025-08-21,Thursday,8,1873,Noodles,Main Course,7,260,1820,15,7,8,3,Average taste,Neutral,Nagad,Banani
121,2025-04-27,Sunday,4,1320,Juice,Beverage,6,150,900,25,6,19,5,Excellent food and fast service,Positive,Bkash,Mirpur
122,2025-07-11,Friday,7,1095,Biryani,Main Course,8,320,2560,15,8,7,5,Excellent food and fast service,Positive,Cash,Mirpur
123,2025-03-08,Saturday,3,1362,Noodles,Main Course,1,260,260,16,1,15,5,Nothing special,Neutral,Cash,Mirpur
124,2025-11-04,Tuesday,11,1158,Pasta,Main Course,6,350,2100,14,6,8,5,Very tasty and fresh,Positive,Card,Dhanmondi
125,2025-06-29,Sunday,6,1231,Noodles,Main Course,6,260,1560,14,6,8,5,Acceptable,Neutral,Cash,Mirpur
126,2025-01-15,Wednesday,1,1006,Biryani,Main Course,5,320,1600,19,5,14,3,Too salty,Negative,Card,Banani
127,2025-02-05,Wednesday,2,1385,Biryani,Main Course,1,320,320,8,1,7,5,It was okay,Neutral,Nagad,Mirpur
128,2025-03-22,Saturday,3,1610,Coffee,Beverage,5,180,900,20,5,15,2,Acceptable,Neutral,Cash,Uttara
129,2025-03-22,Saturday,3,1497,Ice Cream,Dessert,1,120,120,8,1,7,5,Highly recommended,Positive,Nagad,Mirpur
130,2025-04-21,Monday,4,1694,Noodles,Main Course,2,260,520,18,2,16,5,Loved the food,Positive,Bkash,Dhanmondi
131,2025-04-23,Wednesday,4,1785,Juice,Beverage,1,150,150,6,1,5,3,Very tasty and fresh,Positive,Bkash,Mirpur
132,2025-06-17,Tuesday,6,1132,Pizza,Fast Food,1,550,550,21,1,20,5,It was okay,Neutral,Card,Mirpur
133,2025-02-06,Thursday,2,1882,Juice,Beverage,1,150,150,19,1,18,4,Excellent food and fast service,Positive,Nagad,Banani
134,2025-12-30,Tuesday,12,1175,Juice,Beverage,5,150,750,13,5,8,5,Loved the food,Positive,Bkash,Dhanmondi
135,2025-08-12,Tuesday,8,1080,Pizza,Fast Food,4,550,2200,22,4,18,5,Amazing quality,Positive,Bkash,Mirpur
136,2025-04-24,Thursday,4,1543,Coffee,Beverage,3,180,540,10,3,7,3,Excellent food and fast service,Positive,Bkash,Mirpur
137,2025-11-27,Thursday,11,1177,Biryani,Main Course,4,320,1280,12,4,8,3,Very tasty and fresh,Positive,Cash,Uttara
138,2025-11-18,Tuesday,11,1658,Sandwich,Fast Food,8,220,1760,27,8,19,4,Acceptable,Neutral,Bkash,Uttara
139,2025-08-14,Thursday,8,1605,Pizza,Fast Food,8,550,4400,27,8,19,2,Service was normal,Neutral,Bkash,Dhanmondi
140,2025-06-08,Sunday,6,1078,Sandwich,Fast Food,8,220,1760,14,8,6,2,Loved the food,Positive,Nagad,Banani
141,2025-10-25,Saturday,10,1667,Noodles,Main Course,1,260,260,20,1,19,3,Bad experience,Negative,Bkash,Banani
142,2025-09-14,Sunday,9,1731,Biryani,Main Course,1,320,320,20,1,19,2,Loved the food,Positive,Card,Dhanmondi
143,2025-05-07,Wednesday,5,1396,Sandwich,Fast Food,8,220,1760,18,8,10,5,Loved the food,Positive,Bkash,Dhanmondi
144,2025-11-20,Thursday,11,1290,Coffee,Beverage,2,180,360,17,2,15,4,Highly recommended,Positive,Card,Mirpur
145,2025-02-11,Tuesday,2,1132,Ice Cream,Dessert,3,120,360,19,3,16,2,Highly recommended,Positive,Bkash,Banani
146,2025-11-26,Wednesday,11,1520,Coffee,Beverage,3,180,540,10,3,7,4,Nothing special,Neutral,Cash,Mirpur
147,2025-06-08,Sunday,6,1196,Biryani,Main Course,4,320,1280,19,4,15,3,Not worth the price,Negative,Card,Uttara
148,2025-02-09,Sunday,2,1134,Pasta,Main Course,2,350,700,8,2,6,5,Acceptable,Neutral,Card,Uttara
149,2025-04-03,Thursday,4,1692,Ice Cream,Dessert,3,120,360,22,3,19,3,Loved the food,Positive,Nagad,Mirpur
150,2025-08-18,Monday,8,1925,Fried Rice,Main Course,4,280,1120,18,4,14,3,Not worth the price,Negative,Bkash,Banani
151,2025-08-25,Monday,8,1820,Pasta,Main Course,7,350,2450,25,7,18,3,Delivery was late,Negative,Bkash,Dhanmondi
152,2025-11-25,Tuesday,11,1871,Sandwich,Fast Food,6,220,1320,14,6,8,2,Acceptable,Neutral,Bkash,Dhanmondi
153,2025-03-24,Monday,3,1969,Pasta,Main Course,8,350,2800,17,8,9,3,Food was cold,Negative,Nagad,Mirpur
154,2025-01-14,Tuesday,1,1395,Juice,Beverage,1,150,150,18,1,17,2,Very tasty and fresh,Positive,Bkash,Uttara
155,2025-01-15,Wednesday,1,1039,Coffee,Beverage,2,180,360,17,2,15,4,It was okay,Neutral,Nagad,Uttara
156,2025-12-28,Sunday,12,1262,Sandwich,Fast Food,8,220,1760,13,8,5,3,Food was cold,Negative,Card,Banani
157,2025-02-26,Wednesday,2,1429,Pasta,Main Course,4,350,1400,18,4,14,5,Very tasty and fresh,Positive,Cash,Dhanmondi
158,2025-09-13,Saturday,9,1439,Ice Cream,Dessert,1,120,120,13,1,12,2,Service was normal,Neutral,Bkash,Uttara
159,2025-10-20,Monday,10,1069,Juice,Beverage,3,150,450,10,3,7,2,Loved the food,Positive,Nagad,Banani
160,2025-01-23,Thursday,1,1807,Juice,Beverage,6,150,900,19,6,13,2,Service was normal,Neutral,Bkash,Uttara
161,2025-12-03,Wednesday,12,1346,Pizza,Fast Food,6,550,3300,15,6,9,3,Amazing quality,Positive,Nagad,Banani
162,2025-11-20,Thursday,11,1037,Biryani,Main Course,3,320,960,10,3,7,4,Nothing special,Neutral,Card,Dhanmondi
163,2025-04-13,Sunday,4,1484,Burger,Fast Food,6,250,1500,20,6,14,4,Amazing quality,Positive,Cash,Uttara
164,2025-05-27,Tuesday,5,1447,Coffee,Beverage,1,180,180,16,1,15,5,Loved the food,Positive,Nagad,Banani
165,2025-06-23,Monday,6,1273,Biryani,Main Course,8,320,2560,28,8,20,2,Amazing quality,Positive,Nagad,Dhanmondi
166,2025-08-09,Saturday,8,1335,Ice Cream,Dessert,3,120,360,17,3,14,4,Excellent food and fast service,Positive,Bkash,Banani
167,2025-11-05,Wednesday,11,1744,Juice,Beverage,3,150,450,22,3,19,4,Excellent food and fast service,Positive,Nagad,Mirpur
168,2025-11-24,Monday,11,1975,Burger,Fast Food,2,250,500,19,2,17,2,Very tasty and fresh,Positive,Card,Banani
169,2025-01-18,Saturday,1,1370,Biryani,Main Course,2,320,640,14,2,12,5,Service was normal,Neutral,Cash,Uttara
170,2025-12-14,Sunday,12,1587,Sandwich,Fast Food,6,220,1320,22,6,16,3,Excellent food and fast service,Positive,Bkash,Banani
171,2025-06-10,Tuesday,6,1511,Pasta,Main Course,4,350,1400,12,4,8,5,Very tasty and fresh,Positive,Cash,Mirpur
172,2025-05-14,Wednesday,5,1204,Sandwich,Fast Food,4,220,880,18,4,14,2,Nothing special,Neutral,Card,Dhanmondi
173,2025-08-20,Wednesday,8,1683,Biryani,Main Course,8,320,2560,15,8,7,4,Too salty,Negative,Cash,Mirpur
174,2025-06-03,Tuesday,6,1205,Biryani,Main Course,3,320,960,19,3,16,3,Excellent food and fast service,Positive,Card,Banani
175,2025-01-14,Tuesday,1,1132,Coffee,Beverage,6,180,1080,25,6,19,2,Bad experience,Negative,Cash,Mirpur
176,2025-07-23,Wednesday,7,1128,Sandwich,Fast Food,7,220,1540,25,7,18,4,Food was cold,Negative,Cash,Banani
177,2025-08-27,Wednesday,8,1655,Noodles,Main Course,6,260,1560,15,6,9,3,Bad experience,Negative,Card,Banani
178,2025-09-15,Monday,9,1330,Burger,Fast Food,2,250,500,11,2,9,3,Very tasty and fresh,Positive,Bkash,Mirpur
179,2025-02-10,Monday,2,1629,Pasta,Main Course,4,350,1400,17,4,13,2,Loved the food,Positive,Card,Uttara
180,2025-03-29,Saturday,3,1083,Ice Cream,Dessert,6,120,720,12,6,6,2,Food was cold,Negative,Bkash,Uttara
181,2025-10-20,Monday,10,1296,Juice,Beverage,1,150,150,21,1,20,4,Bad experience,Negative,Nagad,Uttara
182,2025-12-17,Wednesday,12,1161,Juice,Beverage,5,150,750,24,5,19,5,Excellent food and fast service,Positive,Nagad,Banani
183,2025-08-26,Tuesday,8,1751,Fried Rice,Main Course,6,280,1680,15,6,9,4,Loved the food,Positive,Nagad,Uttara
184,2025-07-09,Wednesday,7,1273,Noodles,Main Course,2,260,520,17,2,15,5,Excellent food and fast service,Positive,Card,Uttara
185,2025-02-19,Wednesday,2,1254,Burger,Fast Food,5,250,1250,22,5,17,3,Not worth the price,Negative,Bkash,Mirpur
186,2025-04-08,Tuesday,4,1509,Biryani,Main Course,8,320,2560,27,8,19,2,Loved the food,Positive,Cash,Banani
187,2025-09-16,Tuesday,9,1051,Sandwich,Fast Food,4,220,880,15,4,11,4,Excellent food and fast service,Positive,Nagad,Banani
188,2025-05-27,Tuesday,5,1744,Noodles,Main Course,1,260,260,9,1,8,4,Loved the food,Positive,Nagad,Mirpur
189,2025-01-24,Friday,1,1075,Juice,Beverage,1,150,150,12,1,11,5,Loved the food,Positive,Nagad,Mirpur
190,2025-11-16,Sunday,11,1382,Ice Cream,Dessert,2,120,240,11,2,9,4,Not worth the price,Negative,Bkash,Uttara
191,2025-04-12,Saturday,4,1730,Ice Cream,Dessert,7,120,840,13,7,6,4,Very tasty and fresh,Positive,Nagad,Banani
192,2025-03-18,Tuesday,3,1166,Ice Cream,Dessert,3,120,360,18,3,15,5,Too salty,Negative,Bkash,Mirpur
193,2025-09-17,Wednesday,9,1377,Noodles,Main Course,8,260,2080,22,8,14,4,Excellent food and fast service,Positive,Cash,Banani
194,2025-10-26,Sunday,10,1591,Pasta,Main Course,1,350,350,21,1,20,3,Amazing quality,Positive,Cash,Banani
195,2025-03-29,Saturday,3,1032,Noodles,Main Course,7,260,1820,16,7,9,2,Delivery was late,Negative,Card,Dhanmondi
196,2025-08-14,Thursday,8,1420,Coffee,Beverage,7,180,1260,16,7,9,5,Very tasty and fresh,Positive,Cash,Uttara
197,2025-09-23,Tuesday,9,1979,Fried Rice,Main Course,6,280,1680,26,6,20,3,Loved the food,Positive,Nagad,Mirpur
198,2025-10-07,Tuesday,10,1285,Coffee,Beverage,5,180,900,25,5,20,4,Very tasty and fresh,Positive,Card,Mirpur
199,2025-05-28,Wednesday,5,1956,Fried Rice,Main Course,8,280,2240,23,8,15,4,Amazing quality,Positive,Bkash,Dhanmondi
200,2025-10-21,Tuesday,10,1297,Noodles,Main Course,7,260,1820,24,7,17,2,Delivery was late,Negative,Bkash,Dhanmondi
201,2025-06-27,Friday,6,1277,Sandwich,Fast Food,5,220,1100,25,5,20,4,Amazing quality,Positive,Card,Dhanmondi
202,2025-11-12,Wednesday,11,1231,Ice Cream,Dessert,4,120,480,16,4,12,3,Amazing quality,Positive,Cash,Dhanmondi
203,2025-07-31,Thursday,7,1005,Coffee,Beverage,8,180,1440,16,8,8,3,It was okay,Neutral,Nagad,Banani
204,2025-09-02,Tuesday,9,1929,Fried Rice,Main Course,5,280,1400,20,5,15,2,Excellent food and fast service,Positive,Card,Dhanmondi
205,2025-03-31,Monday,3,1806,Juice,Beverage,3,150,450,9,3,6,5,Not worth the price,Negative,Card,Mirpur
206,2025-01-20,Monday,1,1291,Burger,Fast Food,5,250,1250,13,5,8,5,Too salty,Negative,Nagad,Uttara
207,2025-09-16,Tuesday,9,1166,Sandwich,Fast Food,5,220,1100,16,5,11,5,Too salty,Negative,Bkash,Uttara
208,2025-01-08,Wednesday,1,1846,Coffee,Beverage,5,180,900,16,5,11,5,Highly recommended,Positive,Bkash,Dhanmondi
209,2025-07-25,Friday,7,1006,Pizza,Fast Food,3,550,1650,12,3,9,4,Very tasty and fresh,Positive,Nagad,Uttara
210,2025-08-17,Sunday,8,1011,Pasta,Main Course,6,350,2100,20,6,14,4,Amazing quality,Positive,Bkash,Uttara
211,2025-02-01,Saturday,2,1945,Pizza,Fast Food,8,550,4400,22,8,14,4,Amazing quality,Positive,Cash,Mirpur
212,2025-07-08,Tuesday,7,1156,Ice Cream,Dessert,4,120,480,16,4,12,5,Not worth the price,Negative,Bkash,Banani
213,2025-12-26,Friday,12,1894,Noodles,Main Course,8,260,2080,19,8,11,2,Acceptable,Neutral,Nagad,Mirpur
214,2025-02-09,Sunday,2,1207,Ice Cream,Dessert,2,120,240,8,2,6,3,Bad experience,Negative,Card,Mirpur
215,2025-09-24,Wednesday,9,1093,Sandwich,Fast Food,2,220,440,13,2,11,5,Nothing special,Neutral,Cash,Banani
216,2025-03-09,Sunday,3,1473,Noodles,Main Course,7,260,1820,26,7,19,4,Amazing quality,Positive,Cash,Banani
217,2025-05-11,Sunday,5,1717,Burger,Fast Food,4,250,1000,11,4,7,2,Loved the food,Positive,Cash,Dhanmondi
218,2025-08-30,Saturday,8,1784,Burger,Fast Food,5,250,1250,23,5,18,5,Very tasty and fresh,Positive,Bkash,Banani
219,2025-08-18,Monday,8,1136,Juice,Beverage,7,150,1050,14,7,7,4,Acceptable,Neutral,Cash,Uttara
220,2025-10-03,Friday,10,1305,Juice,Beverage,3,150,450,15,3,12,5,Food was cold,Negative,Nagad,Banani
221,2025-04-28,Monday,4,1959,Fried Rice,Main Course,8,280,2240,24,8,16,2,Very tasty and fresh,Positive,Cash,Banani
222,2025-11-11,Tuesday,11,1034,Burger,Fast Food,4,250,1000,15,4,11,5,Amazing quality,Positive,Cash,Uttara
223,2025-01-23,Thursday,1,1143,Juice,Beverage,8,150,1200,20,8,12,4,Excellent food and fast service,Positive,Card,Mirpur
224,2025-10-23,Thursday,10,1676,Ice Cream,Dessert,6,120,720,18,6,12,3,Very tasty and fresh,Positive,Nagad,Mirpur
225,2025-05-21,Wednesday,5,1995,Burger,Fast Food,3,250,750,21,3,18,4,Excellent food and fast service,Positive,Nagad,Mirpur
226,2025-12-23,Tuesday,12,1772,Juice,Beverage,7,150,1050,16,7,9,5,Very tasty and fresh,Positive,Card,Uttara
227,2025-06-03,Tuesday,6,1570,Biryani,Main Course,8,320,2560,14,8,6,3,Highly recommended,Positive,Nagad,Uttara
228,2025-05-11,Sunday,5,1094,Fried Rice,Main Course,6,280,1680,13,6,7,3,Too salty,Negative,Cash,Mirpur
229,2025-07-13,Sunday,7,1741,Ice Cream,Dessert,1,120,120,8,1,7,3,Amazing quality,Positive,Nagad,Uttara
230,2025-06-20,Friday,6,1764,Pasta,Main Course,1,350,350,12,1,11,5,Food was cold,Negative,Card,Uttara
231,2025-07-23,Wednesday,7,1664,Fried Rice,Main Course,6,280,1680,20,6,14,4,Amazing quality,Positive,Bkash,Mirpur
232,2025-07-04,Friday,7,1779,Noodles,Main Course,8,260,2080,27,8,19,4,Highly recommended,Positive,Card,Mirpur
233,2025-06-10,Tuesday,6,1267,Juice,Beverage,1,150,150,13,1,12,5,Average taste,Neutral,Bkash,Uttara
234,2025-04-11,Friday,4,1511,Coffee,Beverage,4,180,720,21,4,17,4,Very tasty and fresh,Positive,Bkash,Banani
235,2025-11-25,Tuesday,11,1173,Sandwich,Fast Food,8,220,1760,18,8,10,3,Service was normal,Neutral,Nagad,Uttara
236,2025-10-05,Sunday,10,1782,Burger,Fast Food,1,250,250,8,1,7,2,Food was cold,Negative,Nagad,Uttara
237,2025-11-19,Wednesday,11,1466,Fried Rice,Main Course,2,280,560,11,2,9,4,Amazing quality,Positive,Cash,Banani
238,2025-12-04,Thursday,12,1012,Sandwich,Fast Food,1,220,220,6,1,5,2,Highly recommended,Positive,Bkash,Mirpur
239,2025-01-09,Thursday,1,1536,Noodles,Main Course,7,260,1820,17,7,10,3,Excellent food and fast service,Positive,Card,Uttara
240,2025-11-14,Friday,11,1080,Noodles,Main Course,5,260,1300,21,5,16,4,Highly recommended,Positive,Nagad,Banani
241,2025-10-17,Friday,10,1669,Fried Rice,Main Course,4,280,1120,18,4,14,2,Average taste,Neutral,Cash,Banani
242,2025-07-14,Monday,7,1084,Juice,Beverage,8,150,1200,14,8,6,5,It was okay,Neutral,Nagad,Mirpur
243,2025-10-17,Friday,10,1486,Pizza,Fast Food,1,550,550,13,1,12,4,Amazing quality,Positive,Cash,Dhanmondi
244,2025-12-17,Wednesday,12,1016,Pasta,Main Course,1,350,350,11,1,10,3,Too salty,Negative,Card,Banani
245,2025-02-09,Sunday,2,1693,Pasta,Main Course,3,350,1050,15,3,12,4,Highly recommended,Positive,Nagad,Uttara
246,2025-12-19,Friday,12,1858,Pizza,Fast Food,6,550,3300,12,6,6,2,Very tasty and fresh,Positive,Bkash,Banani
247,2025-06-17,Tuesday,6,1566,Burger,Fast Food,5,250,1250,24,5,19,5,Loved the food,Positive,Nagad,Uttara
248,2025-12-15,Monday,12,1817,Ice Cream,Dessert,7,120,840,14,7,7,3,Service was normal,Neutral,Cash,Dhanmondi
249,2025-05-18,Sunday,5,1369,Biryani,Main Course,7,320,2240,16,7,9,2,Service was normal,Neutral,Cash,Dhanmondi
250,2025-06-07,Saturday,6,1191,Sandwich,Fast Food,6,220,1320,19,6,13,5,Excellent food and fast service,Positive,Nagad,Banani
251,2025-02-22,Saturday,2,1612,Burger,Fast Food,2,250,500,18,2,16,4,Amazing quality,Positive,Nagad,Dhanmondi
252,2025-05-30,Friday,5,1926,Juice,Beverage,7,150,1050,14,7,7,3,Acceptable,Neutral,Card,Banani
253,2025-03-28,Friday,3,1064,Biryani,Main Course,5,320,1600,19,5,14,3,Very tasty and fresh,Positive,Nagad,Mirpur
254,2025-08-04,Monday,8,1738,Pasta,Main Course,8,350,2800,15,8,7,5,Very tasty and fresh,Positive,Card,Banani
255,2025-02-24,Monday,2,1861,Biryani,Main Course,5,320,1600,10,5,5,5,Too salty,Negative,Bkash,Banani
256,2025-06-21,Saturday,6,1490,Juice,Beverage,3,150,450,17,3,14,4,Very tasty and fresh,Positive,Card,Banani
257,2025-06-13,Friday,6,1836,Pasta,Main Course,8,350,2800,20,8,12,5,Loved the food,Positive,Bkash,Dhanmondi
258,2025-10-16,Thursday,10,1965,Fried Rice,Main Course,3,280,840,8,3,5,3,Not worth the price,Negative,Nagad,Mirpur
259,2025-12-21,Sunday,12,1247,Pizza,Fast Food,7,550,3850,27,7,20,4,Loved the food,Positive,Card,Banani
260,2025-07-13,Sunday,7,1518,Pizza,Fast Food,8,550,4400,28,8,20,5,Amazing quality,Positive,Cash,Mirpur
261,2025-12-26,Friday,12,1170,Noodles,Main Course,2,260,520,10,2,8,2,Service was normal,Neutral,Nagad,Mirpur
262,2025-08-09,Saturday,8,1764,Pizza,Fast Food,1,550,550,9,1,8,3,Amazing quality,Positive,Nagad,Mirpur
263,2025-07-20,Sunday,7,1107,Sandwich,Fast Food,3,220,660,19,3,16,4,Not worth the price,Negative,Nagad,Dhanmondi
264,2025-03-01,Saturday,3,1533,Biryani,Main Course,6,320,1920,20,6,14,5,Very tasty and fresh,Positive,Bkash,Banani
265,2025-02-19,Wednesday,2,1829,Sandwich,Fast Food,8,220,1760,23,8,15,2,Excellent food and fast service,Positive,Cash,Mirpur
266,2025-11-28,Friday,11,1163,Pizza,Fast Food,3,550,1650,15,3,12,4,Amazing quality,Positive,Nagad,Banani
267,2025-04-29,Tuesday,4,1405,Juice,Beverage,3,150,450,13,3,10,2,Nothing special,Neutral,Card,Banani
268,2025-10-31,Friday,10,1285,Juice,Beverage,7,150,1050,12,7,5,2,It was okay,Neutral,Cash,Uttara
269,2025-07-07,Monday,7,1540,Coffee,Beverage,4,180,720,23,4,19,4,Highly recommended,Positive,Nagad,Banani
270,2025-10-28,Tuesday,10,1176,Pizza,Fast Food,6,550,3300,22,6,16,4,Bad experience,Negative,Cash,Uttara
271,2025-06-10,Tuesday,6,1710,Pizza,Fast Food,4,550,2200,18,4,14,3,Loved the food,Positive,Nagad,Banani
272,2025-11-02,Sunday,11,1710,Biryani,Main Course,7,320,2240,25,7,18,3,Amazing quality,Positive,Card,Banani
273,2025-05-28,Wednesday,5,1054,Biryani,Main Course,3,320,960,18,3,15,4,Bad experience,Negative,Cash,Banani
274,2025-03-11,Tuesday,3,1425,Fried Rice,Main Course,7,280,1960,27,7,20,5,Highly recommended,Positive,Nagad,Uttara
275,2025-02-12,Wednesday,2,1230,Ice Cream,Dessert,1,120,120,13,1,12,4,Loved the food,Positive,Card,Banani
276,2025-10-17,Friday,10,1843,Sandwich,Fast Food,2,220,440,10,2,8,4,Amazing quality,Positive,Cash,Banani
277,2025-10-07,Tuesday,10,1304,Fried Rice,Main Course,7,280,1960,15,7,8,2,It was okay,Neutral,Nagad,Mirpur
278,2025-06-28,Saturday,6,1214,Pizza,Fast Food,8,550,4400,16,8,8,4,It was okay,Neutral,Nagad,Uttara
279,2025-11-12,Wednesday,11,1359,Biryani,Main Course,4,320,1280,15,4,11,4,Bad experience,Negative,Card,Mirpur
280,2025-12-27,Saturday,12,1921,Pasta,Main Course,5,350,1750,18,5,13,2,Bad experience,Negative,Card,Banani
281,2025-01-31,Friday,1,1848,Pasta,Main Course,3,350,1050,12,3,9,3,Loved the food,Positive,Nagad,Banani
282,2025-03-14,Friday,3,1648,Ice Cream,Dessert,5,120,600,23,5,18,2,Excellent food and fast service,Positive,Nagad,Mirpur
283,2025-12-22,Monday,12,1889,Coffee,Beverage,8,180,1440,28,8,20,2,Excellent food and fast service,Positive,Nagad,Mirpur
284,2025-02-02,Sunday,2,1506,Noodles,Main Course,7,260,1820,18,7,11,4,Delivery was late,Negative,Bkash,Mirpur
285,2025-06-22,Sunday,6,1047,Noodles,Main Course,3,260,780,23,3,20,2,Average taste,Neutral,Nagad,Dhanmondi
286,2025-03-05,Wednesday,3,1207,Biryani,Main Course,8,320,2560,27,8,19,3,Highly recommended,Positive,Bkash,Uttara
287,2025-05-21,Wednesday,5,1053,Pizza,Fast Food,6,550,3300,19,6,13,5,Very tasty and fresh,Positive,Bkash,Uttara
288,2025-08-08,Friday,8,1135,Pizza,Fast Food,2,550,1100,7,2,5,3,Excellent food and fast service,Positive,Nagad,Dhanmondi
289,2025-01-05,Sunday,1,1072,Coffee,Beverage,2,180,360,20,2,18,3,Nothing special,Neutral,Nagad,Dhanmondi
290,2025-02-22,Saturday,2,1391,Pizza,Fast Food,6,550,3300,22,6,16,3,Delivery was late,Negative,Card,Dhanmondi
291,2025-09-29,Monday,9,1643,Ice Cream,Dessert,1,120,120,11,1,10,3,Very tasty and fresh,Positive,Nagad,Banani
292,2025-04-22,Tuesday,4,1747,Pizza,Fast Food,2,550,1100,11,2,9,5,Acceptable,Neutral,Bkash,Banani
293,2025-06-11,Wednesday,6,1566,Biryani,Main Course,4,320,1280,17,4,13,4,It was okay,Neutral,Cash,Mirpur
294,2025-04-16,Wednesday,4,1802,Noodles,Main Course,4,260,1040,21,4,17,3,Excellent food and fast service,Positive,Nagad,Banani
295,2025-02-27,Thursday,2,1369,Fried Rice,Main Course,8,280,2240,15,8,7,4,Excellent food and fast service,Positive,Card,Banani
296,2025-10-19,Sunday,10,1017,Juice,Beverage,6,150,900,16,6,10,2,Average taste,Neutral,Cash,Mirpur
297,2025-04-21,Monday,4,1785,Burger,Fast Food,1,250,250,18,1,17,5,Amazing quality,Positive,Nagad,Banani
298,2025-02-12,Wednesday,2,1523,Noodles,Main Course,3,260,780,16,3,13,3,Excellent food and fast service,Positive,Card,Mirpur
299,2025-07-20,Sunday,7,1059,Ice Cream,Dessert,2,120,240,16,2,14,3,It was okay,Neutral,Cash,Banani
300,2025-03-01,Saturday,3,1122,Sandwich,Fast Food,1,220,220,15,1,14,2,It was okay,Neutral,Card,Dhanmondi
301,2025-03-25,Tuesday,3,1767,Sandwich,Fast Food,6,220,1320,19,6,13,4,Very tasty and fresh,Positive,Cash,Dhanmondi
302,2025-06-21,Saturday,6,1642,Juice,Beverage,5,150,750,12,5,7,2,Amazing quality,Positive,Nagad,Banani
303,2025-09-19,Friday,9,1376,Coffee,Beverage,1,180,180,21,1,20,3,Delivery was late,Negative,Bkash,Dhanmondi
304,2025-10-21,Tuesday,10,1250,Pizza,Fast Food,4,550,2200,9,4,5,2,Excellent food and fast service,Positive,Nagad,Mirpur
305,2025-07-16,Wednesday,7,1229,Biryani,Main Course,3,320,960,9,3,6,4,Highly recommended,Positive,Card,Banani
306,2025-06-13,Friday,6,1183,Pasta,Main Course,2,350,700,18,2,16,3,Excellent food and fast service,Positive,Cash,Banani
307,2025-02-05,Wednesday,2,1467,Sandwich,Fast Food,5,220,1100,19,5,14,2,Amazing quality,Positive,Bkash,Uttara
308,2025-05-30,Friday,5,1995,Ice Cream,Dessert,5,120,600,17,5,12,5,Amazing quality,Positive,Card,Uttara
309,2025-03-19,Wednesday,3,1651,Burger,Fast Food,7,250,1750,12,7,5,2,Loved the food,Positive,Bkash,Dhanmondi
310,2025-12-03,Wednesday,12,1429,Juice,Beverage,5,150,750,13,5,8,5,Very tasty and fresh,Positive,Cash,Uttara
311,2025-12-31,Wednesday,12,1422,Pasta,Main Course,2,350,700,8,2,6,4,Bad experience,Negative,Nagad,Dhanmondi
312,2025-10-25,Saturday,10,1063,Pizza,Fast Food,3,550,1650,20,3,17,5,Amazing quality,Positive,Card,Uttara
313,2025-05-30,Friday,5,1325,Pasta,Main Course,6,350,2100,23,6,17,5,Service was normal,Neutral,Bkash,Uttara
314,2025-02-08,Saturday,2,1460,Fried Rice,Main Course,3,280,840,11,3,8,5,Very tasty and fresh,Positive,Bkash,Banani
315,2025-03-03,Monday,3,1271,Noodles,Main Course,6,260,1560,17,6,11,2,Highly recommended,Positive,Cash,Uttara
316,2025-12-18,Thursday,12,1151,Pasta,Main Course,1,350,350,12,1,11,2,Too salty,Negative,Card,Mirpur
317,2025-07-22,Tuesday,7,1031,Noodles,Main Course,1,260,260,15,1,14,5,Very tasty and fresh,Positive,Nagad,Uttara
318,2025-02-18,Tuesday,2,1850,Sandwich,Fast Food,2,220,440,11,2,9,3,Excellent food and fast service,Positive,Card,Uttara
319,2025-07-25,Friday,7,1022,Coffee,Beverage,2,180,360,15,2,13,2,Food was cold,Negative,Card,Banani
320,2025-03-07,Friday,3,1051,Pizza,Fast Food,6,550,3300,14,6,8,3,Highly recommended,Positive,Nagad,Banani
321,2025-09-12,Friday,9,1930,Burger,Fast Food,7,250,1750,25,7,18,3,Very tasty and fresh,Positive,Bkash,Mirpur
322,2025-08-17,Sunday,8,1421,Biryani,Main Course,1,320,320,13,1,12,5,Nothing special,Neutral,Cash,Dhanmondi
323,2025-05-24,Saturday,5,1255,Juice,Beverage,3,150,450,21,3,18,2,Amazing quality,Positive,Nagad,Mirpur
324,2025-09-03,Wednesday,9,1329,Noodles,Main Course,8,260,2080,24,8,16,5,Bad experience,Negative,Bkash,Uttara
325,2025-01-14,Tuesday,1,1059,Coffee,Beverage,4,180,720,9,4,5,5,Too salty,Negative,Bkash,Uttara
326,2025-03-23,Sunday,3,1782,Pizza,Fast Food,4,550,2200,16,4,12,3,Excellent food and fast service,Positive,Nagad,Mirpur
327,2025-03-30,Sunday,3,1935,Biryani,Main Course,4,320,1280,19,4,15,2,Too salty,Negative,Bkash,Uttara
328,2025-10-16,Thursday,10,1092,Fried Rice,Main Course,8,280,2240,22,8,14,2,Excellent food and fast service,Positive,Card,Uttara
329,2025-01-11,Saturday,1,1206,Noodles,Main Course,8,260,2080,13,8,5,3,Amazing quality,Positive,Bkash,Uttara
330,2025-06-15,Sunday,6,1792,Burger,Fast Food,1,250,250,10,1,9,2,Very tasty and fresh,Positive,Bkash,Dhanmondi
331,2025-07-11,Friday,7,1999,Juice,Beverage,2,150,300,17,2,15,3,Very tasty and fresh,Positive,Nagad,Banani
332,2025-11-29,Saturday,11,1834,Coffee,Beverage,3,180,540,19,3,16,3,Amazing quality,Positive,Nagad,Mirpur
333,2025-12-19,Friday,12,1400,Pasta,Main Course,3,350,1050,13,3,10,2,Acceptable,Neutral,Card,Mirpur
334,2025-11-10,Monday,11,1243,Fried Rice,Main Course,2,280,560,22,2,20,4,Excellent food and fast service,Positive,Bkash,Uttara
335,2025-11-22,Saturday,11,1255,Pizza,Fast Food,6,550,3300,25,6,19,2,Very tasty and fresh,Positive,Bkash,Mirpur
336,2025-02-25,Tuesday,2,1992,Burger,Fast Food,1,250,250,18,1,17,3,Highly recommended,Positive,Nagad,Banani
337,2025-07-13,Sunday,7,1666,Coffee,Beverage,7,180,1260,15,7,8,3,Bad experience,Negative,Card,Banani
338,2025-02-07,Friday,2,1075,Burger,Fast Food,5,250,1250,10,5,5,4,Excellent food and fast service,Positive,Card,Banani
339,2025-03-24,Monday,3,1914,Pizza,Fast Food,2,550,1100,17,2,15,5,Amazing quality,Positive,Cash,Banani
340,2025-12-01,Monday,12,1210,Biryani,Main Course,7,320,2240,17,7,10,3,Loved the food,Positive,Nagad,Mirpur
341,2025-12-05,Friday,12,1585,Pasta,Main Course,5,350,1750,17,5,12,5,Highly recommended,Positive,Card,Dhanmondi
342,2025-07-04,Friday,7,1491,Burger,Fast Food,7,250,1750,14,7,7,3,Amazing quality,Positive,Cash,Dhanmondi
343,2025-04-16,Wednesday,4,1315,Biryani,Main Course,5,320,1600,12,5,7,5,Excellent food and fast service,Positive,Nagad,Banani
344,2025-12-05,Friday,12,1378,Pasta,Main Course,2,350,700,19,2,17,3,Highly recommended,Positive,Nagad,Dhanmondi
345,2025-05-15,Thursday,5,1577,Sandwich,Fast Food,8,220,1760,21,8,13,2,Loved the food,Positive,Card,Dhanmondi
346,2025-02-13,Thursday,2,1838,Coffee,Beverage,7,180,1260,19,7,12,5,Highly recommended,Positive,Nagad,Uttara
347,2025-09-01,Monday,9,1514,Pasta,Main Course,2,350,700,19,2,17,3,Food was cold,Negative,Cash,Banani
348,2025-03-30,Sunday,3,1080,Biryani,Main Course,4,320,1280,15,4,11,5,Highly recommended,Positive,Card,Uttara
349,2025-11-01,Saturday,11,1406,Pasta,Main Course,6,350,2100,13,6,7,4,Amazing quality,Positive,Bkash,Banani
350,2025-01-07,Tuesday,1,1580,Ice Cream,Dessert,7,120,840,15,7,8,2,Very tasty and fresh,Positive,Cash,Dhanmondi
351,2025-05-27,Tuesday,5,1585,Noodles,Main Course,6,260,1560,24,6,18,5,Highly recommended,Positive,Cash,Uttara
352,2025-05-22,Thursday,5,1707,Juice,Beverage,3,150,450,20,3,17,3,Loved the food,Positive,Cash,Banani
353,2025-05-18,Sunday,5,1318,Coffee,Beverage,1,180,180,16,1,15,4,Too salty,Negative,Nagad,Dhanmondi
354,2025-04-27,Sunday,4,1275,Biryani,Main Course,5,320,1600,24,5,19,5,Service was normal,Neutral,Cash,Uttara
355,2025-08-15,Friday,8,1840,Fried Rice,Main Course,7,280,1960,27,7,20,2,Service was normal,Neutral,Card,Dhanmondi
356,2025-06-09,Monday,6,1900,Noodles,Main Course,7,260,1820,16,7,9,2,Acceptable,Neutral,Card,Uttara
357,2025-04-13,Sunday,4,1721,Burger,Fast Food,4,250,1000,10,4,6,3,Loved the food,Positive,Bkash,Mirpur
358,2025-08-26,Tuesday,8,1381,Noodles,Main Course,7,260,1820,15,7,8,5,It was okay,Neutral,Nagad,Uttara
359,2025-08-31,Sunday,8,1766,Ice Cream,Dessert,6,120,720,22,6,16,2,Loved the food,Positive,Bkash,Dhanmondi
360,2025-07-17,Thursday,7,1693,Burger,Fast Food,3,250,750,14,3,11,3,Delivery was late,Negative,Bkash,Banani
361,2025-09-20,Saturday,9,1615,Burger,Fast Food,1,250,250,21,1,20,2,Delivery was late,Negative,Card,Mirpur
362,2025-11-08,Saturday,11,1470,Pasta,Main Course,5,350,1750,23,5,18,4,Too salty,Negative,Card,Banani
363,2025-06-04,Wednesday,6,1574,Noodles,Main Course,7,260,1820,15,7,8,4,Loved the food,Positive,Bkash,Dhanmondi
364,2025-09-04,Thursday,9,1267,Pizza,Fast Food,6,550,3300,19,6,13,4,Service was normal,Neutral,Card,Uttara
365,2025-09-22,Monday,9,1738,Fried Rice,Main Course,1,280,280,18,1,17,2,It was okay,Neutral,Nagad,Mirpur
366,2025-05-13,Tuesday,5,1725,Juice,Beverage,7,150,1050,24,7,17,3,Acceptable,Neutral,Bkash,Uttara
367,2025-12-18,Thursday,12,1860,Noodles,Main Course,8,260,2080,24,8,16,3,Very tasty and fresh,Positive,Bkash,Dhanmondi
368,2025-08-30,Saturday,8,1670,Biryani,Main Course,5,320,1600,15,5,10,2,Too salty,Negative,Card,Mirpur
369,2025-04-25,Friday,4,1301,Pasta,Main Course,7,350,2450,22,7,15,5,Amazing quality,Positive,Cash,Banani
370,2025-01-28,Tuesday,1,1122,Ice Cream,Dessert,2,120,240,22,2,20,5,Bad experience,Negative,Bkash,Banani
371,2025-01-28,Tuesday,1,1914,Biryani,Main Course,3,320,960,14,3,11,5,Amazing quality,Positive,Card,Mirpur
372,2025-04-03,Thursday,4,1320,Pizza,Fast Food,8,550,4400,23,8,15,2,It was okay,Neutral,Cash,Banani
373,2025-05-21,Wednesday,5,1132,Fried Rice,Main Course,3,280,840,13,3,10,5,Excellent food and fast service,Positive,Nagad,Banani
374,2025-08-08,Friday,8,1748,Sandwich,Fast Food,7,220,1540,12,7,5,4,Very tasty and fresh,Positive,Cash,Mirpur
375,2025-09-29,Monday,9,1231,Fried Rice,Main Course,1,280,280,6,1,5,4,It was okay,Neutral,Bkash,Uttara
376,2025-02-22,Saturday,2,1305,Juice,Beverage,5,150,750,15,5,10,4,Excellent food and fast service,Positive,Nagad,Mirpur
377,2025-08-11,Monday,8,1168,Biryani,Main Course,6,320,1920,26,6,20,5,Very tasty and fresh,Positive,Cash,Uttara
378,2025-04-25,Friday,4,1126,Biryani,Main Course,4,320,1280,9,4,5,4,Very tasty and fresh,Positive,Cash,Banani
379,2025-11-24,Monday,11,1049,Pasta,Main Course,1,350,350,7,1,6,2,Average taste,Neutral,Nagad,Banani
380,2025-07-14,Monday,7,1711,Pizza,Fast Food,5,550,2750,25,5,20,2,It was okay,Neutral,Bkash,Banani
381,2025-12-05,Friday,12,1523,Pizza,Fast Food,5,550,2750,14,5,9,2,Excellent food and fast service,Positive,Bkash,Dhanmondi
382,2025-02-24,Monday,2,1996,Sandwich,Fast Food,4,220,880,15,4,11,3,Acceptable,Neutral,Bkash,Banani
383,2025-06-01,Sunday,6,1338,Biryani,Main Course,1,320,320,21,1,20,3,Not worth the price,Negative,Cash,Dhanmondi
384,2025-12-10,Wednesday,12,1798,Pizza,Fast Food,2,550,1100,22,2,20,2,Excellent food and fast service,Positive,Cash,Mirpur
385,2025-11-26,Wednesday,11,1102,Fried Rice,Main Course,8,280,2240,22,8,14,3,Excellent food and fast service,Positive,Cash,Mirpur
386,2025-07-04,Friday,7,1009,Coffee,Beverage,7,180,1260,15,7,8,3,Excellent food and fast service,Positive,Card,Mirpur
387,2025-07-03,Thursday,7,1187,Sandwich,Fast Food,5,220,1100,12,5,7,2,Loved the food,Positive,Nagad,Banani
388,2025-08-22,Friday,8,1115,Pasta,Main Course,7,350,2450,27,7,20,3,It was okay,Neutral,Cash,Uttara
389,2025-02-23,Sunday,2,1797,Juice,Beverage,8,150,1200,27,8,19,4,Highly recommended,Positive,Cash,Uttara
390,2025-09-05,Friday,9,1267,Sandwich,Fast Food,2,220,440,20,2,18,4,Excellent food and fast service,Positive,Cash,Uttara
391,2025-12-09,Tuesday,12,1493,Coffee,Beverage,2,180,360,20,2,18,4,It was okay,Neutral,Nagad,Uttara
392,2025-10-13,Monday,10,1517,Ice Cream,Dessert,1,120,120,6,1,5,5,It was okay,Neutral,Nagad,Uttara
393,2025-02-08,Saturday,2,1051,Sandwich,Fast Food,6,220,1320,18,6,12,3,Loved the food,Positive,Nagad,Banani
394,2025-05-01,Thursday,5,1090,Pizza,Fast Food,8,550,4400,27,8,19,5,Not worth the price,Negative,Nagad,Mirpur
395,2025-03-02,Sunday,3,1570,Sandwich,Fast Food,1,220,220,9,1,8,2,Excellent food and fast service,Positive,Cash,Mirpur
396,2025-09-18,Thursday,9,1845,Noodles,Main Course,4,260,1040,23,4,19,2,Too salty,Negative,Card,Banani
397,2025-06-19,Thursday,6,1099,Noodles,Main Course,8,260,2080,24,8,16,3,Average taste,Neutral,Cash,Mirpur
398,2025-07-01,Tuesday,7,1504,Pasta,Main Course,6,350,2100,14,6,8,3,Very tasty and fresh,Positive,Nagad,Dhanmondi
399,2025-05-11,Sunday,5,1220,Ice Cream,Dessert,4,120,480,15,4,11,5,Highly recommended,Positive,Card,Mirpur
400,2025-02-25,Tuesday,2,1468,Juice,Beverage,1,150,150,9,1,8,3,Nothing special,Neutral,Nagad,Dhanmondi
401,2025-09-29,Monday,9,1708,Burger,Fast Food,7,250,1750,27,7,20,3,Delivery was late,Negative,Card,Dhanmondi
402,2025-07-18,Friday,7,1937,Ice Cream,Dessert,6,120,720,23,6,17,3,Amazing quality,Positive,Bkash,Banani
403,2025-06-25,Wednesday,6,1716,Pasta,Main Course,8,350,2800,17,8,9,4,Amazing quality,Positive,Bkash,Uttara
404,2025-04-13,Sunday,4,1727,Fried Rice,Main Course,5,280,1400,21,5,16,3,Delivery was late,Negative,Bkash,Dhanmondi
405,2025-06-30,Monday,6,1292,Noodles,Main Course,8,260,2080,26,8,18,5,Acceptable,Neutral,Cash,Dhanmondi
406,2025-01-13,Monday,1,1273,Juice,Beverage,3,150,450,9,3,6,3,It was okay,Neutral,Bkash,Mirpur
407,2025-03-16,Sunday,3,1367,Burger,Fast Food,5,250,1250,16,5,11,5,Average taste,Neutral,Cash,Uttara
408,2025-11-28,Friday,11,1709,Noodles,Main Course,7,260,1820,19,7,12,2,Loved the food,Positive,Nagad,Banani
409,2025-08-02,Saturday,8,1635,Coffee,Beverage,1,180,180,6,1,5,5,It was okay,Neutral,Card,Mirpur
410,2025-10-29,Wednesday,10,1699,Noodles,Main Course,4,260,1040,15,4,11,2,Very tasty and fresh,Positive,Card,Uttara
411,2025-09-21,Sunday,9,1270,Pizza,Fast Food,7,550,3850,13,7,6,3,Amazing quality,Positive,Card,Mirpur
412,2025-01-03,Friday,1,1611,Coffee,Beverage,8,180,1440,17,8,9,2,Loved the food,Positive,Bkash,Banani
413,2025-10-21,Tuesday,10,1538,Noodles,Main Course,6,260,1560,13,6,7,3,Service was normal,Neutral,Card,Dhanmondi
414,2025-09-16,Tuesday,9,1904,Biryani,Main Course,7,320,2240,24,7,17,3,Very tasty and fresh,Positive,Bkash,Mirpur
415,2025-07-04,Friday,7,1117,Pasta,Main Course,4,350,1400,24,4,20,4,Food was cold,Negative,Nagad,Uttara
416,2025-11-25,Tuesday,11,1390,Ice Cream,Dessert,4,120,480,10,4,6,2,Service was normal,Neutral,Nagad,Mirpur
417,2025-10-04,Saturday,10,1456,Pasta,Main Course,1,350,350,17,1,16,5,Amazing quality,Positive,Cash,Mirpur
418,2025-11-30,Sunday,11,1994,Fried Rice,Main Course,6,280,1680,13,6,7,2,Delivery was late,Negative,Cash,Uttara
419,2025-12-10,Wednesday,12,1662,Fried Rice,Main Course,7,280,1960,15,7,8,2,Highly recommended,Positive,Card,Dhanmondi
420,2025-08-24,Sunday,8,1813,Coffee,Beverage,1,180,180,8,1,7,4,Very tasty and fresh,Positive,Cash,Uttara
421,2025-05-13,Tuesday,5,1323,Juice,Beverage,7,150,1050,26,7,19,2,Nothing special,Neutral,Nagad,Dhanmondi
422,2025-10-01,Wednesday,10,1366,Burger,Fast Food,2,250,500,8,2,6,2,Average taste,Neutral,Bkash,Mirpur
423,2025-11-07,Friday,11,1485,Pizza,Fast Food,5,550,2750,24,5,19,3,Excellent food and fast service,Positive,Card,Uttara
424,2025-07-20,Sunday,7,1980,Noodles,Main Course,5,260,1300,14,5,9,2,Loved the food,Positive,Card,Dhanmondi
425,2025-01-22,Wednesday,1,1216,Burger,Fast Food,7,250,1750,14,7,7,5,Loved the food,Positive,Card,Uttara
426,2025-04-05,Saturday,4,1872,Fried Rice,Main Course,5,280,1400,16,5,11,2,Amazing quality,Positive,Nagad,Dhanmondi
427,2025-05-29,Thursday,5,1498,Pizza,Fast Food,5,550,2750,13,5,8,4,Amazing quality,Positive,Bkash,Uttara
428,2025-12-10,Wednesday,12,1325,Fried Rice,Main Course,2,280,560,16,2,14,5,It was okay,Neutral,Nagad,Mirpur
429,2025-11-12,Wednesday,11,1172,Pasta,Main Course,3,350,1050,19,3,16,2,Not worth the price,Negative,Bkash,Uttara
430,2025-04-24,Thursday,4,1898,Juice,Beverage,5,150,750,21,5,16,5,Loved the food,Positive,Nagad,Banani
431,2025-07-03,Thursday,7,1083,Pasta,Main Course,8,350,2800,16,8,8,4,Amazing quality,Positive,Card,Uttara
432,2025-05-15,Thursday,5,1832,Pizza,Fast Food,2,550,1100,7,2,5,5,Food was cold,Negative,Card,Dhanmondi
433,2025-10-10,Friday,10,1912,Pasta,Main Course,8,350,2800,17,8,9,4,Very tasty and fresh,Positive,Card,Banani
434,2025-09-14,Sunday,9,1678,Noodles,Main Course,2,260,520,19,2,17,3,Excellent food and fast service,Positive,Card,Uttara
435,2025-08-17,Sunday,8,1961,Biryani,Main Course,3,320,960,12,3,9,4,Nothing special,Neutral,Cash,Uttara
436,2025-09-07,Sunday,9,1684,Fried Rice,Main Course,2,280,560,15,2,13,3,Excellent food and fast service,Positive,Bkash,Banani
437,2025-08-29,Friday,8,1105,Sandwich,Fast Food,1,220,220,7,1,6,4,Too salty,Negative,Bkash,Uttara
438,2025-07-12,Saturday,7,1996,Juice,Beverage,6,150,900,13,6,7,3,Highly recommended,Positive,Nagad,Mirpur
439,2025-06-26,Thursday,6,1450,Sandwich,Fast Food,8,220,1760,13,8,5,3,Very tasty and fresh,Positive,Card,Dhanmondi
440,2025-09-21,Sunday,9,1616,Pasta,Main Course,4,350,1400,13,4,9,2,Loved the food,Positive,Card,Banani
441,2025-06-19,Thursday,6,1165,Pizza,Fast Food,8,550,4400,28,8,20,5,Amazing quality,Positive,Cash,Uttara
442,2025-01-23,Thursday,1,1912,Biryani,Main Course,3,320,960,12,3,9,3,Average taste,Neutral,Cash,Uttara
443,2025-05-13,Tuesday,5,1969,Biryani,Main Course,7,320,2240,12,7,5,2,Too salty,Negative,Card,Banani
444,2025-11-07,Friday,11,1615,Sandwich,Fast Food,8,220,1760,18,8,10,3,Highly recommended,Positive,Card,Mirpur
445,2025-03-27,Thursday,3,1135,Coffee,Beverage,8,180,1440,15,8,7,2,Highly recommended,Positive,Cash,Uttara
446,2025-09-25,Thursday,9,1487,Noodles,Main Course,7,260,1820,16,7,9,2,It was okay,Neutral,Cash,Dhanmondi
447,2025-09-04,Thursday,9,1895,Biryani,Main Course,1,320,320,19,1,18,2,Loved the food,Positive,Nagad,Uttara
448,2025-09-04,Thursday,9,1488,Juice,Beverage,6,150,900,14,6,8,3,Loved the food,Positive,Cash,Mirpur
449,2025-11-03,Monday,11,1591,Noodles,Main Course,7,260,1820,20,7,13,2,Excellent food and fast service,Positive,Cash,Banani
450,2025-12-02,Tuesday,12,1436,Fried Rice,Main Course,6,280,1680,24,6,18,4,Very tasty and fresh,Positive,Bkash,Banani
451,2025-10-17,Friday,10,1565,Coffee,Beverage,5,180,900,22,5,17,5,Nothing special,Neutral,Card,Mirpur
452,2025-10-14,Tuesday,10,1352,Noodles,Main Course,8,260,2080,21,8,13,5,Bad experience,Negative,Card,Dhanmondi
453,2025-04-28,Monday,4,1804,Sandwich,Fast Food,3,220,660,11,3,8,4,Highly recommended,Positive,Cash,Uttara
454,2025-07-19,Saturday,7,1445,Burger,Fast Food,2,250,500,11,2,9,2,Amazing quality,Positive,Cash,Mirpur
455,2025-04-24,Thursday,4,1628,Coffee,Beverage,2,180,360,8,2,6,4,Nothing special,Neutral,Cash,Uttara
456,2025-11-24,Monday,11,1292,Sandwich,Fast Food,8,220,1760,13,8,5,3,Amazing quality,Positive,Cash,Uttara
457,2025-11-11,Tuesday,11,1999,Biryani,Main Course,1,320,320,17,1,16,3,Excellent food and fast service,Positive,Cash,Mirpur
458,2025-07-24,Thursday,7,1015,Coffee,Beverage,7,180,1260,24,7,17,2,Amazing quality,Positive,Cash,Mirpur
459,2025-10-14,Tuesday,10,1231,Ice Cream,Dessert,6,120,720,22,6,16,3,Too salty,Negative,Nagad,Banani
460,2025-10-22,Wednesday,10,1572,Burger,Fast Food,5,250,1250,15,5,10,2,Excellent food and fast service,Positive,Bkash,Mirpur
461,2025-03-01,Saturday,3,1576,Noodles,Main Course,5,260,1300,18,5,13,5,Nothing special,Neutral,Card,Mirpur
462,2025-08-23,Saturday,8,1391,Sandwich,Fast Food,1,220,220,21,1,20,3,Excellent food and fast service,Positive,Card,Mirpur
463,2025-07-31,Thursday,7,1408,Coffee,Beverage,1,180,180,14,1,13,4,Excellent food and fast service,Positive,Cash,Uttara
464,2025-09-01,Monday,9,1187,Coffee,Beverage,6,180,1080,17,6,11,3,Too salty,Negative,Nagad,Uttara
465,2025-05-01,Thursday,5,1856,Fried Rice,Main Course,5,280,1400,16,5,11,4,Very tasty and fresh,Positive,Card,Dhanmondi
466,2025-03-03,Monday,3,1980,Pizza,Fast Food,8,550,4400,13,8,5,2,Acceptable,Neutral,Nagad,Mirpur
467,2025-11-14,Friday,11,1286,Coffee,Beverage,8,180,1440,21,8,13,5,Amazing quality,Positive,Card,Uttara
468,2025-01-28,Tuesday,1,1514,Noodles,Main Course,7,260,1820,27,7,20,4,Food was cold,Negative,Nagad,Uttara
469,2025-08-23,Saturday,8,1690,Pizza,Fast Food,8,550,4400,23,8,15,3,Average taste,Neutral,Nagad,Dhanmondi
470,2025-06-16,Monday,6,1275,Coffee,Beverage,5,180,900,15,5,10,5,Very tasty and fresh,Positive,Bkash,Mirpur
471,2025-04-05,Saturday,4,1373,Sandwich,Fast Food,7,220,1540,18,7,11,5,Loved the food,Positive,Bkash,Banani
472,2025-04-03,Thursday,4,1823,Ice Cream,Dessert,3,120,360,15,3,12,3,Too salty,Negative,Nagad,Banani
473,2025-04-11,Friday,4,1431,Biryani,Main Course,3,320,960,23,3,20,5,Delivery was late,Negative,Card,Mirpur
474,2025-09-07,Sunday,9,1061,Pasta,Main Course,5,350,1750,11,5,6,3,Very tasty and fresh,Positive,Bkash,Banani
475,2025-11-19,Wednesday,11,1573,Pizza,Fast Food,8,550,4400,23,8,15,4,Loved the food,Positive,Bkash,Dhanmondi
476,2025-07-30,Wednesday,7,1178,Pizza,Fast Food,6,550,3300,17,6,11,4,Amazing quality,Positive,Bkash,Mirpur
477,2025-12-11,Thursday,12,1628,Noodles,Main Course,8,260,2080,27,8,19,4,Not worth the price,Negative,Nagad,Uttara
478,2025-03-27,Thursday,3,1081,Coffee,Beverage,7,180,1260,24,7,17,3,Food was cold,Negative,Bkash,Uttara
479,2025-06-10,Tuesday,6,1277,Coffee,Beverage,5,180,900,18,5,13,5,Nothing special,Neutral,Bkash,Banani
480,2025-07-31,Thursday,7,1677,Biryani,Main Course,3,320,960,8,3,5,4,Very tasty and fresh,Positive,Cash,Uttara
481,2025-03-27,Thursday,3,1561,Juice,Beverage,2,150,300,10,2,8,2,Highly recommended,Positive,Cash,Banani
482,2025-09-26,Friday,9,1670,Pizza,Fast Food,2,550,1100,15,2,13,5,Average taste,Neutral,Bkash,Uttara
483,2025-05-07,Wednesday,5,1029,Pasta,Main Course,8,350,2800,17,8,9,2,Very tasty and fresh,Positive,Bkash,Mirpur
484,2025-09-01,Monday,9,1181,Sandwich,Fast Food,5,220,1100,24,5,19,5,Amazing quality,Positive,Nagad,Mirpur
485,2025-06-27,Friday,6,1422,Sandwich,Fast Food,4,220,880,11,4,7,4,Loved the food,Positive,Card,Mirpur
486,2025-01-06,Monday,1,1008,Burger,Fast Food,3,250,750,19,3,16,5,Amazing quality,Positive,Nagad,Mirpur
487,2025-01-05,Sunday,1,1382,Juice,Beverage,5,150,750,17,5,12,3,Acceptable,Neutral,Nagad,Banani
488,2025-07-22,Tuesday,7,1269,Fried Rice,Main Course,3,280,840,20,3,17,2,Delivery was late,Negative,Nagad,Uttara
489,2025-09-22,Monday,9,1828,Ice Cream,Dessert,5,120,600,19,5,14,4,Acceptable,Neutral,Nagad,Uttara
490,2025-02-05,Wednesday,2,1632,Biryani,Main Course,3,320,960,17,3,14,5,Highly recommended,Positive,Bkash,Banani
491,2025-04-07,Monday,4,1022,Coffee,Beverage,1,180,180,10,1,9,3,Amazing quality,Positive,Cash,Mirpur
492,2025-05-18,Sunday,5,1015,Biryani,Main Course,8,320,2560,13,8,5,5,Very tasty and fresh,Positive,Card,Mirpur
493,2025-08-04,Monday,8,1338,Pasta,Main Course,8,350,2800,24,8,16,2,Excellent food and fast service,Positive,Card,Dhanmondi
494,2025-05-17,Saturday,5,1836,Juice,Beverage,2,150,300,22,2,20,5,Loved the food,Positive,Cash,Dhanmondi
495,2025-05-08,Thursday,5,1203,Juice,Beverage,8,150,1200,20,8,12,5,Average taste,Neutral,Cash,Uttara
496,2025-08-31,Sunday,8,1762,Juice,Beverage,5,150,750,20,5,15,2,Excellent food and fast service,Positive,Bkash,Banani
497,2025-11-23,Sunday,11,1996,Pasta,Main Course,4,350,1400,20,4,16,2,Delivery was late,Negative,Card,Banani
498,2025-06-16,Monday,6,1808,Burger,Fast Food,3,250,750,16,3,13,3,Highly recommended,Positive,Cash,Dhanmondi
499,2025-10-25,Saturday,10,1161,Sandwich,Fast Food,3,220,660,19,3,16,5,It was okay,Neutral,Cash,Mirpur
500,2025-11-17,Monday,11,1810,Burger,Fast Food,1,250,250,17,1,16,2,Acceptable,Neutral,Card,Banani
501,2025-04-30,Wednesday,4,1705,Coffee,Beverage,6,180,1080,25,6,19,5,Average taste,Neutral,Bkash,Uttara
502,2025-05-09,Friday,5,1713,Burger,Fast Food,8,250,2000,27,8,19,5,Amazing quality,Positive,Card,Uttara
503,2025-10-06,Monday,10,1936,Coffee,Beverage,6,180,1080,25,6,19,3,Amazing quality,Positive,Cash,Uttara
504,2025-08-19,Tuesday,8,1388,Pasta,Main Course,5,350,1750,21,5,16,3,Amazing quality,Positive,Cash,Mirpur
505,2025-11-14,Friday,11,1838,Fried Rice,Main Course,6,280,1680,13,6,7,5,Acceptable,Neutral,Card,Banani
506,2025-10-10,Friday,10,1113,Biryani,Main Course,5,320,1600,20,5,15,2,Loved the food,Positive,Cash,Dhanmondi
507,2025-03-08,Saturday,3,1101,Biryani,Main Course,1,320,320,12,1,11,2,Very tasty and fresh,Positive,Nagad,Banani
508,2025-09-27,Saturday,9,1735,Ice Cream,Dessert,5,120,600,11,5,6,2,Amazing quality,Positive,Cash,Uttara
509,2025-12-02,Tuesday,12,1369,Sandwich,Fast Food,2,220,440,21,2,19,5,Food was cold,Negative,Bkash,Dhanmondi
510,2025-11-12,Wednesday,11,1967,Pasta,Main Course,1,350,350,8,1,7,3,Food was cold,Negative,Cash,Dhanmondi
511,2025-04-29,Tuesday,4,1583,Noodles,Main Course,7,260,1820,18,7,11,3,Very tasty and fresh,Positive,Nagad,Dhanmondi
512,2025-11-23,Sunday,11,1904,Ice Cream,Dessert,6,120,720,25,6,19,2,Nothing special,Neutral,Card,Uttara
513,2025-10-09,Thursday,10,1453,Juice,Beverage,6,150,900,16,6,10,4,Amazing quality,Positive,Bkash,Mirpur
514,2025-07-10,Thursday,7,1558,Juice,Beverage,7,150,1050,22,7,15,3,Acceptable,Neutral,Nagad,Mirpur
515,2025-07-04,Friday,7,1291,Sandwich,Fast Food,8,220,1760,25,8,17,2,Excellent food and fast service,Positive,Card,Mirpur
516,2025-01-04,Saturday,1,1790,Pasta,Main Course,4,350,1400,15,4,11,4,Food was cold,Negative,Card,Dhanmondi
517,2025-01-20,Monday,1,1910,Sandwich,Fast Food,6,220,1320,15,6,9,3,Loved the food,Positive,Card,Mirpur
518,2025-06-03,Tuesday,6,1811,Pizza,Fast Food,7,550,3850,18,7,11,5,Service was normal,Neutral,Card,Banani
519,2025-12-20,Saturday,12,1390,Ice Cream,Dessert,2,120,240,16,2,14,2,Amazing quality,Positive,Cash,Mirpur
520,2025-06-28,Saturday,6,1765,Juice,Beverage,7,150,1050,15,7,8,2,Delivery was late,Negative,Nagad,Dhanmondi
521,2025-06-06,Friday,6,1334,Noodles,Main Course,1,260,260,16,1,15,3,Very tasty and fresh,Positive,Card,Dhanmondi
522,2025-12-11,Thursday,12,1805,Juice,Beverage,8,150,1200,15,8,7,5,Loved the food,Positive,Card,Uttara
523,2025-06-22,Sunday,6,1087,Pizza,Fast Food,8,550,4400,14,8,6,5,Loved the food,Positive,Nagad,Uttara
524,2025-03-11,Tuesday,3,1200,Sandwich,Fast Food,4,220,880,24,4,20,3,Amazing quality,Positive,Card,Dhanmondi
525,2025-05-17,Saturday,5,1433,Juice,Beverage,6,150,900,13,6,7,4,Highly recommended,Positive,Bkash,Uttara
526,2025-06-14,Saturday,6,1631,Coffee,Beverage,1,180,180,15,1,14,5,Loved the food,Positive,Card,Banani
527,2025-01-23,Thursday,1,1115,Fried Rice,Main Course,4,280,1120,20,4,16,2,Excellent food and fast service,Positive,Card,Uttara
528,2025-05-28,Wednesday,5,1023,Burger,Fast Food,6,250,1500,14,6,8,4,Highly recommended,Positive,Card,Uttara
529,2025-04-15,Tuesday,4,1711,Noodles,Main Course,5,260,1300,25,5,20,2,It was okay,Neutral,Nagad,Dhanmondi
530,2025-05-11,Sunday,5,1277,Biryani,Main Course,1,320,320,15,1,14,2,Amazing quality,Positive,Nagad,Dhanmondi
531,2025-02-04,Tuesday,2,1299,Juice,Beverage,5,150,750,21,5,16,5,Food was cold,Negative,Card,Banani
532,2025-09-18,Thursday,9,1090,Pizza,Fast Food,6,550,3300,26,6,20,3,Bad experience,Negative,Card,Banani
533,2025-10-15,Wednesday,10,1341,Burger,Fast Food,1,250,250,13,1,12,5,Too salty,Negative,Nagad,Uttara
534,2025-01-10,Friday,1,1513,Coffee,Beverage,6,180,1080,22,6,16,4,It was okay,Neutral,Cash,Mirpur
535,2025-07-18,Friday,7,1672,Burger,Fast Food,5,250,1250,17,5,12,3,Highly recommended,Positive,Cash,Banani
536,2025-09-24,Wednesday,9,1436,Ice Cream,Dessert,4,120,480,22,4,18,4,Very tasty and fresh,Positive,Bkash,Banani
537,2025-10-05,Sunday,10,1883,Biryani,Main Course,4,320,1280,13,4,9,3,Very tasty and fresh,Positive,Bkash,Uttara
538,2025-08-09,Saturday,8,1971,Biryani,Main Course,3,320,960,18,3,15,2,Amazing quality,Positive,Card,Mirpur
539,2025-03-16,Sunday,3,1453,Burger,Fast Food,6,250,1500,24,6,18,4,Too salty,Negative,Card,Uttara
540,2025-02-24,Monday,2,1631,Biryani,Main Course,3,320,960,8,3,5,4,Acceptable,Neutral,Card,Uttara
541,2025-04-29,Tuesday,4,1137,Burger,Fast Food,6,250,1500,13,6,7,5,Nothing special,Neutral,Bkash,Uttara
542,2025-07-18,Friday,7,1033,Sandwich,Fast Food,8,220,1760,17,8,9,5,Very tasty and fresh,Positive,Cash,Mirpur
543,2025-07-31,Thursday,7,1887,Fried Rice,Main Course,4,280,1120,15,4,11,5,Highly recommended,Positive,Bkash,Banani
544,2025-05-07,Wednesday,5,1737,Juice,Beverage,7,150,1050,13,7,6,4,Nothing special,Neutral,Nagad,Dhanmondi
545,2025-09-24,Wednesday,9,1898,Pizza,Fast Food,8,550,4400,27,8,19,3,Food was cold,Negative,Nagad,Dhanmondi
546,2025-10-13,Monday,10,1905,Juice,Beverage,1,150,150,12,1,11,4,Highly recommended,Positive,Bkash,Banani
547,2025-03-27,Thursday,3,1474,Juice,Beverage,5,150,750,11,5,6,5,It was okay,Neutral,Cash,Dhanmondi
548,2025-04-03,Thursday,4,1025,Ice Cream,Dessert,3,120,360,20,3,17,3,Highly recommended,Positive,Nagad,Uttara
549,2025-08-21,Thursday,8,1735,Pizza,Fast Food,5,550,2750,20,5,15,2,It was okay,Neutral,Cash,Dhanmondi
550,2025-12-28,Sunday,12,1744,Sandwich,Fast Food,6,220,1320,13,6,7,3,Highly recommended,Positive,Nagad,Banani
551,2025-01-23,Thursday,1,1183,Biryani,Main Course,6,320,1920,15,6,9,2,Very tasty and fresh,Positive,Nagad,Mirpur
552,2025-06-08,Sunday,6,1983,Sandwich,Fast Food,5,220,1100,15,5,10,3,Very tasty and fresh,Positive,Cash,Mirpur
553,2025-01-07,Tuesday,1,1622,Sandwich,Fast Food,8,220,1760,28,8,20,5,Excellent food and fast service,Positive,Card,Uttara
554,2025-10-29,Wednesday,10,1614,Sandwich,Fast Food,8,220,1760,26,8,18,2,Amazing quality,Positive,Card,Mirpur
555,2025-11-14,Friday,11,1668,Noodles,Main Course,4,260,1040,10,4,6,4,Excellent food and fast service,Positive,Cash,Uttara
556,2025-01-17,Friday,1,1111,Ice Cream,Dessert,5,120,600,20,5,15,5,Food was cold,Negative,Card,Uttara
557,2025-12-11,Thursday,12,1953,Pasta,Main Course,3,350,1050,22,3,19,2,Service was normal,Neutral,Cash,Mirpur
558,2025-06-15,Sunday,6,1066,Coffee,Beverage,7,180,1260,14,7,7,4,Acceptable,Neutral,Nagad,Uttara
559,2025-03-04,Tuesday,3,1626,Pasta,Main Course,6,350,2100,24,6,18,2,Very tasty and fresh,Positive,Cash,Dhanmondi
560,2025-09-05,Friday,9,1265,Ice Cream,Dessert,5,120,600,23,5,18,4,Service was normal,Neutral,Card,Banani
561,2025-09-24,Wednesday,9,1725,Sandwich,Fast Food,8,220,1760,18,8,10,4,Delivery was late,Negative,Card,Dhanmondi
562,2025-03-02,Sunday,3,1818,Burger,Fast Food,8,250,2000,16,8,8,5,It was okay,Neutral,Nagad,Dhanmondi
563,2025-06-20,Friday,6,1260,Coffee,Beverage,4,180,720,9,4,5,2,Service was normal,Neutral,Bkash,Mirpur
564,2025-09-17,Wednesday,9,1349,Noodles,Main Course,6,260,1560,11,6,5,5,Loved the food,Positive,Cash,Uttara
565,2025-04-10,Thursday,4,1661,Coffee,Beverage,6,180,1080,26,6,20,3,Food was cold,Negative,Nagad,Uttara
566,2025-11-18,Tuesday,11,1950,Sandwich,Fast Food,6,220,1320,25,6,19,2,Nothing special,Neutral,Bkash,Mirpur
567,2025-10-12,Sunday,10,1818,Noodles,Main Course,1,260,260,12,1,11,4,Loved the food,Positive,Cash,Uttara
568,2025-05-24,Saturday,5,1584,Burger,Fast Food,6,250,1500,23,6,17,5,It was okay,Neutral,Card,Dhanmondi
569,2025-06-07,Saturday,6,1898,Coffee,Beverage,1,180,180,14,1,13,3,Highly recommended,Positive,Bkash,Banani
570,2025-06-04,Wednesday,6,1796,Fried Rice,Main Course,5,280,1400,15,5,10,3,Excellent food and fast service,Positive,Cash,Banani
571,2025-09-17,Wednesday,9,1750,Burger,Fast Food,8,250,2000,17,8,9,4,Highly recommended,Positive,Bkash,Uttara
572,2025-02-20,Thursday,2,1396,Noodles,Main Course,3,260,780,14,3,11,2,Nothing special,Neutral,Cash,Mirpur
573,2025-01-23,Thursday,1,1105,Ice Cream,Dessert,2,120,240,17,2,15,4,Excellent food and fast service,Positive,Cash,Mirpur
574,2025-11-24,Monday,11,1545,Fried Rice,Main Course,6,280,1680,17,6,11,4,Loved the food,Positive,Nagad,Dhanmondi
575,2025-05-20,Tuesday,5,1573,Biryani,Main Course,3,320,960,16,3,13,2,Amazing quality,Positive,Card,Mirpur
576,2025-10-09,Thursday,10,1587,Coffee,Beverage,5,180,900,14,5,9,3,Too salty,Negative,Card,Dhanmondi
577,2025-06-09,Monday,6,1482,Ice Cream,Dessert,6,120,720,25,6,19,2,Excellent food and fast service,Positive,Cash,Banani
578,2025-01-28,Tuesday,1,1912,Pizza,Fast Food,7,550,3850,24,7,17,5,Amazing quality,Positive,Bkash,Mirpur
579,2025-06-20,Friday,6,1832,Fried Rice,Main Course,2,280,560,21,2,19,5,Excellent food and fast service,Positive,Cash,Banani
580,2025-06-08,Sunday,6,1881,Sandwich,Fast Food,8,220,1760,20,8,12,4,Delivery was late,Negative,Bkash,Banani
581,2025-04-04,Friday,4,1486,Coffee,Beverage,6,180,1080,25,6,19,2,Excellent food and fast service,Positive,Bkash,Banani
582,2025-08-25,Monday,8,1520,Biryani,Main Course,5,320,1600,21,5,16,2,It was okay,Neutral,Nagad,Dhanmondi
583,2025-06-16,Monday,6,1604,Noodles,Main Course,2,260,520,16,2,14,5,Highly recommended,Positive,Card,Uttara
584,2025-10-08,Wednesday,10,1833,Biryani,Main Course,8,320,2560,25,8,17,5,Very tasty and fresh,Positive,Nagad,Mirpur
585,2025-10-06,Monday,10,1856,Fried Rice,Main Course,3,280,840,10,3,7,5,Acceptable,Neutral,Cash,Banani
586,2025-06-16,Monday,6,1071,Noodles,Main Course,2,260,520,21,2,19,2,Highly recommended,Positive,Nagad,Mirpur
587,2025-09-11,Thursday,9,1924,Burger,Fast Food,2,250,500,13,2,11,2,Bad experience,Negative,Card,Uttara
588,2025-08-20,Wednesday,8,1200,Noodles,Main Course,5,260,1300,22,5,17,3,Nothing special,Neutral,Bkash,Mirpur
589,2025-10-19,Sunday,10,1008,Pasta,Main Course,7,350,2450,23,7,16,5,Bad experience,Negative,Card,Mirpur
590,2025-02-01,Saturday,2,1112,Coffee,Beverage,1,180,180,6,1,5,4,Service was normal,Neutral,Cash,Uttara
591,2025-08-10,Sunday,8,1390,Ice Cream,Dessert,7,120,840,22,7,15,5,Nothing special,Neutral,Card,Uttara
592,2025-09-01,Monday,9,1860,Biryani,Main Course,4,320,1280,21,4,17,5,Too salty,Negative,Card,Mirpur
593,2025-12-10,Wednesday,12,1147,Biryani,Main Course,3,320,960,8,3,5,5,Excellent food and fast service,Positive,Nagad,Uttara
594,2025-02-13,Thursday,2,1952,Biryani,Main Course,7,320,2240,26,7,19,5,Bad experience,Negative,Card,Banani
595,2025-09-18,Thursday,9,1434,Juice,Beverage,8,150,1200,25,8,17,2,Very tasty and fresh,Positive,Nagad,Uttara
596,2025-12-31,Wednesday,12,1375,Noodles,Main Course,5,260,1300,23,5,18,2,Bad experience,Negative,Cash,Banani
597,2025-12-27,Saturday,12,1145,Coffee,Beverage,2,180,360,22,2,20,4,Food was cold,Negative,Nagad,Dhanmondi
598,2025-09-25,Thursday,9,1700,Ice Cream,Dessert,2,120,240,14,2,12,4,Excellent food and fast service,Positive,Cash,Mirpur
599,2025-10-01,Wednesday,10,1587,Burger,Fast Food,8,250,2000,27,8,19,4,Highly recommended,Positive,Nagad,Mirpur
600,2025-05-31,Saturday,5,1767,Pasta,Main Course,3,350,1050,9,3,6,4,Acceptable,Neutral,Bkash,Dhanmondi
601,2025-11-19,Wednesday,11,1828,Sandwich,Fast Food,3,220,660,9,3,6,2,Service was normal,Neutral,Bkash,Banani
602,2025-02-12,Wednesday,2,1287,Biryani,Main Course,2,320,640,15,2,13,4,Amazing quality,Positive,Bkash,Dhanmondi
603,2025-02-27,Thursday,2,1827,Ice Cream,Dessert,3,120,360,12,3,9,3,Service was normal,Neutral,Bkash,Uttara
604,2025-09-06,Saturday,9,1609,Biryani,Main Course,1,320,320,16,1,15,3,Delivery was late,Negative,Nagad,Banani
605,2025-07-16,Wednesday,7,1055,Fried Rice,Main Course,8,280,2240,18,8,10,4,Loved the food,Positive,Cash,Dhanmondi
606,2025-03-27,Thursday,3,1239,Sandwich,Fast Food,7,220,1540,27,7,20,5,Amazing quality,Positive,Nagad,Banani
607,2025-05-15,Thursday,5,1391,Biryani,Main Course,7,320,2240,12,7,5,4,Highly recommended,Positive,Cash,Dhanmondi
608,2025-09-30,Tuesday,9,1821,Coffee,Beverage,7,180,1260,20,7,13,2,Loved the food,Positive,Bkash,Banani
609,2025-08-25,Monday,8,1320,Fried Rice,Main Course,4,280,1120,19,4,15,2,It was okay,Neutral,Cash,Dhanmondi
610,2025-01-07,Tuesday,1,1224,Juice,Beverage,2,150,300,10,2,8,4,Service was normal,Neutral,Bkash,Uttara
611,2025-01-18,Saturday,1,1973,Burger,Fast Food,2,250,500,8,2,6,2,Delivery was late,Negative,Cash,Dhanmondi
612,2025-11-06,Thursday,11,1259,Biryani,Main Course,7,320,2240,17,7,10,4,Delivery was late,Negative,Nagad,Dhanmondi
613,2025-11-24,Monday,11,1263,Sandwich,Fast Food,5,220,1100,23,5,18,3,Service was normal,Neutral,Cash,Mirpur
614,2025-02-01,Saturday,2,1978,Juice,Beverage,7,150,1050,22,7,15,4,Too salty,Negative,Card,Banani
615,2025-02-05,Wednesday,2,1111,Sandwich,Fast Food,4,220,880,21,4,17,3,Highly recommended,Positive,Nagad,Uttara
616,2025-11-11,Tuesday,11,1072,Pizza,Fast Food,8,550,4400,21,8,13,4,Excellent food and fast service,Positive,Nagad,Dhanmondi
617,2025-09-12,Friday,9,1155,Biryani,Main Course,1,320,320,7,1,6,4,Service was normal,Neutral,Nagad,Dhanmondi
618,2025-09-21,Sunday,9,1553,Sandwich,Fast Food,8,220,1760,26,8,18,3,Excellent food and fast service,Positive,Cash,Banani
619,2025-12-19,Friday,12,1410,Sandwich,Fast Food,2,220,440,18,2,16,2,Loved the food,Positive,Cash,Mirpur
620,2025-10-01,Wednesday,10,1663,Coffee,Beverage,2,180,360,21,2,19,3,Service was normal,Neutral,Card,Dhanmondi
621,2025-07-16,Wednesday,7,1498,Fried Rice,Main Course,5,280,1400,22,5,17,2,Too salty,Negative,Nagad,Uttara
622,2025-03-13,Thursday,3,1244,Burger,Fast Food,4,250,1000,9,4,5,5,Acceptable,Neutral,Nagad,Dhanmondi
623,2025-10-04,Saturday,10,1037,Pasta,Main Course,8,350,2800,27,8,19,4,Food was cold,Negative,Cash,Mirpur
624,2025-01-22,Wednesday,1,1469,Juice,Beverage,2,150,300,13,2,11,3,Bad experience,Negative,Card,Dhanmondi
625,2025-01-19,Sunday,1,1046,Biryani,Main Course,8,320,2560,13,8,5,3,Amazing quality,Positive,Card,Dhanmondi
626,2025-03-30,Sunday,3,1855,Burger,Fast Food,5,250,1250,13,5,8,2,Very tasty and fresh,Positive,Cash,Dhanmondi
627,2025-09-12,Friday,9,1345,Ice Cream,Dessert,4,120,480,11,4,7,5,Not worth the price,Negative,Bkash,Dhanmondi
628,2025-12-17,Wednesday,12,1782,Ice Cream,Dessert,3,120,360,18,3,15,2,Delivery was late,Negative,Card,Mirpur
629,2025-02-02,Sunday,2,1713,Pizza,Fast Food,5,550,2750,14,5,9,4,It was okay,Neutral,Card,Banani
630,2025-05-05,Monday,5,1385,Ice Cream,Dessert,1,120,120,10,1,9,3,Amazing quality,Positive,Cash,Banani
631,2025-02-11,Tuesday,2,1908,Burger,Fast Food,1,250,250,11,1,10,4,Bad experience,Negative,Nagad,Banani
632,2025-12-21,Sunday,12,1461,Biryani,Main Course,4,320,1280,13,4,9,5,Acceptable,Neutral,Card,Uttara
633,2025-11-09,Sunday,11,1642,Burger,Fast Food,3,250,750,23,3,20,4,Average taste,Neutral,Bkash,Banani
634,2025-01-03,Friday,1,2000,Noodles,Main Course,4,260,1040,15,4,11,2,Amazing quality,Positive,Bkash,Uttara
635,2025-08-26,Tuesday,8,1701,Fried Rice,Main Course,5,280,1400,11,5,6,5,Very tasty and fresh,Positive,Nagad,Uttara
636,2025-03-23,Sunday,3,1257,Burger,Fast Food,1,250,250,17,1,16,4,Highly recommended,Positive,Nagad,Dhanmondi
637,2025-02-23,Sunday,2,1527,Burger,Fast Food,3,250,750,13,3,10,2,Nothing special,Neutral,Cash,Uttara
638,2025-08-16,Saturday,8,1235,Ice Cream,Dessert,6,120,720,24,6,18,2,Loved the food,Positive,Bkash,Uttara
639,2025-02-20,Thursday,2,1075,Fried Rice,Main Course,7,280,1960,18,7,11,5,Very tasty and fresh,Positive,Nagad,Dhanmondi
640,2025-08-12,Tuesday,8,1139,Biryani,Main Course,4,320,1280,23,4,19,5,Loved the food,Positive,Card,Mirpur
641,2025-05-19,Monday,5,1061,Fried Rice,Main Course,6,280,1680,15,6,9,4,Amazing quality,Positive,Card,Dhanmondi
642,2025-08-27,Wednesday,8,1907,Sandwich,Fast Food,7,220,1540,17,7,10,4,It was okay,Neutral,Card,Uttara
643,2025-10-23,Thursday,10,1500,Noodles,Main Course,4,260,1040,11,4,7,3,Amazing quality,Positive,Nagad,Banani
644,2025-05-23,Friday,5,1593,Burger,Fast Food,7,250,1750,19,7,12,3,Highly recommended,Positive,Card,Dhanmondi
645,2025-08-02,Saturday,8,1034,Burger,Fast Food,1,250,250,21,1,20,5,Acceptable,Neutral,Nagad,Banani
646,2025-12-23,Tuesday,12,1771,Pizza,Fast Food,8,550,4400,28,8,20,2,Amazing quality,Positive,Nagad,Uttara
647,2025-03-09,Sunday,3,1016,Coffee,Beverage,5,180,900,17,5,12,5,Average taste,Neutral,Bkash,Uttara
648,2025-12-27,Saturday,12,1895,Sandwich,Fast Food,1,220,220,20,1,19,5,Very tasty and fresh,Positive,Card,Mirpur
649,2025-11-17,Monday,11,1543,Sandwich,Fast Food,1,220,220,8,1,7,2,Loved the food,Positive,Bkash,Banani
650,2025-05-19,Monday,5,1753,Ice Cream,Dessert,4,120,480,11,4,7,2,Service was normal,Neutral,Bkash,Dhanmondi
651,2025-02-26,Wednesday,2,1375,Juice,Beverage,6,150,900,25,6,19,3,Service was normal,Neutral,Cash,Uttara
652,2025-03-12,Wednesday,3,1892,Coffee,Beverage,4,180,720,12,4,8,3,Acceptable,Neutral,Card,Mirpur
653,2025-06-30,Monday,6,1353,Pasta,Main Course,7,350,2450,20,7,13,5,Loved the food,Positive,Nagad,Dhanmondi
654,2025-08-29,Friday,8,1192,Noodles,Main Course,5,260,1300,24,5,19,5,Average taste,Neutral,Cash,Dhanmondi
655,2025-07-20,Sunday,7,1114,Biryani,Main Course,5,320,1600,12,5,7,3,Loved the food,Positive,Nagad,Uttara
656,2025-04-15,Tuesday,4,1954,Noodles,Main Course,1,260,260,15,1,14,3,Amazing quality,Positive,Nagad,Mirpur
657,2025-08-04,Monday,8,1892,Sandwich,Fast Food,1,220,220,15,1,14,3,Excellent food and fast service,Positive,Bkash,Banani
658,2025-10-24,Friday,10,1862,Coffee,Beverage,6,180,1080,26,6,20,5,Amazing quality,Positive,Nagad,Mirpur
659,2025-10-18,Saturday,10,1495,Biryani,Main Course,5,320,1600,15,5,10,4,It was okay,Neutral,Bkash,Dhanmondi
660,2025-03-17,Monday,3,1946,Coffee,Beverage,5,180,900,24,5,19,3,Bad experience,Negative,Bkash,Uttara
661,2025-03-31,Monday,3,1588,Biryani,Main Course,3,320,960,15,3,12,3,Loved the food,Positive,Nagad,Mirpur
662,2025-07-09,Wednesday,7,1151,Biryani,Main Course,4,320,1280,10,4,6,4,Service was normal,Neutral,Nagad,Uttara
663,2025-10-01,Wednesday,10,1786,Pasta,Main Course,2,350,700,7,2,5,3,Highly recommended,Positive,Nagad,Mirpur
664,2025-03-21,Friday,3,1992,Burger,Fast Food,6,250,1500,20,6,14,3,Loved the food,Positive,Nagad,Mirpur
665,2025-12-19,Friday,12,1119,Pizza,Fast Food,8,550,4400,14,8,6,4,Amazing quality,Positive,Cash,Banani
666,2025-11-13,Thursday,11,1622,Fried Rice,Main Course,8,280,2240,24,8,16,3,Excellent food and fast service,Positive,Card,Mirpur
667,2025-04-11,Friday,4,1999,Burger,Fast Food,2,250,500,21,2,19,5,Average taste,Neutral,Card,Banani
668,2025-06-12,Thursday,6,1378,Ice Cream,Dessert,1,120,120,17,1,16,5,Highly recommended,Positive,Bkash,Dhanmondi
669,2025-05-26,Monday,5,1089,Coffee,Beverage,6,180,1080,20,6,14,3,Bad experience,Negative,Nagad,Banani
670,2025-08-15,Friday,8,1142,Pasta,Main Course,3,350,1050,21,3,18,2,Nothing special,Neutral,Card,Uttara
671,2025-06-05,Thursday,6,1774,Sandwich,Fast Food,6,220,1320,13,6,7,5,Bad experience,Negative,Cash,Dhanmondi
672,2025-07-29,Tuesday,7,1773,Pasta,Main Course,7,350,2450,17,7,10,3,Amazing quality,Positive,Card,Uttara
673,2025-07-15,Tuesday,7,1854,Pasta,Main Course,8,350,2800,14,8,6,4,Too salty,Negative,Nagad,Banani
674,2025-04-25,Friday,4,1127,Burger,Fast Food,1,250,250,10,1,9,4,Highly recommended,Positive,Nagad,Uttara
675,2025-09-09,Tuesday,9,1993,Fried Rice,Main Course,1,280,280,9,1,8,2,Nothing special,Neutral,Bkash,Banani
676,2025-10-17,Friday,10,1382,Juice,Beverage,5,150,750,25,5,20,2,Food was cold,Negative,Bkash,Uttara
677,2025-10-25,Saturday,10,1365,Burger,Fast Food,3,250,750,18,3,15,3,Very tasty and fresh,Positive,Cash,Mirpur
678,2025-07-04,Friday,7,1654,Juice,Beverage,6,150,900,12,6,6,2,Amazing quality,Positive,Card,Uttara
679,2025-02-18,Tuesday,2,1277,Ice Cream,Dessert,3,120,360,18,3,15,4,Too salty,Negative,Cash,Mirpur
680,2025-03-15,Saturday,3,1421,Burger,Fast Food,3,250,750,17,3,14,4,Highly recommended,Positive,Card,Dhanmondi
681,2025-04-22,Tuesday,4,1628,Biryani,Main Course,4,320,1280,15,4,11,2,Acceptable,Neutral,Nagad,Banani
682,2025-02-09,Sunday,2,1707,Pizza,Fast Food,3,550,1650,8,3,5,4,Loved the food,Positive,Card,Banani
683,2025-11-02,Sunday,11,1762,Noodles,Main Course,6,260,1560,16,6,10,2,Average taste,Neutral,Card,Uttara
684,2025-12-22,Monday,12,1080,Biryani,Main Course,4,320,1280,18,4,14,5,Very tasty and fresh,Positive,Cash,Dhanmondi
685,2025-01-10,Friday,1,1812,Sandwich,Fast Food,7,220,1540,13,7,6,2,Excellent food and fast service,Positive,Nagad,Dhanmondi
686,2025-05-10,Saturday,5,1801,Burger,Fast Food,2,250,500,16,2,14,2,Average taste,Neutral,Card,Uttara
687,2025-04-05,Saturday,4,1971,Coffee,Beverage,1,180,180,8,1,7,4,Loved the food,Positive,Bkash,Uttara
688,2025-09-14,Sunday,9,1781,Ice Cream,Dessert,4,120,480,11,4,7,2,Amazing quality,Positive,Card,Uttara
689,2025-05-25,Sunday,5,1871,Biryani,Main Course,1,320,320,9,1,8,5,Bad experience,Negative,Bkash,Uttara
690,2025-08-14,Thursday,8,1219,Pizza,Fast Food,3,550,1650,19,3,16,3,Not worth the price,Negative,Nagad,Dhanmondi
691,2025-06-10,Tuesday,6,1780,Pizza,Fast Food,8,550,4400,16,8,8,4,Highly recommended,Positive,Bkash,Dhanmondi
692,2025-02-12,Wednesday,2,1614,Coffee,Beverage,8,180,1440,16,8,8,4,Highly recommended,Positive,Nagad,Uttara
693,2025-10-11,Saturday,10,1916,Juice,Beverage,5,150,750,23,5,18,5,Excellent food and fast service,Positive,Bkash,Uttara
694,2025-01-07,Tuesday,1,1122,Sandwich,Fast Food,2,220,440,19,2,17,3,Excellent food and fast service,Positive,Nagad,Banani
695,2025-12-22,Monday,12,1346,Ice Cream,Dessert,2,120,240,12,2,10,3,Very tasty and fresh,Positive,Nagad,Dhanmondi
696,2025-04-30,Wednesday,4,1607,Juice,Beverage,8,150,1200,21,8,13,4,Acceptable,Neutral,Nagad,Mirpur
697,2025-09-01,Monday,9,1786,Ice Cream,Dessert,7,120,840,27,7,20,5,Very tasty and fresh,Positive,Cash,Dhanmondi
698,2025-05-09,Friday,5,1030,Sandwich,Fast Food,8,220,1760,20,8,12,2,It was okay,Neutral,Cash,Dhanmondi
699,2025-09-13,Saturday,9,1156,Burger,Fast Food,3,250,750,20,3,17,4,Service was normal,Neutral,Cash,Dhanmondi
700,2025-12-05,Friday,12,1502,Noodles,Main Course,8,260,2080,27,8,19,4,Highly recommended,Positive,Bkash,Dhanmondi
701,2025-01-17,Friday,1,1453,Juice,Beverage,2,150,300,19,2,17,5,Highly recommended,Positive,Cash,Dhanmondi
702,2025-04-01,Tuesday,4,1319,Noodles,Main Course,5,260,1300,15,5,10,5,Very tasty and fresh,Positive,Nagad,Dhanmondi
703,2025-10-19,Sunday,10,1518,Sandwich,Fast Food,8,220,1760,28,8,20,2,Very tasty and fresh,Positive,Nagad,Mirpur
704,2025-09-11,Thursday,9,1328,Ice Cream,Dessert,7,120,840,23,7,16,2,Service was normal,Neutral,Cash,Dhanmondi
705,2025-03-07,Friday,3,1389,Coffee,Beverage,6,180,1080,11,6,5,2,Service was normal,Neutral,Nagad,Mirpur
706,2025-07-02,Wednesday,7,1240,Juice,Beverage,6,150,900,12,6,6,4,It was okay,Neutral,Cash,Dhanmondi
707,2025-06-06,Friday,6,1038,Pizza,Fast Food,6,550,3300,16,6,10,5,Loved the food,Positive,Nagad,Banani
708,2025-05-17,Saturday,5,1584,Burger,Fast Food,8,250,2000,13,8,5,5,Not worth the price,Negative,Bkash,Dhanmondi
709,2025-09-08,Monday,9,1170,Pizza,Fast Food,4,550,2200,19,4,15,4,Loved the food,Positive,Bkash,Banani
710,2025-04-14,Monday,4,1304,Sandwich,Fast Food,2,220,440,13,2,11,5,Excellent food and fast service,Positive,Card,Dhanmondi
711,2025-10-24,Friday,10,1486,Pizza,Fast Food,6,550,3300,19,6,13,5,Amazing quality,Positive,Card,Mirpur
712,2025-02-09,Sunday,2,1204,Pasta,Main Course,5,350,1750,23,5,18,5,Service was normal,Neutral,Nagad,Mirpur
713,2025-11-16,Sunday,11,1883,Noodles,Main Course,8,260,2080,18,8,10,3,Bad experience,Negative,Nagad,Uttara
714,2025-12-05,Friday,12,1534,Sandwich,Fast Food,5,220,1100,23,5,18,3,Food was cold,Negative,Bkash,Banani
715,2025-03-17,Monday,3,1326,Fried Rice,Main Course,3,280,840,17,3,14,2,Not worth the price,Negative,Card,Banani
716,2025-05-17,Saturday,5,1415,Pasta,Main Course,3,350,1050,16,3,13,3,It was okay,Neutral,Cash,Uttara
717,2025-04-09,Wednesday,4,1446,Burger,Fast Food,4,250,1000,18,4,14,5,Amazing quality,Positive,Cash,Uttara
718,2025-03-23,Sunday,3,1674,Pasta,Main Course,3,350,1050,8,3,5,3,Loved the food,Positive,Cash,Banani
719,2025-01-11,Saturday,1,1922,Burger,Fast Food,2,250,500,17,2,15,5,Average taste,Neutral,Bkash,Dhanmondi
720,2025-07-23,Wednesday,7,1955,Biryani,Main Course,4,320,1280,12,4,8,2,Amazing quality,Positive,Bkash,Banani
721,2025-02-16,Sunday,2,1754,Fried Rice,Main Course,2,280,560,17,2,15,5,Amazing quality,Positive,Card,Banani
722,2025-04-22,Tuesday,4,1450,Biryani,Main Course,2,320,640,12,2,10,5,Loved the food,Positive,Bkash,Dhanmondi
723,2025-09-09,Tuesday,9,1486,Noodles,Main Course,6,260,1560,14,6,8,3,Highly recommended,Positive,Bkash,Uttara
724,2025-07-05,Saturday,7,1035,Sandwich,Fast Food,6,220,1320,20,6,14,2,Amazing quality,Positive,Card,Mirpur
725,2025-10-10,Friday,10,1547,Juice,Beverage,5,150,750,21,5,16,3,Food was cold,Negative,Nagad,Banani
726,2025-01-05,Sunday,1,1304,Juice,Beverage,5,150,750,19,5,14,3,Very tasty and fresh,Positive,Card,Banani
727,2025-11-20,Thursday,11,1842,Coffee,Beverage,7,180,1260,13,7,6,5,Excellent food and fast service,Positive,Nagad,Banani
728,2025-06-20,Friday,6,1067,Juice,Beverage,2,150,300,12,2,10,4,Acceptable,Neutral,Nagad,Mirpur
729,2025-08-21,Thursday,8,1003,Burger,Fast Food,1,250,250,11,1,10,5,It was okay,Neutral,Card,Mirpur
730,2025-06-10,Tuesday,6,1730,Ice Cream,Dessert,2,120,240,10,2,8,3,Amazing quality,Positive,Nagad,Mirpur
731,2025-08-20,Wednesday,8,1846,Sandwich,Fast Food,3,220,660,16,3,13,4,Amazing quality,Positive,Bkash,Uttara
732,2025-02-13,Thursday,2,1967,Juice,Beverage,6,150,900,16,6,10,3,Highly recommended,Positive,Cash,Dhanmondi
733,2025-10-13,Monday,10,1268,Ice Cream,Dessert,4,120,480,11,4,7,3,Delivery was late,Negative,Cash,Banani
734,2025-11-13,Thursday,11,1174,Juice,Beverage,5,150,750,14,5,9,2,Loved the food,Positive,Cash,Banani
735,2025-08-21,Thursday,8,1968,Sandwich,Fast Food,2,220,440,14,2,12,4,It was okay,Neutral,Bkash,Banani
736,2025-07-15,Tuesday,7,1744,Biryani,Main Course,7,320,2240,18,7,11,3,Service was normal,Neutral,Nagad,Uttara
737,2025-07-29,Tuesday,7,1632,Biryani,Main Course,1,320,320,15,1,14,5,Delivery was late,Negative,Card,Mirpur
738,2025-10-26,Sunday,10,1997,Sandwich,Fast Food,2,220,440,7,2,5,5,Loved the food,Positive,Card,Banani
739,2025-12-29,Monday,12,1053,Juice,Beverage,5,150,750,12,5,7,4,Excellent food and fast service,Positive,Card,Banani
740,2025-07-01,Tuesday,7,1390,Ice Cream,Dessert,1,120,120,6,1,5,4,Amazing quality,Positive,Nagad,Mirpur
741,2025-03-09,Sunday,3,1504,Noodles,Main Course,1,260,260,11,1,10,4,Amazing quality,Positive,Nagad,Uttara
742,2025-02-15,Saturday,2,1045,Coffee,Beverage,7,180,1260,16,7,9,3,Loved the food,Positive,Nagad,Mirpur
743,2025-07-04,Friday,7,1529,Juice,Beverage,5,150,750,18,5,13,4,Service was normal,Neutral,Nagad,Uttara
744,2025-06-11,Wednesday,6,1055,Sandwich,Fast Food,3,220,660,22,3,19,3,Very tasty and fresh,Positive,Card,Dhanmondi
745,2025-08-29,Friday,8,1041,Pasta,Main Course,3,350,1050,22,3,19,5,Highly recommended,Positive,Bkash,Banani
746,2025-08-23,Saturday,8,1208,Sandwich,Fast Food,2,220,440,11,2,9,4,Excellent food and fast service,Positive,Card,Uttara
747,2025-09-18,Thursday,9,1184,Pasta,Main Course,4,350,1400,9,4,5,5,Amazing quality,Positive,Cash,Uttara
748,2025-09-13,Saturday,9,1403,Pizza,Fast Food,6,550,3300,11,6,5,4,Excellent food and fast service,Positive,Cash,Mirpur
749,2025-03-20,Thursday,3,1464,Burger,Fast Food,2,250,500,21,2,19,4,Not worth the price,Negative,Cash,Mirpur
750,2025-01-23,Thursday,1,1132,Ice Cream,Dessert,8,120,960,23,8,15,3,Bad experience,Negative,Cash,Mirpur
751,2025-06-15,Sunday,6,1182,Burger,Fast Food,2,250,500,19,2,17,3,Loved the food,Positive,Nagad,Dhanmondi
752,2025-01-11,Saturday,1,1662,Fried Rice,Main Course,3,280,840,20,3,17,3,Service was normal,Neutral,Cash,Mirpur
753,2025-09-09,Tuesday,9,1852,Juice,Beverage,5,150,750,14,5,9,4,Excellent food and fast service,Positive,Card,Banani
754,2025-08-17,Sunday,8,1092,Juice,Beverage,8,150,1200,21,8,13,5,Highly recommended,Positive,Bkash,Uttara
755,2025-08-11,Monday,8,1692,Juice,Beverage,2,150,300,8,2,6,3,Highly recommended,Positive,Card,Banani
756,2025-09-27,Saturday,9,1928,Noodles,Main Course,2,260,520,16,2,14,5,Excellent food and fast service,Positive,Bkash,Uttara
757,2025-03-07,Friday,3,1564,Pasta,Main Course,4,350,1400,22,4,18,2,Excellent food and fast service,Positive,Cash,Dhanmondi
758,2025-09-19,Friday,9,1832,Juice,Beverage,7,150,1050,15,7,8,4,Amazing quality,Positive,Bkash,Mirpur
759,2025-10-27,Monday,10,1183,Pizza,Fast Food,1,550,550,9,1,8,3,Nothing special,Neutral,Nagad,Dhanmondi
760,2025-02-12,Wednesday,2,1775,Juice,Beverage,5,150,750,20,5,15,5,Highly recommended,Positive,Bkash,Mirpur
761,2025-04-06,Sunday,4,1265,Fried Rice,Main Course,3,280,840,10,3,7,2,Acceptable,Neutral,Nagad,Dhanmondi
762,2025-01-03,Friday,1,1471,Juice,Beverage,2,150,300,7,2,5,5,Highly recommended,Positive,Nagad,Mirpur
763,2025-11-13,Thursday,11,1128,Ice Cream,Dessert,6,120,720,23,6,17,3,Food was cold,Negative,Cash,Uttara
764,2025-02-27,Thursday,2,1665,Burger,Fast Food,4,250,1000,9,4,5,3,Very tasty and fresh,Positive,Nagad,Uttara
765,2025-02-14,Friday,2,1119,Pasta,Main Course,8,350,2800,17,8,9,3,Excellent food and fast service,Positive,Card,Banani
766,2025-09-06,Saturday,9,1301,Sandwich,Fast Food,1,220,220,20,1,19,5,Very tasty and fresh,Positive,Cash,Mirpur
767,2025-01-05,Sunday,1,1610,Pizza,Fast Food,7,550,3850,25,7,18,4,Bad experience,Negative,Cash,Banani
768,2025-07-24,Thursday,7,1019,Sandwich,Fast Food,8,220,1760,20,8,12,5,Acceptable,Neutral,Bkash,Dhanmondi
769,2025-05-18,Sunday,5,1459,Juice,Beverage,8,150,1200,16,8,8,5,Loved the food,Positive,Cash,Uttara
770,2025-05-28,Wednesday,5,1224,Fried Rice,Main Course,8,280,2240,24,8,16,4,Amazing quality,Positive,Nagad,Uttara
771,2025-05-31,Saturday,5,1636,Juice,Beverage,7,150,1050,23,7,16,3,It was okay,Neutral,Bkash,Dhanmondi
772,2025-12-08,Monday,12,1503,Sandwich,Fast Food,3,220,660,13,3,10,2,Amazing quality,Positive,Nagad,Banani
773,2025-06-05,Thursday,6,1902,Fried Rice,Main Course,4,280,1120,10,4,6,4,Too salty,Negative,Bkash,Uttara
774,2025-03-31,Monday,3,1632,Noodles,Main Course,1,260,260,8,1,7,3,Excellent food and fast service,Positive,Cash,Uttara
775,2025-09-07,Sunday,9,1273,Pasta,Main Course,6,350,2100,22,6,16,3,Acceptable,Neutral,Cash,Dhanmondi
776,2025-08-13,Wednesday,8,1800,Sandwich,Fast Food,2,220,440,10,2,8,2,Acceptable,Neutral,Cash,Dhanmondi
777,2025-03-27,Thursday,3,1725,Pizza,Fast Food,4,550,2200,20,4,16,5,Loved the food,Positive,Nagad,Dhanmondi
778,2025-03-20,Thursday,3,1449,Coffee,Beverage,6,180,1080,15,6,9,5,Very tasty and fresh,Positive,Cash,Uttara
779,2025-08-31,Sunday,8,1732,Coffee,Beverage,5,180,900,15,5,10,5,Loved the food,Positive,Bkash,Uttara
780,2025-03-19,Wednesday,3,1423,Noodles,Main Course,7,260,1820,19,7,12,5,Highly recommended,Positive,Nagad,Mirpur
781,2025-01-16,Thursday,1,1966,Sandwich,Fast Food,3,220,660,8,3,5,2,Acceptable,Neutral,Cash,Mirpur
782,2025-06-11,Wednesday,6,1676,Juice,Beverage,3,150,450,21,3,18,3,Excellent food and fast service,Positive,Cash,Mirpur
783,2025-08-03,Sunday,8,1846,Juice,Beverage,5,150,750,20,5,15,4,Food was cold,Negative,Card,Banani
784,2025-08-17,Sunday,8,1794,Fried Rice,Main Course,8,280,2240,24,8,16,3,Not worth the price,Negative,Bkash,Dhanmondi
785,2025-01-19,Sunday,1,1532,Noodles,Main Course,6,260,1560,23,6,17,4,It was okay,Neutral,Card,Dhanmondi
786,2025-09-19,Friday,9,1023,Noodles,Main Course,5,260,1300,20,5,15,2,It was okay,Neutral,Bkash,Uttara
787,2025-06-05,Thursday,6,1642,Juice,Beverage,2,150,300,8,2,6,4,Too salty,Negative,Cash,Dhanmondi
788,2025-11-30,Sunday,11,1464,Pizza,Fast Food,8,550,4400,22,8,14,4,Excellent food and fast service,Positive,Card,Uttara
789,2025-06-29,Sunday,6,1755,Pasta,Main Course,5,350,1750,14,5,9,3,Acceptable,Neutral,Cash,Mirpur
790,2025-09-22,Monday,9,1728,Ice Cream,Dessert,4,120,480,20,4,16,5,Very tasty and fresh,Positive,Nagad,Dhanmondi
791,2025-02-17,Monday,2,1079,Burger,Fast Food,7,250,1750,16,7,9,4,Highly recommended,Positive,Nagad,Banani
792,2025-05-16,Friday,5,1749,Ice Cream,Dessert,8,120,960,26,8,18,5,Not worth the price,Negative,Card,Uttara
793,2025-09-16,Tuesday,9,1883,Biryani,Main Course,8,320,2560,27,8,19,2,Amazing quality,Positive,Card,Banani
794,2025-08-31,Sunday,8,1616,Burger,Fast Food,3,250,750,19,3,16,5,Food was cold,Negative,Cash,Dhanmondi
795,2025-07-09,Wednesday,7,1380,Ice Cream,Dessert,5,120,600,11,5,6,4,Excellent food and fast service,Positive,Bkash,Mirpur
796,2025-05-31,Saturday,5,1431,Sandwich,Fast Food,1,220,220,10,1,9,2,Amazing quality,Positive,Bkash,Mirpur
797,2025-04-21,Monday,4,1069,Biryani,Main Course,8,320,2560,13,8,5,2,Loved the food,Positive,Nagad,Banani
798,2025-10-21,Tuesday,10,1854,Pasta,Main Course,8,350,2800,23,8,15,3,Nothing special,Neutral,Card,Banani
799,2025-08-19,Tuesday,8,1680,Sandwich,Fast Food,3,220,660,18,3,15,5,Amazing quality,Positive,Nagad,Uttara
800,2025-07-22,Tuesday,7,1886,Coffee,Beverage,1,180,180,20,1,19,3,Average taste,Neutral,Cash,Mirpur
801,2025-10-15,Wednesday,10,1590,Pizza,Fast Food,2,550,1100,13,2,11,2,Bad experience,Negative,Card,Banani
802,2025-09-15,Monday,9,1805,Burger,Fast Food,2,250,500,12,2,10,3,Too salty,Negative,Card,Banani
803,2025-02-13,Thursday,2,1882,Noodles,Main Course,6,260,1560,23,6,17,2,Highly recommended,Positive,Bkash,Banani
804,2025-04-03,Thursday,4,1117,Juice,Beverage,1,150,150,16,1,15,2,Excellent food and fast service,Positive,Card,Mirpur
805,2025-03-15,Saturday,3,1694,Biryani,Main Course,5,320,1600,12,5,7,3,Highly recommended,Positive,Cash,Mirpur
806,2025-04-03,Thursday,4,1145,Burger,Fast Food,1,250,250,15,1,14,5,Loved the food,Positive,Bkash,Mirpur
807,2025-07-12,Saturday,7,1600,Pizza,Fast Food,1,550,550,12,1,11,3,Amazing quality,Positive,Nagad,Banani
808,2025-02-28,Friday,2,1067,Pasta,Main Course,1,350,350,16,1,15,5,Highly recommended,Positive,Cash,Banani
809,2025-11-21,Friday,11,1691,Fried Rice,Main Course,1,280,280,14,1,13,2,Amazing quality,Positive,Card,Uttara
810,2025-06-05,Thursday,6,1208,Ice Cream,Dessert,7,120,840,26,7,19,3,Amazing quality,Positive,Bkash,Uttara
811,2025-05-06,Tuesday,5,1984,Noodles,Main Course,7,260,1820,26,7,19,4,Highly recommended,Positive,Card,Dhanmondi
812,2025-01-31,Friday,1,1359,Sandwich,Fast Food,5,220,1100,18,5,13,3,Not worth the price,Negative,Bkash,Dhanmondi
813,2025-03-24,Monday,3,1850,Noodles,Main Course,2,260,520,16,2,14,3,Excellent food and fast service,Positive,Bkash,Banani
814,2025-04-18,Friday,4,1279,Ice Cream,Dessert,6,120,720,21,6,15,3,Nothing special,Neutral,Bkash,Mirpur
815,2025-04-18,Friday,4,1661,Sandwich,Fast Food,6,220,1320,11,6,5,2,Delivery was late,Negative,Nagad,Dhanmondi
816,2025-01-05,Sunday,1,1083,Biryani,Main Course,7,320,2240,27,7,20,2,Acceptable,Neutral,Cash,Banani
817,2025-12-11,Thursday,12,1396,Pizza,Fast Food,6,550,3300,23,6,17,3,Too salty,Negative,Cash,Dhanmondi
818,2025-08-25,Monday,8,1776,Coffee,Beverage,4,180,720,23,4,19,4,Excellent food and fast service,Positive,Bkash,Uttara
819,2025-02-16,Sunday,2,1990,Ice Cream,Dessert,5,120,600,17,5,12,4,Highly recommended,Positive,Cash,Mirpur
820,2025-09-10,Wednesday,9,1113,Ice Cream,Dessert,4,120,480,9,4,5,4,Highly recommended,Positive,Nagad,Uttara
821,2025-10-10,Friday,10,1130,Fried Rice,Main Course,3,280,840,10,3,7,4,Excellent food and fast service,Positive,Card,Mirpur
822,2025-04-09,Wednesday,4,1656,Burger,Fast Food,5,250,1250,24,5,19,2,Highly recommended,Positive,Bkash,Banani
823,2025-07-28,Monday,7,1777,Pasta,Main Course,2,350,700,21,2,19,2,Amazing quality,Positive,Card,Dhanmondi
824,2025-05-23,Friday,5,1342,Juice,Beverage,8,150,1200,23,8,15,2,Very tasty and fresh,Positive,Cash,Uttara
825,2025-12-20,Saturday,12,1318,Juice,Beverage,2,150,300,14,2,12,2,Loved the food,Positive,Cash,Dhanmondi
826,2025-09-03,Wednesday,9,1110,Juice,Beverage,1,150,150,16,1,15,5,Delivery was late,Negative,Card,Mirpur
827,2025-01-28,Tuesday,1,1449,Coffee,Beverage,4,180,720,11,4,7,2,Acceptable,Neutral,Nagad,Dhanmondi
828,2025-02-13,Thursday,2,1801,Burger,Fast Food,1,250,250,18,1,17,3,Excellent food and fast service,Positive,Cash,Banani
829,2025-01-29,Wednesday,1,1572,Pasta,Main Course,7,350,2450,14,7,7,2,Excellent food and fast service,Positive,Bkash,Banani
830,2025-07-25,Friday,7,1010,Pizza,Fast Food,7,550,3850,19,7,12,5,Bad experience,Negative,Nagad,Banani
831,2025-08-08,Friday,8,1464,Ice Cream,Dessert,2,120,240,17,2,15,4,Average taste,Neutral,Card,Dhanmondi
832,2025-02-22,Saturday,2,1652,Burger,Fast Food,2,250,500,13,2,11,4,Delivery was late,Negative,Bkash,Banani
833,2025-09-04,Thursday,9,1061,Ice Cream,Dessert,8,120,960,18,8,10,3,Excellent food and fast service,Positive,Bkash,Banani
834,2025-09-20,Saturday,9,1617,Coffee,Beverage,5,180,900,14,5,9,4,Loved the food,Positive,Bkash,Mirpur
835,2025-01-05,Sunday,1,1879,Noodles,Main Course,3,260,780,9,3,6,2,Amazing quality,Positive,Nagad,Mirpur
836,2025-04-11,Friday,4,1711,Fried Rice,Main Course,4,280,1120,11,4,7,5,Highly recommended,Positive,Bkash,Mirpur
837,2025-11-12,Wednesday,11,1897,Pasta,Main Course,7,350,2450,22,7,15,2,Highly recommended,Positive,Nagad,Uttara
838,2025-01-02,Thursday,1,1492,Fried Rice,Main Course,4,280,1120,23,4,19,4,It was okay,Neutral,Nagad,Uttara
839,2025-07-24,Thursday,7,1030,Biryani,Main Course,1,320,320,17,1,16,2,Loved the food,Positive,Card,Mirpur
840,2025-08-14,Thursday,8,1202,Fried Rice,Main Course,6,280,1680,12,6,6,4,Delivery was late,Negative,Card,Uttara
841,2025-05-15,Thursday,5,1180,Biryani,Main Course,6,320,1920,18,6,12,4,Excellent food and fast service,Positive,Cash,Dhanmondi
842,2025-12-13,Saturday,12,1312,Biryani,Main Course,7,320,2240,15,7,8,5,Very tasty and fresh,Positive,Card,Mirpur
843,2025-07-10,Thursday,7,1813,Biryani,Main Course,7,320,2240,14,7,7,3,Very tasty and fresh,Positive,Card,Banani
844,2025-12-22,Monday,12,1943,Coffee,Beverage,6,180,1080,24,6,18,2,Delivery was late,Negative,Card,Mirpur
845,2025-03-18,Tuesday,3,1893,Coffee,Beverage,4,180,720,10,4,6,3,Service was normal,Neutral,Nagad,Uttara
846,2025-02-11,Tuesday,2,1383,Sandwich,Fast Food,2,220,440,12,2,10,5,Amazing quality,Positive,Nagad,Uttara
847,2025-06-14,Saturday,6,1410,Coffee,Beverage,8,180,1440,28,8,20,2,Amazing quality,Positive,Card,Uttara
848,2025-04-14,Monday,4,1910,Sandwich,Fast Food,4,220,880,21,4,17,5,Highly recommended,Positive,Card,Mirpur
849,2025-05-11,Sunday,5,1455,Noodles,Main Course,2,260,520,11,2,9,4,Service was normal,Neutral,Card,Dhanmondi
850,2025-08-27,Wednesday,8,1418,Noodles,Main Course,6,260,1560,24,6,18,4,Highly recommended,Positive,Nagad,Mirpur
851,2025-05-20,Tuesday,5,1660,Juice,Beverage,1,150,150,11,1,10,2,Loved the food,Positive,Bkash,Dhanmondi
852,2025-05-31,Saturday,5,1121,Noodles,Main Course,2,260,520,15,2,13,2,Food was cold,Negative,Bkash,Dhanmondi
853,2025-10-07,Tuesday,10,1309,Fried Rice,Main Course,6,280,1680,17,6,11,4,Service was normal,Neutral,Card,Uttara
854,2025-10-06,Monday,10,1801,Pasta,Main Course,1,350,350,15,1,14,5,Loved the food,Positive,Nagad,Dhanmondi
855,2025-08-30,Saturday,8,1485,Noodles,Main Course,3,260,780,20,3,17,3,Very tasty and fresh,Positive,Nagad,Banani
856,2025-06-24,Tuesday,6,1214,Pizza,Fast Food,6,550,3300,17,6,11,5,Highly recommended,Positive,Nagad,Dhanmondi
857,2025-07-11,Friday,7,1511,Biryani,Main Course,3,320,960,17,3,14,4,Food was cold,Negative,Bkash,Uttara
858,2025-08-03,Sunday,8,1581,Juice,Beverage,7,150,1050,21,7,14,2,Excellent food and fast service,Positive,Card,Uttara
859,2025-06-19,Thursday,6,1065,Ice Cream,Dessert,7,120,840,24,7,17,5,Highly recommended,Positive,Card,Banani
860,2025-02-25,Tuesday,2,1691,Coffee,Beverage,8,180,1440,22,8,14,3,Excellent food and fast service,Positive,Cash,Banani
861,2025-01-14,Tuesday,1,1290,Biryani,Main Course,4,320,1280,11,4,7,3,Not worth the price,Negative,Card,Mirpur
862,2025-12-04,Thursday,12,1011,Noodles,Main Course,2,260,520,21,2,19,3,Amazing quality,Positive,Bkash,Banani
863,2025-07-20,Sunday,7,1760,Biryani,Main Course,2,320,640,11,2,9,2,Highly recommended,Positive,Nagad,Uttara
864,2025-03-08,Saturday,3,1162,Fried Rice,Main Course,5,280,1400,23,5,18,4,Not worth the price,Negative,Card,Banani
865,2025-05-22,Thursday,5,1619,Fried Rice,Main Course,1,280,280,10,1,9,3,Highly recommended,Positive,Bkash,Banani
866,2025-08-24,Sunday,8,1355,Sandwich,Fast Food,1,220,220,8,1,7,4,Highly recommended,Positive,Nagad,Uttara
867,2025-08-01,Friday,8,1715,Fried Rice,Main Course,3,280,840,21,3,18,2,Very tasty and fresh,Positive,Nagad,Dhanmondi
868,2025-05-03,Saturday,5,1714,Biryani,Main Course,5,320,1600,19,5,14,3,Average taste,Neutral,Nagad,Banani
869,2025-10-11,Saturday,10,1784,Pizza,Fast Food,6,550,3300,13,6,7,4,Acceptable,Neutral,Nagad,Banani
870,2025-03-26,Wednesday,3,1654,Pasta,Main Course,4,350,1400,10,4,6,5,Excellent food and fast service,Positive,Nagad,Mirpur
871,2025-07-24,Thursday,7,1726,Fried Rice,Main Course,7,280,1960,13,7,6,3,Excellent food and fast service,Positive,Bkash,Banani
872,2025-09-06,Saturday,9,1730,Sandwich,Fast Food,2,220,440,9,2,7,5,Very tasty and fresh,Positive,Card,Banani
873,2025-05-23,Friday,5,1301,Biryani,Main Course,3,320,960,8,3,5,2,It was okay,Neutral,Nagad,Uttara
874,2025-02-09,Sunday,2,1221,Burger,Fast Food,5,250,1250,14,5,9,2,Very tasty and fresh,Positive,Card,Banani
875,2025-12-23,Tuesday,12,1053,Burger,Fast Food,2,250,500,19,2,17,2,Nothing special,Neutral,Cash,Banani
876,2025-04-14,Monday,4,1431,Fried Rice,Main Course,6,280,1680,18,6,12,2,Excellent food and fast service,Positive,Cash,Mirpur
877,2025-04-09,Wednesday,4,1741,Pizza,Fast Food,4,550,2200,12,4,8,3,It was okay,Neutral,Cash,Banani
878,2025-09-20,Saturday,9,1639,Pizza,Fast Food,6,550,3300,21,6,15,3,Very tasty and fresh,Positive,Nagad,Banani
879,2025-03-03,Monday,3,1015,Fried Rice,Main Course,4,280,1120,12,4,8,5,Very tasty and fresh,Positive,Bkash,Dhanmondi
880,2025-07-19,Saturday,7,1665,Fried Rice,Main Course,8,280,2240,20,8,12,4,Loved the food,Positive,Cash,Dhanmondi
881,2025-04-22,Tuesday,4,1729,Juice,Beverage,5,150,750,25,5,20,3,Food was cold,Negative,Bkash,Dhanmondi
882,2025-11-04,Tuesday,11,1871,Coffee,Beverage,7,180,1260,16,7,9,5,Loved the food,Positive,Cash,Mirpur
883,2025-01-10,Friday,1,1515,Ice Cream,Dessert,8,120,960,25,8,17,2,Very tasty and fresh,Positive,Card,Dhanmondi
884,2025-11-12,Wednesday,11,1634,Pizza,Fast Food,5,550,2750,17,5,12,2,It was okay,Neutral,Cash,Uttara
885,2025-07-11,Friday,7,1657,Sandwich,Fast Food,5,220,1100,16,5,11,2,Very tasty and fresh,Positive,Card,Banani
886,2025-06-18,Wednesday,6,1533,Biryani,Main Course,5,320,1600,20,5,15,5,Average taste,Neutral,Bkash,Dhanmondi
887,2025-04-28,Monday,4,1928,Coffee,Beverage,6,180,1080,18,6,12,3,Excellent food and fast service,Positive,Card,Banani
888,2025-09-24,Wednesday,9,1890,Coffee,Beverage,3,180,540,22,3,19,5,Average taste,Neutral,Cash,Uttara
889,2025-01-27,Monday,1,1562,Biryani,Main Course,4,320,1280,13,4,9,3,Amazing quality,Positive,Card,Dhanmondi
890,2025-08-07,Thursday,8,1434,Sandwich,Fast Food,5,220,1100,15,5,10,3,It was okay,Neutral,Card,Mirpur
891,2025-05-27,Tuesday,5,1081,Ice Cream,Dessert,8,120,960,19,8,11,4,Highly recommended,Positive,Nagad,Banani
892,2025-03-27,Thursday,3,1778,Sandwich,Fast Food,8,220,1760,26,8,18,3,Highly recommended,Positive,Nagad,Dhanmondi
893,2025-07-15,Tuesday,7,1566,Juice,Beverage,2,150,300,16,2,14,3,Very tasty and fresh,Positive,Bkash,Banani
894,2025-08-26,Tuesday,8,1492,Pasta,Main Course,8,350,2800,22,8,14,2,Amazing quality,Positive,Bkash,Uttara
895,2025-08-29,Friday,8,1747,Fried Rice,Main Course,3,280,840,14,3,11,4,Amazing quality,Positive,Nagad,Banani
896,2025-08-01,Friday,8,1072,Juice,Beverage,6,150,900,23,6,17,5,Amazing quality,Positive,Cash,Dhanmondi
897,2025-07-17,Thursday,7,1789,Ice Cream,Dessert,3,120,360,14,3,11,4,Service was normal,Neutral,Nagad,Mirpur
898,2025-12-23,Tuesday,12,1489,Burger,Fast Food,7,250,1750,25,7,18,2,It was okay,Neutral,Bkash,Dhanmondi
899,2025-12-24,Wednesday,12,1260,Biryani,Main Course,5,320,1600,24,5,19,3,Delivery was late,Negative,Card,Dhanmondi
900,2025-03-01,Saturday,3,1530,Pizza,Fast Food,7,550,3850,24,7,17,3,Average taste,Neutral,Nagad,Uttara
901,2025-08-07,Thursday,8,1770,Pasta,Main Course,5,350,1750,22,5,17,2,Highly recommended,Positive,Cash,Mirpur
902,2025-03-15,Saturday,3,1172,Pasta,Main Course,4,350,1400,21,4,17,5,Average taste,Neutral,Cash,Dhanmondi
903,2025-02-05,Wednesday,2,1180,Juice,Beverage,7,150,1050,21,7,14,4,It was okay,Neutral,Card,Uttara
904,2025-04-12,Saturday,4,1190,Sandwich,Fast Food,3,220,660,11,3,8,3,Very tasty and fresh,Positive,Cash,Uttara
905,2025-04-09,Wednesday,4,1111,Pasta,Main Course,7,350,2450,26,7,19,3,Acceptable,Neutral,Cash,Mirpur
906,2025-02-13,Thursday,2,1599,Juice,Beverage,2,150,300,15,2,13,3,Excellent food and fast service,Positive,Nagad,Banani
907,2025-12-11,Thursday,12,1681,Pizza,Fast Food,1,550,550,7,1,6,2,Excellent food and fast service,Positive,Cash,Uttara
908,2025-09-25,Thursday,9,1775,Burger,Fast Food,7,250,1750,20,7,13,4,Not worth the price,Negative,Nagad,Mirpur
909,2025-07-09,Wednesday,7,1387,Coffee,Beverage,6,180,1080,18,6,12,2,Not worth the price,Negative,Bkash,Mirpur
910,2025-02-21,Friday,2,1026,Burger,Fast Food,8,250,2000,25,8,17,2,It was okay,Neutral,Bkash,Uttara
911,2025-07-08,Tuesday,7,1653,Sandwich,Fast Food,8,220,1760,26,8,18,4,Average taste,Neutral,Cash,Mirpur
912,2025-01-24,Friday,1,1756,Coffee,Beverage,8,180,1440,20,8,12,2,Nothing special,Neutral,Bkash,Banani
913,2025-09-01,Monday,9,1890,Pizza,Fast Food,7,550,3850,21,7,14,2,It was okay,Neutral,Card,Banani
914,2025-02-14,Friday,2,1493,Pasta,Main Course,8,350,2800,18,8,10,3,Food was cold,Negative,Card,Uttara
915,2025-03-29,Saturday,3,1164,Pizza,Fast Food,2,550,1100,20,2,18,4,Food was cold,Negative,Nagad,Mirpur
916,2025-04-23,Wednesday,4,1648,Pasta,Main Course,8,350,2800,16,8,8,5,Acceptable,Neutral,Cash,Mirpur
917,2025-04-25,Friday,4,1669,Ice Cream,Dessert,2,120,240,17,2,15,5,Highly recommended,Positive,Card,Uttara
918,2025-05-13,Tuesday,5,1758,Pizza,Fast Food,5,550,2750,12,5,7,3,Loved the food,Positive,Cash,Mirpur
919,2025-03-07,Friday,3,1548,Coffee,Beverage,7,180,1260,12,7,5,3,Amazing quality,Positive,Nagad,Banani
920,2025-06-13,Friday,6,1551,Coffee,Beverage,3,180,540,15,3,12,5,Excellent food and fast service,Positive,Bkash,Uttara
921,2025-06-01,Sunday,6,1149,Fried Rice,Main Course,8,280,2240,27,8,19,2,Loved the food,Positive,Bkash,Mirpur
922,2025-09-15,Monday,9,1506,Pizza,Fast Food,5,550,2750,25,5,20,4,It was okay,Neutral,Nagad,Dhanmondi
923,2025-06-20,Friday,6,1945,Biryani,Main Course,4,320,1280,16,4,12,3,Average taste,Neutral,Nagad,Banani
924,2025-06-03,Tuesday,6,1356,Biryani,Main Course,1,320,320,18,1,17,5,Highly recommended,Positive,Nagad,Dhanmondi
925,2025-09-28,Sunday,9,1403,Pasta,Main Course,5,350,1750,16,5,11,2,Acceptable,Neutral,Card,Mirpur
926,2025-10-25,Saturday,10,1140,Burger,Fast Food,5,250,1250,24,5,19,5,Acceptable,Neutral,Nagad,Mirpur
927,2025-03-16,Sunday,3,1370,Fried Rice,Main Course,4,280,1120,15,4,11,2,Average taste,Neutral,Card,Banani
928,2025-08-07,Thursday,8,1183,Biryani,Main Course,1,320,320,9,1,8,2,Highly recommended,Positive,Cash,Mirpur
929,2025-10-31,Friday,10,1246,Juice,Beverage,3,150,450,20,3,17,5,Excellent food and fast service,Positive,Nagad,Mirpur
930,2025-12-19,Friday,12,1796,Ice Cream,Dessert,3,120,360,20,3,17,5,Average taste,Neutral,Nagad,Mirpur
931,2025-11-20,Thursday,11,1124,Sandwich,Fast Food,6,220,1320,11,6,5,5,Excellent food and fast service,Positive,Card,Dhanmondi
932,2025-10-28,Tuesday,10,1813,Ice Cream,Dessert,8,120,960,21,8,13,3,Average taste,Neutral,Nagad,Banani
933,2025-11-27,Thursday,11,1730,Juice,Beverage,5,150,750,14,5,9,3,Excellent food and fast service,Positive,Nagad,Dhanmondi
934,2025-07-21,Monday,7,1551,Noodles,Main Course,8,260,2080,15,8,7,2,Amazing quality,Positive,Card,Dhanmondi
935,2025-04-03,Thursday,4,1125,Ice Cream,Dessert,3,120,360,8,3,5,2,Loved the food,Positive,Card,Uttara
936,2025-12-01,Monday,12,1086,Biryani,Main Course,2,320,640,15,2,13,2,Food was cold,Negative,Bkash,Mirpur
937,2025-10-06,Monday,10,1968,Biryani,Main Course,7,320,2240,12,7,5,4,Excellent food and fast service,Positive,Nagad,Uttara
938,2025-10-23,Thursday,10,1214,Sandwich,Fast Food,6,220,1320,22,6,16,2,Acceptable,Neutral,Cash,Uttara
939,2025-01-19,Sunday,1,1980,Fried Rice,Main Course,3,280,840,17,3,14,3,Delivery was late,Negative,Card,Mirpur
940,2025-05-23,Friday,5,1390,Biryani,Main Course,7,320,2240,14,7,7,3,Loved the food,Positive,Nagad,Banani
941,2025-02-12,Wednesday,2,1644,Pasta,Main Course,7,350,2450,16,7,9,4,Excellent food and fast service,Positive,Card,Mirpur
942,2025-10-16,Thursday,10,1806,Noodles,Main Course,3,260,780,21,3,18,5,Too salty,Negative,Nagad,Dhanmondi
943,2025-11-06,Thursday,11,1700,Fried Rice,Main Course,2,280,560,15,2,13,5,Excellent food and fast service,Positive,Cash,Mirpur
944,2025-11-24,Monday,11,1889,Pizza,Fast Food,6,550,3300,21,6,15,3,It was okay,Neutral,Bkash,Dhanmondi
945,2025-02-20,Thursday,2,1179,Juice,Beverage,4,150,600,21,4,17,4,Food was cold,Negative,Nagad,Dhanmondi
946,2025-09-28,Sunday,9,1174,Coffee,Beverage,5,180,900,18,5,13,4,Average taste,Neutral,Nagad,Uttara
947,2025-06-26,Thursday,6,1009,Noodles,Main Course,7,260,1820,27,7,20,3,Loved the food,Positive,Card,Uttara
948,2025-07-13,Sunday,7,1724,Ice Cream,Dessert,5,120,600,11,5,6,3,Too salty,Negative,Nagad,Banani
949,2025-04-04,Friday,4,1975,Sandwich,Fast Food,6,220,1320,25,6,19,5,Loved the food,Positive,Card,Mirpur
950,2025-11-22,Saturday,11,1649,Pizza,Fast Food,5,550,2750,23,5,18,2,Average taste,Neutral,Cash,Uttara
951,2025-02-17,Monday,2,1951,Biryani,Main Course,1,320,320,8,1,7,5,Acceptable,Neutral,Cash,Banani
952,2025-12-13,Saturday,12,1714,Noodles,Main Course,3,260,780,23,3,20,2,Amazing quality,Positive,Nagad,Dhanmondi
953,2025-11-12,Wednesday,11,1250,Fried Rice,Main Course,1,280,280,19,1,18,2,Service was normal,Neutral,Nagad,Uttara
954,2025-12-12,Friday,12,1526,Noodles,Main Course,4,260,1040,14,4,10,4,Very tasty and fresh,Positive,Cash,Banani
955,2025-09-11,Thursday,9,1935,Juice,Beverage,3,150,450,19,3,16,3,Too salty,Negative,Cash,Mirpur
956,2025-06-03,Tuesday,6,1403,Sandwich,Fast Food,5,220,1100,18,5,13,3,Amazing quality,Positive,Bkash,Dhanmondi
957,2025-08-26,Tuesday,8,1471,Ice Cream,Dessert,8,120,960,14,8,6,4,Amazing quality,Positive,Bkash,Mirpur
958,2025-02-24,Monday,2,1103,Burger,Fast Food,6,250,1500,16,6,10,5,Excellent food and fast service,Positive,Nagad,Uttara
959,2025-02-13,Thursday,2,1007,Noodles,Main Course,3,260,780,21,3,18,3,Highly recommended,Positive,Bkash,Uttara
960,2025-08-29,Friday,8,1549,Juice,Beverage,6,150,900,20,6,14,4,Very tasty and fresh,Positive,Cash,Banani
961,2025-12-03,Wednesday,12,1005,Sandwich,Fast Food,3,220,660,12,3,9,4,Highly recommended,Positive,Card,Dhanmondi
962,2025-04-08,Tuesday,4,1922,Pasta,Main Course,1,350,350,10,1,9,2,Loved the food,Positive,Card,Uttara
963,2025-09-03,Wednesday,9,1819,Pasta,Main Course,2,350,700,20,2,18,3,Highly recommended,Positive,Bkash,Banani
964,2025-09-14,Sunday,9,1129,Juice,Beverage,3,150,450,11,3,8,3,Food was cold,Negative,Bkash,Dhanmondi
965,2025-12-17,Wednesday,12,1755,Fried Rice,Main Course,1,280,280,16,1,15,2,Amazing quality,Positive,Nagad,Banani
966,2025-05-29,Thursday,5,1632,Pasta,Main Course,8,350,2800,15,8,7,3,It was okay,Neutral,Card,Uttara
967,2025-05-24,Saturday,5,1203,Pizza,Fast Food,5,550,2750,17,5,12,5,Nothing special,Neutral,Cash,Uttara
968,2025-04-07,Monday,4,1039,Ice Cream,Dessert,3,120,360,15,3,12,4,Highly recommended,Positive,Card,Uttara
969,2025-08-07,Thursday,8,1417,Burger,Fast Food,4,250,1000,11,4,7,4,Not worth the price,Negative,Card,Uttara
970,2025-06-22,Sunday,6,1311,Juice,Beverage,8,150,1200,14,8,6,2,Excellent food and fast service,Positive,Bkash,Mirpur
971,2025-05-24,Saturday,5,1186,Coffee,Beverage,7,180,1260,19,7,12,2,Excellent food and fast service,Positive,Cash,Dhanmondi
972,2025-12-05,Friday,12,1103,Coffee,Beverage,4,180,720,18,4,14,5,Amazing quality,Positive,Card,Mirpur
973,2025-09-09,Tuesday,9,1699,Coffee,Beverage,6,180,1080,20,6,14,3,Excellent food and fast service,Positive,Bkash,Mirpur
974,2025-07-05,Saturday,7,1598,Ice Cream,Dessert,6,120,720,18,6,12,5,It was okay,Neutral,Cash,Dhanmondi
975,2025-03-08,Saturday,3,1197,Ice Cream,Dessert,2,120,240,8,2,6,5,Very tasty and fresh,Positive,Cash,Dhanmondi
976,2025-10-07,Tuesday,10,1546,Ice Cream,Dessert,6,120,720,20,6,14,3,It was okay,Neutral,Cash,Uttara
977,2025-04-09,Wednesday,4,1644,Juice,Beverage,5,150,750,21,5,16,2,Not worth the price,Negative,Nagad,Dhanmondi
978,2025-09-05,Friday,9,1296,Juice,Beverage,1,150,150,11,1,10,2,Very tasty and fresh,Positive,Cash,Uttara
979,2025-07-23,Wednesday,7,1393,Sandwich,Fast Food,2,220,440,12,2,10,5,Amazing quality,Positive,Nagad,Mirpur
980,2025-04-16,Wednesday,4,1713,Biryani,Main Course,1,320,320,11,1,10,2,Amazing quality,Positive,Nagad,Mirpur
981,2025-06-05,Thursday,6,1229,Fried Rice,Main Course,5,280,1400,18,5,13,2,Very tasty and fresh,Positive,Card,Mirpur
982,2025-01-21,Tuesday,1,1657,Biryani,Main Course,5,320,1600,14,5,9,3,Excellent food and fast service,Positive,Card,Dhanmondi
983,2025-01-01,Wednesday,1,1270,Coffee,Beverage,6,180,1080,21,6,15,3,Amazing quality,Positive,Nagad,Mirpur
984,2025-06-16,Monday,6,1180,Burger,Fast Food,1,250,250,17,1,16,4,Loved the food,Positive,Cash,Dhanmondi
985,2025-12-19,Friday,12,1332,Juice,Beverage,5,150,750,16,5,11,4,Delivery was late,Negative,Card,Banani
986,2025-03-21,Friday,3,1095,Sandwich,Fast Food,4,220,880,22,4,18,5,Highly recommended,Positive,Card,Banani
987,2025-04-05,Saturday,4,1663,Biryani,Main Course,4,320,1280,24,4,20,4,Delivery was late,Negative,Cash,Mirpur
988,2025-03-25,Tuesday,3,1436,Biryani,Main Course,7,320,2240,18,7,11,3,Excellent food and fast service,Positive,Nagad,Banani
989,2025-02-21,Friday,2,1393,Noodles,Main Course,3,260,780,8,3,5,2,Nothing special,Neutral,Cash,Dhanmondi
990,2025-11-26,Wednesday,11,1146,Burger,Fast Food,3,250,750,15,3,12,2,Service was normal,Neutral,Cash,Dhanmondi
991,2025-10-05,Sunday,10,1913,Coffee,Beverage,2,180,360,13,2,11,5,Amazing quality,Positive,Card,Mirpur
992,2025-06-19,Thursday,6,1642,Sandwich,Fast Food,3,220,660,15,3,12,2,Loved the food,Positive,Cash,Dhanmondi
993,2025-02-22,Saturday,2,1145,Noodles,Main Course,5,260,1300,13,5,8,2,Highly recommended,Positive,Card,Dhanmondi
994,2025-04-27,Sunday,4,1231,Juice,Beverage,7,150,1050,16,7,9,5,Loved the food,Positive,Cash,Banani
995,2025-03-28,Friday,3,1365,Pizza,Fast Food,4,550,2200,12,4,8,2,Too salty,Negative,Bkash,Dhanmondi
996,2025-07-04,Friday,7,1342,Pizza,Fast Food,1,550,550,10,1,9,3,Amazing quality,Positive,Nagad,Uttara
997,2025-12-08,Monday,12,1938,Pasta,Main Course,5,350,1750,21,5,16,5,Too salty,Negative,Bkash,Mirpur
998,2025-12-31,Wednesday,12,1327,Pizza,Fast Food,1,550,550,10,1,9,3,It was okay,Neutral,Nagad,Banani
999,2025-09-02,Tuesday,9,1148,Pizza,Fast Food,2,550,1100,20,2,18,2,Too salty,Negative,Bkash,Uttara
1000,2025-04-04,Friday,4,1710,Juice,Beverage,6,150,900,21,6,15,5,Highly recommended,Positive,Bkash,Uttara
1001,2025-12-01,Monday,12,1546,Fried Rice,Main Course,7,280,1960,25,7,18,5,Amazing quality,Positive,Card,Banani
1002,2025-02-12,Wednesday,2,1370,Ice Cream,Dessert,7,120,840,19,7,12,2,It was okay,Neutral,Card,Dhanmondi
1003,2025-07-05,Saturday,7,1933,Noodles,Main Course,8,260,2080,17,8,9,4,Food was cold,Negative,Bkash,Uttara
1004,2025-05-31,Saturday,5,1057,Sandwich,Fast Food,3,220,660,21,3,18,3,Very tasty and fresh,Positive,Cash,Uttara
1005,2025-07-13,Sunday,7,1678,Burger,Fast Food,7,250,1750,23,7,16,2,Excellent food and fast service,Positive,Nagad,Uttara
1006,2025-01-16,Thursday,1,1012,Biryani,Main Course,6,320,1920,15,6,9,5,Excellent food and fast service,Positive,Card,Uttara
1007,2025-08-29,Friday,8,1454,Biryani,Main Course,5,320,1600,25,5,20,2,Loved the food,Positive,Bkash,Dhanmondi
1008,2025-03-21,Friday,3,1405,Burger,Fast Food,1,250,250,11,1,10,5,Excellent food and fast service,Positive,Nagad,Mirpur
1009,2025-10-20,Monday,10,1278,Noodles,Main Course,5,260,1300,17,5,12,2,Very tasty and fresh,Positive,Nagad,Uttara
1010,2025-04-19,Saturday,4,1619,Juice,Beverage,1,150,150,13,1,12,2,Amazing quality,Positive,Nagad,Banani
1011,2025-06-10,Tuesday,6,1662,Juice,Beverage,7,150,1050,17,7,10,5,Loved the food,Positive,Card,Mirpur
1012,2025-02-25,Tuesday,2,1028,Pizza,Fast Food,2,550,1100,18,2,16,3,Service was normal,Neutral,Bkash,Uttara
1013,2025-10-05,Sunday,10,1192,Pizza,Fast Food,2,550,1100,13,2,11,3,Loved the food,Positive,Cash,Uttara
1014,2025-05-18,Sunday,5,1095,Pizza,Fast Food,1,550,550,21,1,20,4,Loved the food,Positive,Cash,Mirpur
1015,2025-05-25,Sunday,5,1997,Juice,Beverage,4,150,600,19,4,15,3,Service was normal,Neutral,Cash,Mirpur
1016,2025-07-28,Monday,7,1488,Noodles,Main Course,2,260,520,11,2,9,2,Highly recommended,Positive,Bkash,Uttara
1017,2025-03-19,Wednesday,3,1905,Sandwich,Fast Food,2,220,440,9,2,7,3,Delivery was late,Negative,Card,Uttara
1018,2025-09-14,Sunday,9,1297,Noodles,Main Course,6,260,1560,25,6,19,4,Service was normal,Neutral,Nagad,Dhanmondi
1019,2025-12-31,Wednesday,12,1076,Juice,Beverage,4,150,600,15,4,11,3,Bad experience,Negative,Nagad,Dhanmondi
1020,2025-01-08,Wednesday,1,1321,Biryani,Main Course,5,320,1600,12,5,7,3,Highly recommended,Positive,Bkash,Uttara
1021,2025-02-04,Tuesday,2,1727,Pasta,Main Course,6,350,2100,22,6,16,5,Very tasty and fresh,Positive,Bkash,Banani
1022,2025-05-12,Monday,5,1040,Sandwich,Fast Food,3,220,660,11,3,8,4,Not worth the price,Negative,Bkash,Banani
1023,2025-07-29,Tuesday,7,1974,Ice Cream,Dessert,3,120,360,22,3,19,4,Amazing quality,Positive,Bkash,Dhanmondi
1024,2025-12-16,Tuesday,12,1635,Juice,Beverage,8,150,1200,21,8,13,2,Food was cold,Negative,Card,Dhanmondi
1025,2025-03-21,Friday,3,1874,Pizza,Fast Food,5,550,2750,22,5,17,2,Highly recommended,Positive,Card,Banani
1026,2025-08-25,Monday,8,1921,Pizza,Fast Food,6,550,3300,25,6,19,5,Amazing quality,Positive,Cash,Dhanmondi
1027,2025-04-03,Thursday,4,1066,Pizza,Fast Food,7,550,3850,25,7,18,4,Loved the food,Positive,Bkash,Banani
1028,2025-04-19,Saturday,4,1159,Sandwich,Fast Food,2,220,440,15,2,13,5,Amazing quality,Positive,Card,Uttara
1029,2025-06-13,Friday,6,1808,Ice Cream,Dessert,1,120,120,18,1,17,5,Loved the food,Positive,Nagad,Uttara
1030,2025-01-28,Tuesday,1,1085,Fried Rice,Main Course,1,280,280,19,1,18,3,Very tasty and fresh,Positive,Cash,Mirpur
1031,2025-07-27,Sunday,7,1219,Pizza,Fast Food,5,550,2750,24,5,19,4,Bad experience,Negative,Card,Dhanmondi
1032,2025-02-17,Monday,2,1964,Juice,Beverage,6,150,900,20,6,14,5,Loved the food,Positive,Nagad,Banani
1033,2025-10-02,Thursday,10,1398,Biryani,Main Course,7,320,2240,23,7,16,2,Bad experience,Negative,Card,Dhanmondi
1034,2025-12-08,Monday,12,1014,Ice Cream,Dessert,3,120,360,18,3,15,3,Service was normal,Neutral,Nagad,Uttara
1035,2025-09-13,Saturday,9,1461,Coffee,Beverage,2,180,360,20,2,18,3,Excellent food and fast service,Positive,Nagad,Dhanmondi
1036,2025-01-19,Sunday,1,1615,Fried Rice,Main Course,4,280,1120,22,4,18,5,It was okay,Neutral,Card,Mirpur
1037,2025-04-18,Friday,4,1309,Fried Rice,Main Course,1,280,280,17,1,16,4,Food was cold,Negative,Cash,Banani
1038,2025-11-29,Saturday,11,1436,Sandwich,Fast Food,7,220,1540,25,7,18,4,Amazing quality,Positive,Cash,Uttara
1039,2025-08-23,Saturday,8,1555,Juice,Beverage,6,150,900,16,6,10,5,Very tasty and fresh,Positive,Nagad,Mirpur
1040,2025-12-04,Thursday,12,1091,Juice,Beverage,5,150,750,13,5,8,2,Food was cold,Negative,Nagad,Dhanmondi
1041,2025-09-12,Friday,9,1683,Ice Cream,Dessert,2,120,240,21,2,19,4,Excellent food and fast service,Positive,Nagad,Uttara
1042,2025-04-25,Friday,4,1973,Sandwich,Fast Food,7,220,1540,15,7,8,2,Highly recommended,Positive,Bkash,Banani
1043,2025-07-31,Thursday,7,1290,Juice,Beverage,1,150,150,17,1,16,4,Acceptable,Neutral,Bkash,Mirpur
1044,2025-08-01,Friday,8,1157,Fried Rice,Main Course,1,280,280,19,1,18,4,Excellent food and fast service,Positive,Bkash,Mirpur
1045,2025-03-29,Saturday,3,1197,Ice Cream,Dessert,7,120,840,19,7,12,5,Highly recommended,Positive,Cash,Banani
1046,2025-03-07,Friday,3,1162,Juice,Beverage,3,150,450,20,3,17,5,Bad experience,Negative,Card,Dhanmondi
1047,2025-12-30,Tuesday,12,1857,Biryani,Main Course,2,320,640,19,2,17,3,Too salty,Negative,Bkash,Uttara
1048,2025-02-17,Monday,2,1156,Pizza,Fast Food,1,550,550,19,1,18,2,Amazing quality,Positive,Cash,Banani
1049,2025-01-13,Monday,1,1304,Biryani,Main Course,8,320,2560,24,8,16,3,Very tasty and fresh,Positive,Card,Banani
1050,2025-05-14,Wednesday,5,1653,Burger,Fast Food,5,250,1250,12,5,7,2,Food was cold,Negative,Cash,Banani
1051,2025-11-02,Sunday,11,1095,Pizza,Fast Food,2,550,1100,11,2,9,2,Very tasty and fresh,Positive,Nagad,Mirpur
1052,2025-04-17,Thursday,4,1075,Juice,Beverage,2,150,300,22,2,20,5,Nothing special,Neutral,Cash,Uttara
1053,2025-12-18,Thursday,12,1827,Juice,Beverage,7,150,1050,22,7,15,3,Nothing special,Neutral,Card,Mirpur
1054,2025-01-06,Monday,1,1495,Biryani,Main Course,1,320,320,9,1,8,2,Too salty,Negative,Card,Mirpur
1055,2025-03-04,Tuesday,3,1221,Fried Rice,Main Course,1,280,280,6,1,5,4,Very tasty and fresh,Positive,Cash,Uttara
1056,2025-01-16,Thursday,1,1274,Coffee,Beverage,3,180,540,15,3,12,4,Very tasty and fresh,Positive,Nagad,Uttara
1057,2025-02-17,Monday,2,1446,Coffee,Beverage,5,180,900,24,5,19,5,Nothing special,Neutral,Card,Mirpur
1058,2025-03-30,Sunday,3,1319,Fried Rice,Main Course,5,280,1400,22,5,17,3,Amazing quality,Positive,Card,Banani
1059,2025-08-10,Sunday,8,1110,Sandwich,Fast Food,7,220,1540,20,7,13,5,Bad experience,Negative,Nagad,Uttara
1060,2025-10-18,Saturday,10,1981,Coffee,Beverage,6,180,1080,13,6,7,4,Excellent food and fast service,Positive,Nagad,Mirpur
1061,2025-11-06,Thursday,11,1828,Noodles,Main Course,6,260,1560,23,6,17,4,Very tasty and fresh,Positive,Nagad,Uttara
1062,2025-07-03,Thursday,7,1148,Fried Rice,Main Course,2,280,560,13,2,11,4,Service was normal,Neutral,Cash,Dhanmondi
1063,2025-06-13,Friday,6,1920,Burger,Fast Food,6,250,1500,17,6,11,3,Loved the food,Positive,Cash,Banani
1064,2025-05-26,Monday,5,1733,Ice Cream,Dessert,4,120,480,15,4,11,2,Loved the food,Positive,Nagad,Banani
1065,2025-06-12,Thursday,6,1510,Coffee,Beverage,4,180,720,15,4,11,2,Highly recommended,Positive,Bkash,Banani
1066,2025-03-03,Monday,3,1392,Pizza,Fast Food,8,550,4400,18,8,10,3,Acceptable,Neutral,Cash,Mirpur
1067,2025-01-10,Friday,1,1037,Ice Cream,Dessert,1,120,120,20,1,19,2,Highly recommended,Positive,Bkash,Dhanmondi
1068,2025-02-05,Wednesday,2,1324,Sandwich,Fast Food,2,220,440,20,2,18,4,Service was normal,Neutral,Nagad,Dhanmondi
1069,2025-10-12,Sunday,10,1505,Coffee,Beverage,8,180,1440,14,8,6,2,Highly recommended,Positive,Bkash,Dhanmondi
1070,2025-01-15,Wednesday,1,1882,Fried Rice,Main Course,1,280,280,6,1,5,5,Loved the food,Positive,Card,Uttara
1071,2025-02-15,Saturday,2,1265,Fried Rice,Main Course,6,280,1680,11,6,5,2,Food was cold,Negative,Cash,Dhanmondi
1072,2025-06-05,Thursday,6,1276,Pizza,Fast Food,5,550,2750,20,5,15,3,Nothing special,Neutral,Card,Banani
1073,2025-03-03,Monday,3,1652,Biryani,Main Course,6,320,1920,15,6,9,5,Nothing special,Neutral,Cash,Uttara
1074,2025-10-23,Thursday,10,1231,Sandwich,Fast Food,8,220,1760,21,8,13,2,Highly recommended,Positive,Bkash,Mirpur
1075,2025-12-31,Wednesday,12,1711,Pizza,Fast Food,6,550,3300,18,6,12,2,It was okay,Neutral,Cash,Banani
1076,2025-01-31,Friday,1,1192,Fried Rice,Main Course,1,280,280,12,1,11,5,Highly recommended,Positive,Cash,Mirpur
1077,2025-04-17,Thursday,4,1868,Ice Cream,Dessert,6,120,720,20,6,14,2,It was okay,Neutral,Card,Uttara
1078,2025-07-06,Sunday,7,1070,Juice,Beverage,8,150,1200,19,8,11,4,It was okay,Neutral,Nagad,Uttara
1079,2025-12-18,Thursday,12,1762,Pasta,Main Course,2,350,700,11,2,9,2,Excellent food and fast service,Positive,Card,Dhanmondi
1080,2025-08-24,Sunday,8,1463,Biryani,Main Course,5,320,1600,10,5,5,4,Amazing quality,Positive,Bkash,Dhanmondi
1081,2025-10-09,Thursday,10,1514,Pizza,Fast Food,6,550,3300,24,6,18,5,Highly recommended,Positive,Bkash,Dhanmondi
1082,2025-08-14,Thursday,8,1749,Pasta,Main Course,6,350,2100,14,6,8,5,Highly recommended,Positive,Card,Mirpur
1083,2025-04-07,Monday,4,1531,Juice,Beverage,3,150,450,16,3,13,5,Highly recommended,Positive,Cash,Dhanmondi
1084,2025-11-27,Thursday,11,1589,Fried Rice,Main Course,2,280,560,14,2,12,4,Excellent food and fast service,Positive,Card,Dhanmondi
1085,2025-09-30,Tuesday,9,1401,Pizza,Fast Food,5,550,2750,17,5,12,5,Not worth the price,Negative,Cash,Uttara
1086,2025-12-21,Sunday,12,1355,Pasta,Main Course,8,350,2800,19,8,11,4,Very tasty and fresh,Positive,Bkash,Dhanmondi
1087,2025-02-18,Tuesday,2,1174,Biryani,Main Course,8,320,2560,22,8,14,4,Delivery was late,Negative,Cash,Uttara
1088,2025-04-06,Sunday,4,1438,Coffee,Beverage,8,180,1440,17,8,9,4,Not worth the price,Negative,Cash,Uttara
1089,2025-05-16,Friday,5,1597,Pizza,Fast Food,3,550,1650,8,3,5,2,Highly recommended,Positive,Nagad,Uttara
1090,2025-08-30,Saturday,8,1855,Pizza,Fast Food,1,550,550,6,1,5,3,Loved the food,Positive,Card,Uttara
1091,2025-02-18,Tuesday,2,1558,Pizza,Fast Food,5,550,2750,20,5,15,4,Loved the food,Positive,Nagad,Mirpur
1092,2025-07-06,Sunday,7,1912,Sandwich,Fast Food,1,220,220,17,1,16,5,Loved the food,Positive,Cash,Mirpur
1093,2025-12-18,Thursday,12,1675,Noodles,Main Course,1,260,260,10,1,9,3,Delivery was late,Negative,Bkash,Banani
1094,2025-01-16,Thursday,1,1198,Fried Rice,Main Course,7,280,1960,23,7,16,5,Excellent food and fast service,Positive,Cash,Mirpur
1095,2025-11-17,Monday,11,1909,Noodles,Main Course,8,260,2080,18,8,10,4,Loved the food,Positive,Nagad,Banani
1096,2025-05-22,Thursday,5,1854,Pasta,Main Course,4,350,1400,10,4,6,2,Loved the food,Positive,Nagad,Banani
1097,2025-10-18,Saturday,10,1949,Coffee,Beverage,5,180,900,13,5,8,3,Not worth the price,Negative,Nagad,Uttara
1098,2025-09-25,Thursday,9,1818,Pasta,Main Course,3,350,1050,17,3,14,4,Excellent food and fast service,Positive,Cash,Banani
1099,2025-01-21,Tuesday,1,1005,Fried Rice,Main Course,5,280,1400,13,5,8,5,Loved the food,Positive,Bkash,Dhanmondi
1100,2025-01-26,Sunday,1,1681,Pasta,Main Course,3,350,1050,19,3,16,3,Bad experience,Negative,Cash,Mirpur
1101,2025-03-15,Saturday,3,1484,Fried Rice,Main Course,7,280,1960,14,7,7,4,Excellent food and fast service,Positive,Card,Banani
1102,2025-08-05,Tuesday,8,1318,Juice,Beverage,2,150,300,15,2,13,3,Bad experience,Negative,Nagad,Mirpur
1103,2025-10-24,Friday,10,1204,Biryani,Main Course,4,320,1280,17,4,13,4,Amazing quality,Positive,Bkash,Dhanmondi
1104,2025-06-02,Monday,6,1098,Ice Cream,Dessert,8,120,960,18,8,10,3,Highly recommended,Positive,Nagad,Mirpur
1105,2025-09-15,Monday,9,1984,Coffee,Beverage,8,180,1440,24,8,16,5,Highly recommended,Positive,Nagad,Dhanmondi
1106,2025-10-14,Tuesday,10,1928,Burger,Fast Food,7,250,1750,14,7,7,4,Acceptable,Neutral,Card,Mirpur
1107,2025-03-07,Friday,3,1128,Ice Cream,Dessert,5,120,600,11,5,6,5,Nothing special,Neutral,Cash,Banani
1108,2025-09-23,Tuesday,9,1341,Sandwich,Fast Food,1,220,220,8,1,7,2,Excellent food and fast service,Positive,Bkash,Banani
1109,2025-12-20,Saturday,12,1757,Coffee,Beverage,1,180,180,9,1,8,2,Acceptable,Neutral,Card,Uttara
1110,2025-10-15,Wednesday,10,1308,Sandwich,Fast Food,3,220,660,15,3,12,4,Delivery was late,Negative,Cash,Banani
1111,2025-11-16,Sunday,11,1901,Fried Rice,Main Course,2,280,560,9,2,7,2,Amazing quality,Positive,Cash,Uttara
1112,2025-04-15,Tuesday,4,1400,Pizza,Fast Food,8,550,4400,13,8,5,2,Not worth the price,Negative,Cash,Mirpur
1113,2025-07-27,Sunday,7,1266,Sandwich,Fast Food,3,220,660,15,3,12,5,Bad experience,Negative,Cash,Banani
1114,2025-03-16,Sunday,3,1174,Burger,Fast Food,3,250,750,12,3,9,3,Delivery was late,Negative,Nagad,Banani
1115,2025-05-29,Thursday,5,1400,Pasta,Main Course,2,350,700,22,2,20,5,Loved the food,Positive,Cash,Banani
1116,2025-08-02,Saturday,8,1577,Juice,Beverage,3,150,450,8,3,5,5,Excellent food and fast service,Positive,Cash,Mirpur
1117,2025-01-18,Saturday,1,1985,Ice Cream,Dessert,8,120,960,14,8,6,3,Too salty,Negative,Nagad,Banani
1118,2025-05-22,Thursday,5,1215,Burger,Fast Food,3,250,750,19,3,16,4,Amazing quality,Positive,Nagad,Dhanmondi
1119,2025-03-31,Monday,3,1285,Biryani,Main Course,6,320,1920,21,6,15,4,Very tasty and fresh,Positive,Nagad,Dhanmondi
1120,2025-11-27,Thursday,11,1589,Sandwich,Fast Food,7,220,1540,27,7,20,4,It was okay,Neutral,Card,Mirpur
1121,2025-10-29,Wednesday,10,1872,Ice Cream,Dessert,6,120,720,23,6,17,3,Excellent food and fast service,Positive,Card,Dhanmondi
1122,2025-12-07,Sunday,12,1790,Pizza,Fast Food,8,550,4400,28,8,20,3,Very tasty and fresh,Positive,Cash,Uttara
1123,2025-07-16,Wednesday,7,1038,Juice,Beverage,2,150,300,8,2,6,2,Average taste,Neutral,Nagad,Mirpur
1124,2025-11-07,Friday,11,1386,Burger,Fast Food,3,250,750,18,3,15,3,Highly recommended,Positive,Card,Uttara
1125,2025-05-10,Saturday,5,1444,Sandwich,Fast Food,8,220,1760,22,8,14,3,Very tasty and fresh,Positive,Cash,Dhanmondi
1126,2025-11-19,Wednesday,11,1368,Pizza,Fast Food,4,550,2200,10,4,6,5,Food was cold,Negative,Cash,Mirpur
1127,2025-04-05,Saturday,4,1847,Noodles,Main Course,8,260,2080,19,8,11,5,Bad experience,Negative,Bkash,Mirpur
1128,2025-11-13,Thursday,11,1894,Noodles,Main Course,3,260,780,10,3,7,2,Highly recommended,Positive,Cash,Uttara
1129,2025-09-22,Monday,9,1615,Pasta,Main Course,2,350,700,10,2,8,4,Excellent food and fast service,Positive,Cash,Uttara
1130,2025-05-29,Thursday,5,1991,Pasta,Main Course,7,350,2450,23,7,16,4,Very tasty and fresh,Positive,Cash,Uttara
1131,2025-09-23,Tuesday,9,1714,Ice Cream,Dessert,5,120,600,22,5,17,2,Acceptable,Neutral,Nagad,Mirpur
1132,2025-12-01,Monday,12,1342,Burger,Fast Food,1,250,250,16,1,15,2,Very tasty and fresh,Positive,Card,Uttara
1133,2025-10-08,Wednesday,10,1926,Coffee,Beverage,1,180,180,13,1,12,2,Amazing quality,Positive,Bkash,Dhanmondi
1134,2025-08-02,Saturday,8,1740,Ice Cream,Dessert,2,120,240,22,2,20,2,Too salty,Negative,Cash,Dhanmondi
1135,2025-09-12,Friday,9,1800,Noodles,Main Course,4,260,1040,20,4,16,3,Loved the food,Positive,Cash,Dhanmondi
1136,2025-01-14,Tuesday,1,1396,Fried Rice,Main Course,7,280,1960,12,7,5,5,Excellent food and fast service,Positive,Card,Banani
1137,2025-12-26,Friday,12,1925,Juice,Beverage,3,150,450,11,3,8,4,Amazing quality,Positive,Bkash,Uttara
1138,2025-06-25,Wednesday,6,1010,Juice,Beverage,1,150,150,13,1,12,3,Amazing quality,Positive,Nagad,Dhanmondi
1139,2025-01-08,Wednesday,1,1184,Fried Rice,Main Course,1,280,280,8,1,7,4,Highly recommended,Positive,Cash,Mirpur
1140,2025-06-29,Sunday,6,1490,Ice Cream,Dessert,4,120,480,18,4,14,2,Highly recommended,Positive,Cash,Dhanmondi
1141,2025-05-09,Friday,5,1919,Noodles,Main Course,4,260,1040,24,4,20,3,Service was normal,Neutral,Nagad,Mirpur
1142,2025-07-07,Monday,7,1326,Noodles,Main Course,5,260,1300,17,5,12,2,Loved the food,Positive,Cash,Mirpur
1143,2025-07-30,Wednesday,7,1861,Ice Cream,Dessert,8,120,960,21,8,13,3,Very tasty and fresh,Positive,Bkash,Uttara
1144,2025-03-04,Tuesday,3,1665,Coffee,Beverage,3,180,540,9,3,6,5,Not worth the price,Negative,Cash,Dhanmondi
1145,2025-09-13,Saturday,9,1847,Burger,Fast Food,5,250,1250,18,5,13,2,Loved the food,Positive,Cash,Mirpur
1146,2025-11-09,Sunday,11,1454,Juice,Beverage,8,150,1200,13,8,5,2,Not worth the price,Negative,Card,Uttara
1147,2025-07-14,Monday,7,1554,Biryani,Main Course,7,320,2240,13,7,6,4,Average taste,Neutral,Cash,Mirpur
1148,2025-05-15,Thursday,5,1444,Ice Cream,Dessert,4,120,480,9,4,5,5,Amazing quality,Positive,Cash,Dhanmondi
1149,2025-10-11,Saturday,10,1787,Juice,Beverage,5,150,750,24,5,19,4,Amazing quality,Positive,Card,Banani
1150,2025-08-28,Thursday,8,1087,Fried Rice,Main Course,3,280,840,8,3,5,3,Loved the food,Positive,Bkash,Mirpur
1151,2025-10-20,Monday,10,1801,Juice,Beverage,1,150,150,14,1,13,2,Loved the food,Positive,Cash,Mirpur
1152,2025-10-19,Sunday,10,1450,Coffee,Beverage,5,180,900,15,5,10,2,Excellent food and fast service,Positive,Nagad,Dhanmondi
1153,2025-07-03,Thursday,7,1283,Sandwich,Fast Food,4,220,880,22,4,18,4,Excellent food and fast service,Positive,Cash,Banani
1154,2025-04-03,Thursday,4,1232,Pasta,Main Course,5,350,1750,18,5,13,3,Delivery was late,Negative,Card,Dhanmondi
1155,2025-04-30,Wednesday,4,1593,Pizza,Fast Food,1,550,550,11,1,10,4,Nothing special,Neutral,Cash,Uttara
1156,2025-02-01,Saturday,2,1553,Pasta,Main Course,5,350,1750,10,5,5,2,Service was normal,Neutral,Card,Mirpur
1157,2025-02-25,Tuesday,2,1208,Pizza,Fast Food,8,550,4400,16,8,8,4,Very tasty and fresh,Positive,Bkash,Banani
1158,2025-02-06,Thursday,2,1807,Juice,Beverage,5,150,750,14,5,9,4,Amazing quality,Positive,Bkash,Banani
1159,2025-11-30,Sunday,11,1377,Coffee,Beverage,8,180,1440,22,8,14,2,It was okay,Neutral,Bkash,Uttara
1160,2025-10-30,Thursday,10,1732,Burger,Fast Food,2,250,500,13,2,11,4,Bad experience,Negative,Card,Banani
1161,2025-10-26,Sunday,10,1978,Burger,Fast Food,3,250,750,20,3,17,2,Average taste,Neutral,Card,Banani
1162,2025-10-03,Friday,10,1451,Pizza,Fast Food,1,550,550,21,1,20,4,Acceptable,Neutral,Bkash,Uttara
1163,2025-10-22,Wednesday,10,1236,Pasta,Main Course,4,350,1400,19,4,15,5,Loved the food,Positive,Bkash,Dhanmondi
1164,2025-12-21,Sunday,12,1573,Fried Rice,Main Course,8,280,2240,26,8,18,2,Loved the food,Positive,Bkash,Banani
1165,2025-11-06,Thursday,11,1947,Fried Rice,Main Course,8,280,2240,26,8,18,3,Very tasty and fresh,Positive,Nagad,Uttara
1166,2025-11-07,Friday,11,1418,Pasta,Main Course,5,350,1750,20,5,15,5,Excellent food and fast service,Positive,Card,Banani
1167,2025-11-20,Thursday,11,1428,Fried Rice,Main Course,3,280,840,22,3,19,4,Excellent food and fast service,Positive,Nagad,Dhanmondi
1168,2025-03-06,Thursday,3,1135,Burger,Fast Food,7,250,1750,12,7,5,5,Average taste,Neutral,Nagad,Mirpur
1169,2025-03-07,Friday,3,1605,Juice,Beverage,4,150,600,18,4,14,2,Loved the food,Positive,Cash,Dhanmondi
1170,2025-07-01,Tuesday,7,1296,Sandwich,Fast Food,7,220,1540,26,7,19,5,Nothing special,Neutral,Card,Uttara
1171,2025-10-29,Wednesday,10,1607,Noodles,Main Course,2,260,520,11,2,9,4,Bad experience,Negative,Nagad,Banani
1172,2025-06-14,Saturday,6,1237,Sandwich,Fast Food,3,220,660,16,3,13,4,Food was cold,Negative,Nagad,Mirpur
1173,2025-01-25,Saturday,1,1775,Ice Cream,Dessert,7,120,840,21,7,14,3,Loved the food,Positive,Card,Dhanmondi
1174,2025-04-18,Friday,4,1169,Juice,Beverage,5,150,750,20,5,15,2,Loved the food,Positive,Bkash,Mirpur
1175,2025-09-07,Sunday,9,1620,Sandwich,Fast Food,4,220,880,14,4,10,2,Loved the food,Positive,Card,Mirpur
1176,2025-03-14,Friday,3,1982,Pizza,Fast Food,4,550,2200,14,4,10,3,Excellent food and fast service,Positive,Cash,Banani
1177,2025-01-14,Tuesday,1,1436,Coffee,Beverage,4,180,720,18,4,14,5,Bad experience,Negative,Card,Banani
1178,2025-06-01,Sunday,6,1269,Pizza,Fast Food,2,550,1100,21,2,19,2,Not worth the price,Negative,Card,Mirpur
1179,2025-12-09,Tuesday,12,1744,Pizza,Fast Food,6,550,3300,13,6,7,2,It was okay,Neutral,Bkash,Uttara
1180,2025-09-17,Wednesday,9,1688,Coffee,Beverage,5,180,900,24,5,19,2,Acceptable,Neutral,Bkash,Dhanmondi
1181,2025-08-10,Sunday,8,1971,Pizza,Fast Food,6,550,3300,17,6,11,2,Food was cold,Negative,Card,Uttara
1182,2025-10-28,Tuesday,10,1496,Juice,Beverage,4,150,600,15,4,11,3,Very tasty and fresh,Positive,Nagad,Mirpur
1183,2025-03-09,Sunday,3,1502,Fried Rice,Main Course,2,280,560,13,2,11,3,Excellent food and fast service,Positive,Card,Dhanmondi
1184,2025-08-03,Sunday,8,1543,Pasta,Main Course,7,350,2450,19,7,12,3,Nothing special,Neutral,Bkash,Uttara
1185,2025-05-30,Friday,5,1492,Sandwich,Fast Food,8,220,1760,25,8,17,4,Amazing quality,Positive,Cash,Uttara
1186,2025-02-27,Thursday,2,1118,Pasta,Main Course,7,350,2450,26,7,19,3,Highly recommended,Positive,Nagad,Mirpur
1187,2025-12-05,Friday,12,1860,Pizza,Fast Food,6,550,3300,23,6,17,5,Nothing special,Neutral,Nagad,Uttara
1188,2025-01-15,Wednesday,1,1062,Pasta,Main Course,5,350,1750,16,5,11,4,Not worth the price,Negative,Bkash,Mirpur
1189,2025-07-30,Wednesday,7,1274,Juice,Beverage,8,150,1200,26,8,18,5,Excellent food and fast service,Positive,Card,Mirpur
1190,2025-11-22,Saturday,11,1896,Burger,Fast Food,5,250,1250,24,5,19,3,Amazing quality,Positive,Card,Dhanmondi
1191,2025-11-11,Tuesday,11,1973,Ice Cream,Dessert,6,120,720,15,6,9,2,Average taste,Neutral,Nagad,Dhanmondi
1192,2025-12-27,Saturday,12,1215,Coffee,Beverage,6,180,1080,13,6,7,4,Acceptable,Neutral,Card,Uttara
1193,2025-10-02,Thursday,10,1339,Juice,Beverage,4,150,600,18,4,14,5,Too salty,Negative,Card,Uttara
1194,2025-01-07,Tuesday,1,1043,Burger,Fast Food,1,250,250,9,1,8,3,Highly recommended,Positive,Bkash,Mirpur
1195,2025-01-13,Monday,1,1832,Fried Rice,Main Course,4,280,1120,10,4,6,5,Excellent food and fast service,Positive,Nagad,Uttara
1196,2025-05-19,Monday,5,1020,Pizza,Fast Food,2,550,1100,9,2,7,2,Highly recommended,Positive,Card,Dhanmondi
1197,2025-10-29,Wednesday,10,1524,Juice,Beverage,4,150,600,18,4,14,2,Nothing special,Neutral,Bkash,Mirpur
1198,2025-08-23,Saturday,8,1482,Fried Rice,Main Course,2,280,560,15,2,13,5,Bad experience,Negative,Bkash,Banani
1199,2025-02-17,Monday,2,1518,Fried Rice,Main Course,7,280,1960,20,7,13,3,Amazing quality,Positive,Nagad,Dhanmondi
1200,2025-09-12,Friday,9,1998,Juice,Beverage,6,150,900,14,6,8,2,Amazing quality,Positive,Nagad,Uttara
1201,2025-08-17,Sunday,8,1147,Coffee,Beverage,8,180,1440,16,8,8,2,Service was normal,Neutral,Cash,Uttara
1202,2025-04-17,Thursday,4,1858,Sandwich,Fast Food,4,220,880,11,4,7,5,Amazing quality,Positive,Card,Dhanmondi
1203,2025-09-10,Wednesday,9,1037,Pasta,Main Course,7,350,2450,21,7,14,4,It was okay,Neutral,Nagad,Dhanmondi
1204,2025-05-18,Sunday,5,1329,Fried Rice,Main Course,8,280,2240,28,8,20,5,Very tasty and fresh,Positive,Nagad,Dhanmondi
1205,2025-02-23,Sunday,2,1165,Juice,Beverage,2,150,300,19,2,17,2,Excellent food and fast service,Positive,Card,Uttara
1206,2025-08-13,Wednesday,8,1498,Pizza,Fast Food,1,550,550,19,1,18,3,Amazing quality,Positive,Nagad,Banani
1207,2025-01-05,Sunday,1,1535,Pasta,Main Course,2,350,700,20,2,18,4,Too salty,Negative,Bkash,Uttara
1208,2025-03-14,Friday,3,1483,Pasta,Main Course,4,350,1400,20,4,16,5,Loved the food,Positive,Card,Mirpur
1209,2025-03-11,Tuesday,3,1153,Biryani,Main Course,8,320,2560,13,8,5,5,Very tasty and fresh,Positive,Cash,Dhanmondi
1210,2025-06-09,Monday,6,1096,Fried Rice,Main Course,4,280,1120,12,4,8,2,Loved the food,Positive,Nagad,Uttara
1211,2025-02-04,Tuesday,2,1281,Coffee,Beverage,4,180,720,20,4,16,4,It was okay,Neutral,Nagad,Mirpur
1212,2025-07-08,Tuesday,7,1079,Ice Cream,Dessert,7,120,840,20,7,13,3,Very tasty and fresh,Positive,Cash,Uttara
1213,2025-05-24,Saturday,5,1601,Biryani,Main Course,5,320,1600,13,5,8,5,Amazing quality,Positive,Bkash,Mirpur
1214,2025-11-12,Wednesday,11,1221,Sandwich,Fast Food,4,220,880,14,4,10,2,Very tasty and fresh,Positive,Card,Uttara
1215,2025-03-26,Wednesday,3,1140,Sandwich,Fast Food,1,220,220,16,1,15,5,Excellent food and fast service,Positive,Nagad,Banani
1216,2025-06-17,Tuesday,6,1792,Pasta,Main Course,2,350,700,14,2,12,5,Highly recommended,Positive,Nagad,Mirpur
1217,2025-06-09,Monday,6,1978,Noodles,Main Course,6,260,1560,13,6,7,3,Delivery was late,Negative,Bkash,Uttara
1218,2025-08-12,Tuesday,8,1701,Noodles,Main Course,8,260,2080,28,8,20,2,Service was normal,Neutral,Nagad,Mirpur
1219,2025-04-02,Wednesday,4,1745,Burger,Fast Food,6,250,1500,25,6,19,5,Service was normal,Neutral,Card,Uttara
1220,2025-07-15,Tuesday,7,1538,Coffee,Beverage,3,180,540,8,3,5,3,Loved the food,Positive,Cash,Mirpur
1221,2025-06-18,Wednesday,6,1621,Pizza,Fast Food,6,550,3300,19,6,13,4,Excellent food and fast service,Positive,Cash,Mirpur
1222,2025-11-25,Tuesday,11,1280,Sandwich,Fast Food,7,220,1540,13,7,6,2,Too salty,Negative,Cash,Banani
1223,2025-11-08,Saturday,11,1826,Sandwich,Fast Food,8,220,1760,18,8,10,2,Amazing quality,Positive,Cash,Mirpur
1224,2025-01-15,Wednesday,1,1084,Ice Cream,Dessert,3,120,360,13,3,10,5,Delivery was late,Negative,Cash,Dhanmondi
1225,2025-08-16,Saturday,8,1873,Burger,Fast Food,6,250,1500,14,6,8,3,Too salty,Negative,Cash,Mirpur
1226,2025-12-11,Thursday,12,1426,Coffee,Beverage,3,180,540,19,3,16,2,Highly recommended,Positive,Cash,Uttara
1227,2025-09-14,Sunday,9,1282,Biryani,Main Course,5,320,1600,12,5,7,3,Excellent food and fast service,Positive,Nagad,Uttara
1228,2025-11-22,Saturday,11,1349,Burger,Fast Food,5,250,1250,18,5,13,5,Excellent food and fast service,Positive,Cash,Banani
1229,2025-02-15,Saturday,2,1325,Pizza,Fast Food,2,550,1100,12,2,10,2,It was okay,Neutral,Card,Dhanmondi
1230,2025-04-22,Tuesday,4,1315,Coffee,Beverage,8,180,1440,15,8,7,3,Delivery was late,Negative,Card,Mirpur
1231,2025-01-28,Tuesday,1,1323,Juice,Beverage,5,150,750,15,5,10,5,Amazing quality,Positive,Card,Uttara
1232,2025-05-20,Tuesday,5,1270,Fried Rice,Main Course,3,280,840,17,3,14,2,Highly recommended,Positive,Nagad,Mirpur
1233,2025-10-24,Friday,10,1037,Coffee,Beverage,6,180,1080,25,6,19,5,Delivery was late,Negative,Card,Uttara
1234,2025-12-26,Friday,12,1564,Juice,Beverage,6,150,900,20,6,14,4,Amazing quality,Positive,Cash,Uttara
1235,2025-05-13,Tuesday,5,1529,Fried Rice,Main Course,8,280,2240,21,8,13,3,Excellent food and fast service,Positive,Nagad,Uttara
1236,2025-08-28,Thursday,8,1922,Ice Cream,Dessert,6,120,720,22,6,16,2,Amazing quality,Positive,Bkash,Dhanmondi
1237,2025-11-19,Wednesday,11,1344,Coffee,Beverage,1,180,180,11,1,10,2,Loved the food,Positive,Card,Mirpur
1238,2025-06-06,Friday,6,1828,Biryani,Main Course,8,320,2560,18,8,10,5,Nothing special,Neutral,Nagad,Banani
1239,2025-08-31,Sunday,8,1694,Fried Rice,Main Course,5,280,1400,21,5,16,5,Nothing special,Neutral,Bkash,Dhanmondi
1240,2025-04-30,Wednesday,4,1976,Noodles,Main Course,2,260,520,20,2,18,5,Loved the food,Positive,Cash,Uttara
1241,2025-09-20,Saturday,9,1769,Biryani,Main Course,5,320,1600,16,5,11,3,Bad experience,Negative,Card,Mirpur
1242,2025-01-28,Tuesday,1,1405,Pizza,Fast Food,5,550,2750,14,5,9,3,Not worth the price,Negative,Nagad,Dhanmondi
1243,2025-12-04,Thursday,12,1189,Biryani,Main Course,4,320,1280,14,4,10,3,Excellent food and fast service,Positive,Card,Banani
1244,2025-02-16,Sunday,2,1352,Fried Rice,Main Course,3,280,840,19,3,16,2,Very tasty and fresh,Positive,Nagad,Banani
1245,2025-12-24,Wednesday,12,1781,Fried Rice,Main Course,8,280,2240,25,8,17,2,Delivery was late,Negative,Nagad,Uttara
1246,2025-06-12,Thursday,6,1611,Biryani,Main Course,7,320,2240,22,7,15,5,Not worth the price,Negative,Cash,Mirpur
1247,2025-09-08,Monday,9,1786,Ice Cream,Dessert,1,120,120,13,1,12,3,Delivery was late,Negative,Bkash,Mirpur
1248,2025-06-24,Tuesday,6,1141,Noodles,Main Course,1,260,260,18,1,17,5,Delivery was late,Negative,Card,Dhanmondi
1249,2025-04-19,Saturday,4,1435,Pasta,Main Course,7,350,2450,14,7,7,3,Very tasty and fresh,Positive,Bkash,Mirpur
1250,2025-07-18,Friday,7,1183,Sandwich,Fast Food,1,220,220,14,1,13,3,Not worth the price,Negative,Nagad,Dhanmondi
1251,2025-08-27,Wednesday,8,1822,Pizza,Fast Food,6,550,3300,14,6,8,2,Nothing special,Neutral,Card,Mirpur
1252,2025-03-07,Friday,3,1432,Ice Cream,Dessert,7,120,840,26,7,19,2,Highly recommended,Positive,Bkash,Banani
1253,2025-05-13,Tuesday,5,1864,Pizza,Fast Food,8,550,4400,24,8,16,4,Service was normal,Neutral,Cash,Uttara
1254,2025-08-06,Wednesday,8,1970,Noodles,Main Course,7,260,1820,14,7,7,4,Loved the food,Positive,Card,Banani
1255,2025-08-11,Monday,8,1471,Burger,Fast Food,8,250,2000,22,8,14,4,Highly recommended,Positive,Cash,Mirpur
1256,2025-05-10,Saturday,5,1555,Juice,Beverage,6,150,900,20,6,14,4,Average taste,Neutral,Card,Mirpur
1257,2025-07-02,Wednesday,7,1610,Juice,Beverage,1,150,150,20,1,19,2,Excellent food and fast service,Positive,Bkash,Dhanmondi
1258,2025-09-30,Tuesday,9,1129,Juice,Beverage,4,150,600,14,4,10,3,Excellent food and fast service,Positive,Nagad,Banani
1259,2025-05-21,Wednesday,5,1582,Coffee,Beverage,8,180,1440,20,8,12,5,Bad experience,Negative,Cash,Dhanmondi
1260,2025-06-17,Tuesday,6,1391,Coffee,Beverage,1,180,180,10,1,9,2,Average taste,Neutral,Bkash,Mirpur
1261,2025-08-05,Tuesday,8,1738,Juice,Beverage,1,150,150,11,1,10,2,Too salty,Negative,Nagad,Dhanmondi
1262,2025-04-09,Wednesday,4,1874,Ice Cream,Dessert,5,120,600,19,5,14,3,Acceptable,Neutral,Cash,Mirpur
1263,2025-10-21,Tuesday,10,1283,Sandwich,Fast Food,4,220,880,22,4,18,2,Very tasty and fresh,Positive,Nagad,Uttara
1264,2025-12-14,Sunday,12,1800,Pasta,Main Course,5,350,1750,10,5,5,5,Excellent food and fast service,Positive,Card,Mirpur
1265,2025-05-17,Saturday,5,1726,Sandwich,Fast Food,6,220,1320,14,6,8,4,Excellent food and fast service,Positive,Card,Dhanmondi
1266,2025-11-10,Monday,11,1554,Pasta,Main Course,8,350,2800,26,8,18,5,Service was normal,Neutral,Nagad,Dhanmondi
1267,2025-06-25,Wednesday,6,1473,Coffee,Beverage,6,180,1080,22,6,16,5,Delivery was late,Negative,Card,Uttara
1268,2025-12-11,Thursday,12,1990,Juice,Beverage,5,150,750,22,5,17,2,Amazing quality,Positive,Nagad,Mirpur
1269,2025-02-12,Wednesday,2,1462,Fried Rice,Main Course,6,280,1680,20,6,14,5,Loved the food,Positive,Cash,Uttara
1270,2025-11-16,Sunday,11,1783,Ice Cream,Dessert,3,120,360,19,3,16,2,Highly recommended,Positive,Bkash,Banani
1271,2025-05-01,Thursday,5,1099,Juice,Beverage,3,150,450,20,3,17,5,Average taste,Neutral,Card,Uttara
1272,2025-02-26,Wednesday,2,1563,Ice Cream,Dessert,5,120,600,15,5,10,5,Not worth the price,Negative,Bkash,Uttara
1273,2025-08-03,Sunday,8,1680,Ice Cream,Dessert,5,120,600,20,5,15,4,Average taste,Neutral,Nagad,Uttara
1274,2025-07-26,Saturday,7,1160,Sandwich,Fast Food,8,220,1760,22,8,14,3,Not worth the price,Negative,Nagad,Mirpur
1275,2025-01-02,Thursday,1,1392,Noodles,Main Course,6,260,1560,25,6,19,5,Average taste,Neutral,Nagad,Banani
1276,2025-04-07,Monday,4,1082,Burger,Fast Food,4,250,1000,13,4,9,5,Acceptable,Neutral,Cash,Mirpur
1277,2025-11-09,Sunday,11,1023,Fried Rice,Main Course,3,280,840,23,3,20,5,Service was normal,Neutral,Card,Uttara
1278,2025-08-23,Saturday,8,1330,Coffee,Beverage,4,180,720,14,4,10,3,Very tasty and fresh,Positive,Bkash,Dhanmondi
1279,2025-01-16,Thursday,1,1454,Fried Rice,Main Course,8,280,2240,27,8,19,3,Amazing quality,Positive,Card,Banani
1280,2025-09-14,Sunday,9,1007,Pizza,Fast Food,6,550,3300,16,6,10,2,Excellent food and fast service,Positive,Nagad,Banani
1281,2025-07-17,Thursday,7,1123,Pizza,Fast Food,7,550,3850,20,7,13,2,Bad experience,Negative,Nagad,Banani
1282,2025-01-31,Friday,1,1644,Pasta,Main Course,7,350,2450,13,7,6,5,Amazing quality,Positive,Nagad,Dhanmondi
1283,2025-02-23,Sunday,2,1422,Biryani,Main Course,5,320,1600,13,5,8,4,Service was normal,Neutral,Card,Uttara
1284,2025-09-05,Friday,9,1469,Fried Rice,Main Course,5,280,1400,13,5,8,5,Excellent food and fast service,Positive,Card,Mirpur
1285,2025-06-25,Wednesday,6,1581,Pasta,Main Course,8,350,2800,23,8,15,4,Service was normal,Neutral,Cash,Uttara
1286,2025-03-17,Monday,3,1577,Noodles,Main Course,5,260,1300,10,5,5,4,Loved the food,Positive,Bkash,Mirpur
1287,2025-03-23,Sunday,3,1158,Ice Cream,Dessert,5,120,600,25,5,20,3,Service was normal,Neutral,Card,Mirpur
1288,2025-07-16,Wednesday,7,1310,Pasta,Main Course,4,350,1400,9,4,5,3,Bad experience,Negative,Cash,Mirpur
1289,2025-07-06,Sunday,7,1995,Noodles,Main Course,7,260,1820,27,7,20,4,It was okay,Neutral,Card,Mirpur
1290,2025-09-25,Thursday,9,1493,Coffee,Beverage,7,180,1260,27,7,20,3,Acceptable,Neutral,Nagad,Banani
1291,2025-01-08,Wednesday,1,1153,Pizza,Fast Food,6,550,3300,18,6,12,4,Very tasty and fresh,Positive,Cash,Uttara
1292,2025-07-02,Wednesday,7,1919,Sandwich,Fast Food,8,220,1760,13,8,5,3,Bad experience,Negative,Card,Mirpur
1293,2025-12-07,Sunday,12,1068,Burger,Fast Food,7,250,1750,15,7,8,4,Bad experience,Negative,Cash,Dhanmondi
1294,2025-08-17,Sunday,8,1706,Ice Cream,Dessert,4,120,480,16,4,12,3,Very tasty and fresh,Positive,Card,Banani
1295,2025-04-01,Tuesday,4,1750,Burger,Fast Food,5,250,1250,18,5,13,2,Very tasty and fresh,Positive,Card,Mirpur
1296,2025-02-01,Saturday,2,1488,Fried Rice,Main Course,4,280,1120,16,4,12,5,Amazing quality,Positive,Cash,Dhanmondi
1297,2025-06-13,Friday,6,1487,Pizza,Fast Food,4,550,2200,24,4,20,3,Excellent food and fast service,Positive,Cash,Uttara
1298,2025-11-03,Monday,11,1737,Sandwich,Fast Food,5,220,1100,10,5,5,5,Excellent food and fast service,Positive,Card,Banani
1299,2025-01-01,Wednesday,1,1336,Pasta,Main Course,7,350,2450,20,7,13,5,Very tasty and fresh,Positive,Bkash,Mirpur
1300,2025-05-16,Friday,5,1515,Noodles,Main Course,4,260,1040,19,4,15,4,Amazing quality,Positive,Nagad,Dhanmondi
1301,2025-04-04,Friday,4,1481,Sandwich,Fast Food,1,220,220,16,1,15,5,Bad experience,Negative,Card,Uttara
1302,2025-02-03,Monday,2,1350,Juice,Beverage,5,150,750,13,5,8,3,Not worth the price,Negative,Card,Dhanmondi
1303,2025-04-29,Tuesday,4,1483,Fried Rice,Main Course,5,280,1400,19,5,14,2,Amazing quality,Positive,Bkash,Uttara
1304,2025-10-20,Monday,10,1804,Biryani,Main Course,6,320,1920,16,6,10,3,Highly recommended,Positive,Card,Uttara
1305,2025-06-16,Monday,6,1234,Noodles,Main Course,8,260,2080,26,8,18,4,Service was normal,Neutral,Nagad,Mirpur
1306,2025-07-09,Wednesday,7,1460,Biryani,Main Course,5,320,1600,20,5,15,4,Service was normal,Neutral,Nagad,Banani
1307,2025-08-02,Saturday,8,1661,Burger,Fast Food,7,250,1750,13,7,6,3,Too salty,Negative,Nagad,Mirpur
1308,2025-01-10,Friday,1,1024,Fried Rice,Main Course,4,280,1120,17,4,13,4,Loved the food,Positive,Nagad,Banani
1309,2025-06-16,Monday,6,1876,Noodles,Main Course,4,260,1040,15,4,11,4,Nothing special,Neutral,Cash,Dhanmondi
1310,2025-05-05,Monday,5,1481,Biryani,Main Course,6,320,1920,26,6,20,2,Bad experience,Negative,Nagad,Banani
1311,2025-05-08,Thursday,5,1282,Pasta,Main Course,7,350,2450,13,7,6,4,Loved the food,Positive,Nagad,Mirpur
1312,2025-02-26,Wednesday,2,1844,Sandwich,Fast Food,3,220,660,10,3,7,3,Highly recommended,Positive,Card,Mirpur
1313,2025-10-21,Tuesday,10,1559,Fried Rice,Main Course,2,280,560,21,2,19,4,Amazing quality,Positive,Bkash,Dhanmondi
1314,2025-03-13,Thursday,3,1765,Pizza,Fast Food,6,550,3300,22,6,16,3,Not worth the price,Negative,Card,Mirpur
1315,2025-08-28,Thursday,8,1261,Fried Rice,Main Course,8,280,2240,24,8,16,2,Loved the food,Positive,Card,Dhanmondi
1316,2025-11-25,Tuesday,11,1851,Juice,Beverage,7,150,1050,24,7,17,2,Food was cold,Negative,Bkash,Dhanmondi
1317,2025-10-17,Friday,10,1289,Juice,Beverage,1,150,150,16,1,15,4,Nothing special,Neutral,Cash,Dhanmondi
1318,2025-10-17,Friday,10,1587,Pizza,Fast Food,2,550,1100,12,2,10,5,Average taste,Neutral,Card,Dhanmondi
1319,2025-12-17,Wednesday,12,1666,Juice,Beverage,5,150,750,24,5,19,4,Very tasty and fresh,Positive,Cash,Uttara
1320,2025-11-28,Friday,11,1910,Ice Cream,Dessert,6,120,720,25,6,19,2,Highly recommended,Positive,Nagad,Mirpur
1321,2025-01-04,Saturday,1,1437,Ice Cream,Dessert,7,120,840,12,7,5,3,Loved the food,Positive,Bkash,Uttara
1322,2025-10-27,Monday,10,1947,Coffee,Beverage,8,180,1440,19,8,11,4,Acceptable,Neutral,Card,Uttara
1323,2025-03-17,Monday,3,1616,Fried Rice,Main Course,5,280,1400,15,5,10,2,Amazing quality,Positive,Card,Mirpur
1324,2025-02-05,Wednesday,2,1310,Coffee,Beverage,6,180,1080,18,6,12,3,It was okay,Neutral,Nagad,Mirpur
1325,2025-04-30,Wednesday,4,1126,Fried Rice,Main Course,6,280,1680,11,6,5,5,Highly recommended,Positive,Cash,Banani
1326,2025-04-17,Thursday,4,1210,Juice,Beverage,1,150,150,20,1,19,5,Very tasty and fresh,Positive,Cash,Dhanmondi
1327,2025-03-31,Monday,3,1963,Noodles,Main Course,2,260,520,12,2,10,5,Average taste,Neutral,Bkash,Mirpur
1328,2025-08-01,Friday,8,1489,Fried Rice,Main Course,4,280,1120,11,4,7,4,Service was normal,Neutral,Cash,Banani
1329,2025-01-09,Thursday,1,1363,Burger,Fast Food,7,250,1750,25,7,18,4,Excellent food and fast service,Positive,Bkash,Dhanmondi
1330,2025-08-11,Monday,8,1896,Pasta,Main Course,4,350,1400,11,4,7,5,Nothing special,Neutral,Cash,Mirpur
1331,2025-11-28,Friday,11,1578,Coffee,Beverage,1,180,180,10,1,9,2,Delivery was late,Negative,Card,Uttara
1332,2025-03-13,Thursday,3,1887,Sandwich,Fast Food,1,220,220,7,1,6,4,Very tasty and fresh,Positive,Bkash,Banani
1333,2025-03-22,Saturday,3,1759,Juice,Beverage,3,150,450,13,3,10,3,Delivery was late,Negative,Bkash,Dhanmondi
1334,2025-03-25,Tuesday,3,1930,Burger,Fast Food,8,250,2000,19,8,11,4,Loved the food,Positive,Bkash,Dhanmondi
1335,2025-01-14,Tuesday,1,1935,Coffee,Beverage,1,180,180,21,1,20,5,Very tasty and fresh,Positive,Cash,Banani
1336,2025-11-03,Monday,11,1918,Noodles,Main Course,3,260,780,13,3,10,3,Loved the food,Positive,Cash,Banani
1337,2025-02-03,Monday,2,1450,Pizza,Fast Food,8,550,4400,27,8,19,3,Bad experience,Negative,Cash,Mirpur
1338,2025-09-01,Monday,9,1374,Sandwich,Fast Food,5,220,1100,14,5,9,2,Amazing quality,Positive,Nagad,Banani
1339,2025-10-20,Monday,10,1230,Fried Rice,Main Course,3,280,840,15,3,12,2,Very tasty and fresh,Positive,Cash,Banani
1340,2025-05-25,Sunday,5,1747,Ice Cream,Dessert,2,120,240,14,2,12,4,Very tasty and fresh,Positive,Bkash,Banani
1341,2025-12-09,Tuesday,12,1677,Ice Cream,Dessert,5,120,600,14,5,9,3,Loved the food,Positive,Cash,Banani
1342,2025-11-20,Thursday,11,1855,Burger,Fast Food,4,250,1000,14,4,10,3,Excellent food and fast service,Positive,Card,Banani
1343,2025-06-15,Sunday,6,1643,Burger,Fast Food,8,250,2000,28,8,20,5,Delivery was late,Negative,Nagad,Uttara
1344,2025-08-21,Thursday,8,1671,Ice Cream,Dessert,5,120,600,24,5,19,4,Loved the food,Positive,Bkash,Uttara
1345,2025-05-11,Sunday,5,1781,Coffee,Beverage,8,180,1440,27,8,19,4,Service was normal,Neutral,Cash,Mirpur
1346,2025-08-07,Thursday,8,1849,Burger,Fast Food,3,250,750,11,3,8,2,Highly recommended,Positive,Cash,Mirpur
1347,2025-03-06,Thursday,3,1989,Coffee,Beverage,5,180,900,24,5,19,3,Excellent food and fast service,Positive,Nagad,Uttara
1348,2025-03-14,Friday,3,1538,Fried Rice,Main Course,1,280,280,12,1,11,3,Service was normal,Neutral,Cash,Mirpur
1349,2025-10-04,Saturday,10,1650,Fried Rice,Main Course,3,280,840,19,3,16,3,Very tasty and fresh,Positive,Card,Banani
1350,2025-04-14,Monday,4,1995,Pasta,Main Course,1,350,350,18,1,17,5,Amazing quality,Positive,Nagad,Banani
1351,2025-06-14,Saturday,6,1684,Biryani,Main Course,5,320,1600,10,5,5,4,Amazing quality,Positive,Card,Dhanmondi
1352,2025-01-31,Friday,1,1782,Juice,Beverage,3,150,450,12,3,9,3,Very tasty and fresh,Positive,Nagad,Uttara
1353,2025-11-27,Thursday,11,1072,Juice,Beverage,7,150,1050,18,7,11,3,Loved the food,Positive,Bkash,Uttara
1354,2025-07-25,Friday,7,1778,Pizza,Fast Food,3,550,1650,14,3,11,4,Loved the food,Positive,Cash,Dhanmondi
1355,2025-09-24,Wednesday,9,1305,Pasta,Main Course,2,350,700,22,2,20,2,Highly recommended,Positive,Nagad,Uttara
1356,2025-02-06,Thursday,2,1115,Coffee,Beverage,5,180,900,11,5,6,5,Loved the food,Positive,Nagad,Uttara
1357,2025-12-30,Tuesday,12,1749,Sandwich,Fast Food,5,220,1100,17,5,12,4,Excellent food and fast service,Positive,Card,Banani
1358,2025-12-26,Friday,12,1862,Juice,Beverage,7,150,1050,13,7,6,4,Service was normal,Neutral,Bkash,Mirpur
1359,2025-08-03,Sunday,8,1248,Pasta,Main Course,6,350,2100,13,6,7,5,Highly recommended,Positive,Card,Banani
1360,2025-12-07,Sunday,12,1384,Pasta,Main Course,2,350,700,22,2,20,5,Amazing quality,Positive,Cash,Dhanmondi
1361,2025-10-30,Thursday,10,1369,Pizza,Fast Food,2,550,1100,10,2,8,5,Delivery was late,Negative,Nagad,Dhanmondi
1362,2025-06-27,Friday,6,1685,Sandwich,Fast Food,8,220,1760,14,8,6,2,Not worth the price,Negative,Card,Uttara
1363,2025-01-13,Monday,1,1746,Coffee,Beverage,2,180,360,16,2,14,5,Food was cold,Negative,Bkash,Mirpur
1364,2025-12-16,Tuesday,12,1332,Coffee,Beverage,6,180,1080,18,6,12,5,Excellent food and fast service,Positive,Bkash,Uttara
1365,2025-04-18,Friday,4,1864,Noodles,Main Course,6,260,1560,23,6,17,5,It was okay,Neutral,Cash,Mirpur
1366,2025-06-30,Monday,6,1936,Ice Cream,Dessert,4,120,480,19,4,15,2,Food was cold,Negative,Nagad,Mirpur
1367,2025-11-15,Saturday,11,1359,Sandwich,Fast Food,3,220,660,20,3,17,4,Highly recommended,Positive,Nagad,Mirpur
1368,2025-03-23,Sunday,3,1317,Biryani,Main Course,6,320,1920,11,6,5,4,Amazing quality,Positive,Card,Banani
1369,2025-11-13,Thursday,11,1936,Pizza,Fast Food,4,550,2200,11,4,7,5,Amazing quality,Positive,Bkash,Uttara
1370,2025-06-24,Tuesday,6,1106,Noodles,Main Course,6,260,1560,23,6,17,4,Highly recommended,Positive,Cash,Mirpur
1371,2025-04-26,Saturday,4,1026,Sandwich,Fast Food,1,220,220,13,1,12,5,Loved the food,Positive,Card,Uttara
1372,2025-05-06,Tuesday,5,1249,Fried Rice,Main Course,8,280,2240,19,8,11,2,Loved the food,Positive,Nagad,Banani
1373,2025-08-01,Friday,8,1594,Noodles,Main Course,4,260,1040,22,4,18,5,Amazing quality,Positive,Nagad,Mirpur
1374,2025-12-28,Sunday,12,1327,Coffee,Beverage,5,180,900,23,5,18,4,Very tasty and fresh,Positive,Cash,Uttara
1375,2025-06-14,Saturday,6,1725,Fried Rice,Main Course,3,280,840,11,3,8,5,Bad experience,Negative,Bkash,Dhanmondi
1376,2025-11-06,Thursday,11,1856,Fried Rice,Main Course,6,280,1680,18,6,12,2,Amazing quality,Positive,Nagad,Banani
1377,2025-09-12,Friday,9,1022,Ice Cream,Dessert,7,120,840,14,7,7,5,Delivery was late,Negative,Cash,Mirpur
1378,2025-09-02,Tuesday,9,1583,Biryani,Main Course,2,320,640,18,2,16,4,Loved the food,Positive,Cash,Banani
1379,2025-08-09,Saturday,8,1551,Biryani,Main Course,7,320,2240,18,7,11,4,Service was normal,Neutral,Bkash,Uttara
1380,2025-10-19,Sunday,10,1322,Noodles,Main Course,7,260,1820,16,7,9,2,Acceptable,Neutral,Cash,Mirpur
1381,2025-10-28,Tuesday,10,1750,Pizza,Fast Food,2,550,1100,9,2,7,3,Very tasty and fresh,Positive,Card,Uttara
1382,2025-04-03,Thursday,4,1968,Burger,Fast Food,8,250,2000,16,8,8,5,Excellent food and fast service,Positive,Nagad,Banani
1383,2025-07-15,Tuesday,7,1363,Sandwich,Fast Food,3,220,660,18,3,15,3,Loved the food,Positive,Nagad,Mirpur
1384,2025-09-13,Saturday,9,1359,Pizza,Fast Food,3,550,1650,16,3,13,2,Very tasty and fresh,Positive,Bkash,Banani
1385,2025-02-18,Tuesday,2,1570,Noodles,Main Course,5,260,1300,10,5,5,2,Food was cold,Negative,Bkash,Dhanmondi
1386,2025-03-28,Friday,3,1028,Burger,Fast Food,1,250,250,6,1,5,4,Loved the food,Positive,Cash,Uttara
1387,2025-04-07,Monday,4,1099,Ice Cream,Dessert,8,120,960,18,8,10,3,Loved the food,Positive,Bkash,Uttara
1388,2025-08-14,Thursday,8,1957,Biryani,Main Course,3,320,960,22,3,19,2,Excellent food and fast service,Positive,Bkash,Mirpur
1389,2025-02-25,Tuesday,2,1197,Coffee,Beverage,3,180,540,13,3,10,3,Not worth the price,Negative,Bkash,Banani
1390,2025-12-04,Thursday,12,1067,Noodles,Main Course,7,260,1820,26,7,19,4,Bad experience,Negative,Card,Mirpur
1391,2025-03-14,Friday,3,1366,Fried Rice,Main Course,8,280,2240,19,8,11,2,Average taste,Neutral,Nagad,Dhanmondi
1392,2025-09-24,Wednesday,9,1289,Pizza,Fast Food,6,550,3300,23,6,17,4,It was okay,Neutral,Card,Banani
1393,2025-04-12,Saturday,4,1502,Pasta,Main Course,7,350,2450,24,7,17,2,Excellent food and fast service,Positive,Nagad,Dhanmondi
1394,2025-06-14,Saturday,6,1789,Noodles,Main Course,8,260,2080,25,8,17,2,Loved the food,Positive,Cash,Uttara
1395,2025-02-15,Saturday,2,1028,Pasta,Main Course,3,350,1050,18,3,15,2,Acceptable,Neutral,Bkash,Banani
1396,2025-04-07,Monday,4,1869,Coffee,Beverage,1,180,180,19,1,18,3,Acceptable,Neutral,Bkash,Dhanmondi
1397,2025-04-20,Sunday,4,1074,Pizza,Fast Food,8,550,4400,18,8,10,3,Too salty,Negative,Nagad,Uttara
1398,2025-10-20,Monday,10,1921,Ice Cream,Dessert,1,120,120,7,1,6,2,Delivery was late,Negative,Bkash,Dhanmondi
1399,2025-05-04,Sunday,5,1939,Coffee,Beverage,3,180,540,20,3,17,5,Too salty,Negative,Cash,Uttara
1400,2025-03-14,Friday,3,1696,Ice Cream,Dessert,4,120,480,17,4,13,4,Not worth the price,Negative,Card,Mirpur
1401,2025-07-29,Tuesday,7,1836,Burger,Fast Food,7,250,1750,25,7,18,5,Very tasty and fresh,Positive,Bkash,Dhanmondi
1402,2025-11-17,Monday,11,1072,Juice,Beverage,1,150,150,20,1,19,2,Very tasty and fresh,Positive,Cash,Uttara
1403,2025-09-08,Monday,9,1978,Pizza,Fast Food,3,550,1650,18,3,15,5,Loved the food,Positive,Bkash,Mirpur
1404,2025-05-26,Monday,5,1842,Ice Cream,Dessert,5,120,600,13,5,8,3,Nothing special,Neutral,Cash,Banani
1405,2025-04-13,Sunday,4,1234,Biryani,Main Course,1,320,320,21,1,20,2,Excellent food and fast service,Positive,Nagad,Uttara
1406,2025-02-12,Wednesday,2,1756,Pizza,Fast Food,4,550,2200,22,4,18,3,Nothing special,Neutral,Nagad,Dhanmondi
1407,2025-12-06,Saturday,12,1582,Noodles,Main Course,4,260,1040,15,4,11,2,Average taste,Neutral,Card,Mirpur
1408,2025-05-09,Friday,5,1400,Biryani,Main Course,6,320,1920,25,6,19,5,Excellent food and fast service,Positive,Card,Mirpur
1409,2025-09-16,Tuesday,9,1673,Pizza,Fast Food,4,550,2200,14,4,10,5,Service was normal,Neutral,Cash,Banani
1410,2025-02-05,Wednesday,2,1058,Fried Rice,Main Course,5,280,1400,15,5,10,2,Loved the food,Positive,Cash,Banani
1411,2025-09-23,Tuesday,9,1379,Noodles,Main Course,1,260,260,11,1,10,2,Service was normal,Neutral,Card,Dhanmondi
1412,2025-12-17,Wednesday,12,1833,Fried Rice,Main Course,1,280,280,18,1,17,5,Excellent food and fast service,Positive,Cash,Uttara
1413,2025-11-18,Tuesday,11,1959,Burger,Fast Food,2,250,500,7,2,5,5,Nothing special,Neutral,Bkash,Banani
1414,2025-08-19,Tuesday,8,1490,Fried Rice,Main Course,8,280,2240,21,8,13,3,Highly recommended,Positive,Nagad,Mirpur
1415,2025-04-25,Friday,4,1263,Biryani,Main Course,5,320,1600,15,5,10,3,Not worth the price,Negative,Bkash,Dhanmondi
1416,2025-08-10,Sunday,8,1872,Pasta,Main Course,3,350,1050,9,3,6,3,Amazing quality,Positive,Nagad,Uttara
1417,2025-11-17,Monday,11,1471,Coffee,Beverage,4,180,720,21,4,17,5,Highly recommended,Positive,Nagad,Banani
1418,2025-08-26,Tuesday,8,1740,Coffee,Beverage,6,180,1080,21,6,15,3,It was okay,Neutral,Card,Uttara
1419,2025-12-31,Wednesday,12,1883,Fried Rice,Main Course,4,280,1120,20,4,16,5,Bad experience,Negative,Bkash,Mirpur
1420,2025-04-20,Sunday,4,1307,Juice,Beverage,3,150,450,23,3,20,5,Highly recommended,Positive,Cash,Uttara
1421,2025-04-22,Tuesday,4,1184,Coffee,Beverage,3,180,540,20,3,17,5,Not worth the price,Negative,Cash,Uttara
1422,2025-07-17,Thursday,7,1787,Ice Cream,Dessert,3,120,360,16,3,13,3,Bad experience,Negative,Nagad,Uttara
1423,2025-03-19,Wednesday,3,1780,Juice,Beverage,6,150,900,25,6,19,5,Very tasty and fresh,Positive,Bkash,Dhanmondi
1424,2025-12-13,Saturday,12,1339,Pizza,Fast Food,2,550,1100,9,2,7,2,Excellent food and fast service,Positive,Bkash,Mirpur
1425,2025-04-14,Monday,4,1638,Biryani,Main Course,4,320,1280,18,4,14,4,Too salty,Negative,Nagad,Banani
1426,2025-06-23,Monday,6,1163,Biryani,Main Course,5,320,1600,19,5,14,3,Amazing quality,Positive,Card,Banani
1427,2025-03-02,Sunday,3,1716,Noodles,Main Course,7,260,1820,17,7,10,4,Highly recommended,Positive,Card,Dhanmondi
1428,2025-12-06,Saturday,12,1901,Biryani,Main Course,8,320,2560,16,8,8,5,It was okay,Neutral,Nagad,Banani
1429,2025-09-02,Tuesday,9,1585,Biryani,Main Course,1,320,320,17,1,16,3,Bad experience,Negative,Nagad,Dhanmondi
1430,2025-09-09,Tuesday,9,1070,Ice Cream,Dessert,6,120,720,21,6,15,3,Too salty,Negative,Card,Mirpur
1431,2025-12-13,Saturday,12,1984,Juice,Beverage,3,150,450,11,3,8,4,Delivery was late,Negative,Bkash,Dhanmondi
1432,2025-07-01,Tuesday,7,1427,Ice Cream,Dessert,8,120,960,13,8,5,3,Acceptable,Neutral,Bkash,Mirpur
1433,2025-04-09,Wednesday,4,1053,Noodles,Main Course,5,260,1300,10,5,5,3,Very tasty and fresh,Positive,Bkash,Mirpur
1434,2025-08-18,Monday,8,1675,Juice,Beverage,6,150,900,12,6,6,2,Highly recommended,Positive,Bkash,Dhanmondi
1435,2025-03-08,Saturday,3,1926,Ice Cream,Dessert,1,120,120,6,1,5,5,Very tasty and fresh,Positive,Nagad,Banani
1436,2025-01-19,Sunday,1,1874,Pasta,Main Course,7,350,2450,22,7,15,5,Amazing quality,Positive,Nagad,Mirpur
1437,2025-03-09,Sunday,3,1085,Coffee,Beverage,5,180,900,16,5,11,5,Loved the food,Positive,Cash,Mirpur
1438,2025-09-18,Thursday,9,1248,Pizza,Fast Food,1,550,550,10,1,9,2,Food was cold,Negative,Card,Mirpur
1439,2025-02-03,Monday,2,1740,Biryani,Main Course,4,320,1280,11,4,7,2,Food was cold,Negative,Bkash,Dhanmondi
1440,2025-03-21,Friday,3,1627,Ice Cream,Dessert,8,120,960,23,8,15,2,Average taste,Neutral,Cash,Uttara
1441,2025-04-13,Sunday,4,1003,Pizza,Fast Food,3,550,1650,10,3,7,5,Average taste,Neutral,Card,Uttara
1442,2025-01-26,Sunday,1,1487,Pizza,Fast Food,7,550,3850,22,7,15,3,It was okay,Neutral,Nagad,Uttara
1443,2025-08-29,Friday,8,1081,Pasta,Main Course,1,350,350,20,1,19,3,Excellent food and fast service,Positive,Card,Mirpur
1444,2025-03-15,Saturday,3,1192,Noodles,Main Course,4,260,1040,12,4,8,3,Average taste,Neutral,Bkash,Uttara
1445,2025-03-25,Tuesday,3,1223,Juice,Beverage,5,150,750,23,5,18,5,Loved the food,Positive,Bkash,Mirpur
1446,2025-05-04,Sunday,5,1066,Noodles,Main Course,1,260,260,14,1,13,2,Very tasty and fresh,Positive,Cash,Banani
1447,2025-06-26,Thursday,6,1012,Burger,Fast Food,7,250,1750,14,7,7,2,Nothing special,Neutral,Bkash,Mirpur
1448,2025-12-24,Wednesday,12,1461,Ice Cream,Dessert,2,120,240,15,2,13,4,Service was normal,Neutral,Nagad,Mirpur
1449,2025-09-13,Saturday,9,1233,Pasta,Main Course,8,350,2800,23,8,15,3,Very tasty and fresh,Positive,Cash,Mirpur
1450,2025-07-29,Tuesday,7,1474,Sandwich,Fast Food,8,220,1760,23,8,15,5,Not worth the price,Negative,Nagad,Uttara
1451,2025-03-14,Friday,3,1390,Juice,Beverage,7,150,1050,12,7,5,3,Too salty,Negative,Nagad,Mirpur
1452,2025-01-08,Wednesday,1,1222,Juice,Beverage,3,150,450,12,3,9,2,Very tasty and fresh,Positive,Cash,Banani
1453,2025-08-30,Saturday,8,1401,Biryani,Main Course,5,320,1600,20,5,15,3,Highly recommended,Positive,Bkash,Mirpur
1454,2025-04-27,Sunday,4,1499,Fried Rice,Main Course,8,280,2240,28,8,20,2,Very tasty and fresh,Positive,Bkash,Dhanmondi
1455,2025-02-04,Tuesday,2,1965,Coffee,Beverage,8,180,1440,22,8,14,5,Amazing quality,Positive,Card,Banani
1456,2025-09-09,Tuesday,9,1700,Burger,Fast Food,5,250,1250,15,5,10,5,Loved the food,Positive,Cash,Uttara
1457,2025-09-29,Monday,9,1378,Pasta,Main Course,6,350,2100,22,6,16,5,Delivery was late,Negative,Cash,Dhanmondi
1458,2025-08-17,Sunday,8,1704,Coffee,Beverage,7,180,1260,19,7,12,3,Loved the food,Positive,Bkash,Banani
1459,2025-05-24,Saturday,5,1988,Noodles,Main Course,6,260,1560,21,6,15,4,It was okay,Neutral,Card,Uttara
1460,2025-05-08,Thursday,5,1393,Sandwich,Fast Food,8,220,1760,13,8,5,3,Excellent food and fast service,Positive,Bkash,Dhanmondi
1461,2025-09-28,Sunday,9,1796,Sandwich,Fast Food,8,220,1760,21,8,13,3,Highly recommended,Positive,Bkash,Uttara
1462,2025-07-06,Sunday,7,1335,Burger,Fast Food,8,250,2000,20,8,12,4,Excellent food and fast service,Positive,Nagad,Uttara
1463,2025-05-20,Tuesday,5,1204,Coffee,Beverage,8,180,1440,23,8,15,3,Acceptable,Neutral,Cash,Mirpur
1464,2025-02-01,Saturday,2,1717,Fried Rice,Main Course,5,280,1400,17,5,12,2,Nothing special,Neutral,Bkash,Mirpur
1465,2025-04-15,Tuesday,4,1080,Biryani,Main Course,5,320,1600,10,5,5,4,Highly recommended,Positive,Nagad,Uttara
1466,2025-08-17,Sunday,8,1959,Juice,Beverage,3,150,450,22,3,19,4,Average taste,Neutral,Nagad,Mirpur
1467,2025-04-12,Saturday,4,1330,Ice Cream,Dessert,8,120,960,22,8,14,2,Very tasty and fresh,Positive,Cash,Dhanmondi
1468,2025-06-17,Tuesday,6,1563,Noodles,Main Course,8,260,2080,24,8,16,2,Highly recommended,Positive,Nagad,Mirpur
1469,2025-07-22,Tuesday,7,1579,Biryani,Main Course,6,320,1920,12,6,6,2,Service was normal,Neutral,Cash,Uttara
1470,2025-09-12,Friday,9,1167,Pizza,Fast Food,2,550,1100,11,2,9,3,Amazing quality,Positive,Cash,Mirpur
1471,2025-07-02,Wednesday,7,1504,Coffee,Beverage,2,180,360,20,2,18,5,Excellent food and fast service,Positive,Cash,Banani
1472,2025-11-25,Tuesday,11,1162,Juice,Beverage,3,150,450,10,3,7,2,Not worth the price,Negative,Bkash,Uttara
1473,2025-05-03,Saturday,5,1490,Burger,Fast Food,1,250,250,7,1,6,2,It was okay,Neutral,Cash,Uttara
1474,2025-04-30,Wednesday,4,1019,Biryani,Main Course,3,320,960,18,3,15,4,Highly recommended,Positive,Nagad,Dhanmondi
1475,2025-12-09,Tuesday,12,1213,Juice,Beverage,2,150,300,8,2,6,3,Excellent food and fast service,Positive,Nagad,Dhanmondi
1476,2025-06-28,Saturday,6,1549,Pizza,Fast Food,6,550,3300,16,6,10,2,Very tasty and fresh,Positive,Bkash,Mirpur
1477,2025-10-12,Sunday,10,1262,Coffee,Beverage,7,180,1260,17,7,10,4,Bad experience,Negative,Card,Mirpur
1478,2025-05-14,Wednesday,5,1617,Juice,Beverage,2,150,300,16,2,14,5,Highly recommended,Positive,Card,Uttara
1479,2025-02-27,Thursday,2,1204,Burger,Fast Food,7,250,1750,15,7,8,4,It was okay,Neutral,Card,Mirpur
1480,2025-07-04,Friday,7,1222,Sandwich,Fast Food,1,220,220,13,1,12,2,Loved the food,Positive,Bkash,Dhanmondi
1481,2025-04-21,Monday,4,1737,Biryani,Main Course,6,320,1920,17,6,11,4,Highly recommended,Positive,Nagad,Banani
1482,2025-11-05,Wednesday,11,1814,Biryani,Main Course,8,320,2560,28,8,20,3,Loved the food,Positive,Cash,Dhanmondi
1483,2025-01-01,Wednesday,1,1310,Burger,Fast Food,1,250,250,6,1,5,5,Food was cold,Negative,Nagad,Uttara
1484,2025-02-19,Wednesday,2,1759,Burger,Fast Food,6,250,1500,17,6,11,4,Nothing special,Neutral,Cash,Mirpur
1485,2025-08-02,Saturday,8,1145,Burger,Fast Food,5,250,1250,11,5,6,4,Too salty,Negative,Nagad,Uttara
1486,2025-03-03,Monday,3,1742,Burger,Fast Food,8,250,2000,18,8,10,3,Excellent food and fast service,Positive,Nagad,Mirpur
1487,2025-05-19,Monday,5,1220,Burger,Fast Food,8,250,2000,15,8,7,2,It was okay,Neutral,Nagad,Banani
1488,2025-01-16,Thursday,1,1179,Burger,Fast Food,8,250,2000,26,8,18,2,Not worth the price,Negative,Cash,Dhanmondi
1489,2025-05-24,Saturday,5,1687,Pasta,Main Course,8,350,2800,19,8,11,4,Food was cold,Negative,Card,Uttara
1490,2025-12-20,Saturday,12,1572,Sandwich,Fast Food,1,220,220,7,1,6,5,Not worth the price,Negative,Card,Dhanmondi
1491,2025-05-27,Tuesday,5,1557,Coffee,Beverage,2,180,360,18,2,16,3,Highly recommended,Positive,Bkash,Mirpur
1492,2025-10-10,Friday,10,1416,Noodles,Main Course,3,260,780,18,3,15,3,Service was normal,Neutral,Nagad,Mirpur
1493,2025-08-28,Thursday,8,1691,Coffee,Beverage,5,180,900,14,5,9,5,Not worth the price,Negative,Bkash,Banani
1494,2025-02-14,Friday,2,1660,Ice Cream,Dessert,5,120,600,14,5,9,5,Loved the food,Positive,Nagad,Uttara
1495,2025-01-22,Wednesday,1,1871,Coffee,Beverage,3,180,540,18,3,15,3,Very tasty and fresh,Positive,Card,Banani
1496,2025-02-11,Tuesday,2,1004,Juice,Beverage,2,150,300,8,2,6,4,Amazing quality,Positive,Card,Uttara
1497,2025-12-17,Wednesday,12,1561,Coffee,Beverage,8,180,1440,16,8,8,5,Loved the food,Positive,Nagad,Uttara
1498,2025-10-23,Thursday,10,1159,Coffee,Beverage,7,180,1260,15,7,8,3,Highly recommended,Positive,Cash,Dhanmondi
1499,2025-09-11,Thursday,9,1310,Biryani,Main Course,2,320,640,16,2,14,3,Highly recommended,Positive,Cash,Uttara
1500,2025-01-13,Monday,1,1847,Burger,Fast Food,1,250,250,15,1,14,2,Very tasty and fresh,Positive,Cash,Mirpur
1501,2025-08-20,Wednesday,8,1714,Pizza,Fast Food,7,550,3850,23,7,16,4,Average taste,Neutral,Bkash,Banani
1502,2025-07-11,Friday,7,1650,Fried Rice,Main Course,5,280,1400,23,5,18,2,Nothing special,Neutral,Nagad,Dhanmondi
1503,2025-09-13,Saturday,9,1881,Coffee,Beverage,6,180,1080,11,6,5,5,Highly recommended,Positive,Cash,Banani
1504,2025-12-19,Friday,12,1039,Ice Cream,Dessert,6,120,720,26,6,20,5,Not worth the price,Negative,Cash,Banani
1505,2025-05-10,Saturday,5,1465,Noodles,Main Course,2,260,520,9,2,7,5,Excellent food and fast service,Positive,Bkash,Uttara
1506,2025-11-06,Thursday,11,1221,Sandwich,Fast Food,1,220,220,16,1,15,5,Highly recommended,Positive,Cash,Dhanmondi
1507,2025-12-17,Wednesday,12,1474,Biryani,Main Course,1,320,320,20,1,19,4,Very tasty and fresh,Positive,Nagad,Dhanmondi
1508,2025-05-10,Saturday,5,1300,Ice Cream,Dessert,2,120,240,22,2,20,3,Highly recommended,Positive,Cash,Mirpur
1509,2025-11-04,Tuesday,11,1203,Coffee,Beverage,7,180,1260,15,7,8,5,Average taste,Neutral,Nagad,Uttara
1510,2025-01-03,Friday,1,1228,Juice,Beverage,3,150,450,20,3,17,4,Very tasty and fresh,Positive,Nagad,Uttara
1511,2025-08-16,Saturday,8,1576,Pizza,Fast Food,2,550,1100,12,2,10,2,Amazing quality,Positive,Nagad,Banani
1512,2025-07-07,Monday,7,1428,Juice,Beverage,1,150,150,17,1,16,5,Average taste,Neutral,Cash,Mirpur
1513,2025-08-12,Tuesday,8,1898,Noodles,Main Course,7,260,1820,14,7,7,4,Loved the food,Positive,Nagad,Banani
1514,2025-09-17,Wednesday,9,1584,Fried Rice,Main Course,3,280,840,11,3,8,3,Excellent food and fast service,Positive,Card,Banani
1515,2025-12-04,Thursday,12,1596,Noodles,Main Course,6,260,1560,19,6,13,5,Very tasty and fresh,Positive,Cash,Dhanmondi
1516,2025-04-29,Tuesday,4,1011,Fried Rice,Main Course,3,280,840,17,3,14,4,Highly recommended,Positive,Cash,Dhanmondi
1517,2025-02-27,Thursday,2,1327,Noodles,Main Course,5,260,1300,10,5,5,3,Very tasty and fresh,Positive,Nagad,Uttara
1518,2025-04-07,Monday,4,1397,Sandwich,Fast Food,8,220,1760,28,8,20,2,Very tasty and fresh,Positive,Card,Uttara
1519,2025-09-19,Friday,9,1579,Biryani,Main Course,2,320,640,22,2,20,3,Excellent food and fast service,Positive,Card,Banani
1520,2025-11-17,Monday,11,1043,Coffee,Beverage,4,180,720,17,4,13,4,Highly recommended,Positive,Nagad,Dhanmondi
1521,2025-04-09,Wednesday,4,1766,Coffee,Beverage,7,180,1260,26,7,19,3,It was okay,Neutral,Nagad,Banani
1522,2025-11-27,Thursday,11,1443,Biryani,Main Course,4,320,1280,18,4,14,2,Excellent food and fast service,Positive,Nagad,Dhanmondi
1523,2025-10-15,Wednesday,10,1287,Pizza,Fast Food,3,550,1650,9,3,6,5,Highly recommended,Positive,Bkash,Mirpur
1524,2025-10-02,Thursday,10,1523,Ice Cream,Dessert,6,120,720,20,6,14,5,Not worth the price,Negative,Nagad,Uttara
1525,2025-08-29,Friday,8,1529,Coffee,Beverage,2,180,360,22,2,20,2,Bad experience,Negative,Bkash,Mirpur
1526,2025-05-19,Monday,5,1928,Pasta,Main Course,4,350,1400,19,4,15,3,Too salty,Negative,Card,Mirpur
1527,2025-06-06,Friday,6,1434,Fried Rice,Main Course,6,280,1680,24,6,18,3,Amazing quality,Positive,Card,Mirpur
1528,2025-04-08,Tuesday,4,1532,Coffee,Beverage,6,180,1080,17,6,11,3,Acceptable,Neutral,Cash,Mirpur
1529,2025-11-23,Sunday,11,1383,Fried Rice,Main Course,4,280,1120,19,4,15,3,Highly recommended,Positive,Nagad,Banani
1530,2025-05-19,Monday,5,1073,Ice Cream,Dessert,8,120,960,23,8,15,4,Amazing quality,Positive,Cash,Banani
1531,2025-10-09,Thursday,10,1950,Juice,Beverage,1,150,150,8,1,7,5,Loved the food,Positive,Nagad,Mirpur
1532,2025-09-19,Friday,9,1643,Ice Cream,Dessert,7,120,840,18,7,11,5,Highly recommended,Positive,Cash,Banani
1533,2025-08-12,Tuesday,8,1370,Juice,Beverage,6,150,900,14,6,8,2,Excellent food and fast service,Positive,Cash,Dhanmondi
1534,2025-05-23,Friday,5,1209,Pizza,Fast Food,5,550,2750,14,5,9,2,Nothing special,Neutral,Cash,Dhanmondi
1535,2025-02-27,Thursday,2,1225,Coffee,Beverage,5,180,900,19,5,14,4,Very tasty and fresh,Positive,Bkash,Uttara
1536,2025-03-19,Wednesday,3,1208,Burger,Fast Food,6,250,1500,18,6,12,2,Highly recommended,Positive,Card,Dhanmondi
1537,2025-10-20,Monday,10,1865,Ice Cream,Dessert,5,120,600,25,5,20,5,Very tasty and fresh,Positive,Card,Uttara
1538,2025-08-24,Sunday,8,1109,Ice Cream,Dessert,3,120,360,13,3,10,2,Too salty,Negative,Card,Mirpur
1539,2025-08-11,Monday,8,1867,Ice Cream,Dessert,7,120,840,26,7,19,2,Excellent food and fast service,Positive,Nagad,Banani
1540,2025-08-15,Friday,8,1210,Biryani,Main Course,7,320,2240,24,7,17,5,Loved the food,Positive,Nagad,Mirpur
1541,2025-06-14,Saturday,6,1210,Burger,Fast Food,8,250,2000,25,8,17,4,Bad experience,Negative,Card,Dhanmondi
1542,2025-11-04,Tuesday,11,1361,Juice,Beverage,3,150,450,20,3,17,5,Loved the food,Positive,Bkash,Uttara
1543,2025-05-29,Thursday,5,1249,Fried Rice,Main Course,7,280,1960,27,7,20,2,Bad experience,Negative,Nagad,Dhanmondi
1544,2025-07-19,Saturday,7,1446,Ice Cream,Dessert,6,120,720,22,6,16,5,Highly recommended,Positive,Nagad,Dhanmondi
1545,2025-08-12,Tuesday,8,1490,Pasta,Main Course,6,350,2100,18,6,12,3,Loved the food,Positive,Card,Uttara
1546,2025-10-27,Monday,10,1049,Noodles,Main Course,4,260,1040,10,4,6,3,Too salty,Negative,Cash,Uttara
1547,2025-02-17,Monday,2,1463,Ice Cream,Dessert,1,120,120,14,1,13,3,Loved the food,Positive,Bkash,Uttara
1548,2025-08-12,Tuesday,8,1533,Pasta,Main Course,3,350,1050,15,3,12,2,Very tasty and fresh,Positive,Card,Dhanmondi
1549,2025-11-14,Friday,11,1916,Burger,Fast Food,3,250,750,17,3,14,3,Highly recommended,Positive,Card,Dhanmondi
1550,2025-04-11,Friday,4,1836,Ice Cream,Dessert,2,120,240,9,2,7,3,Service was normal,Neutral,Cash,Banani
1551,2025-10-11,Saturday,10,1251,Coffee,Beverage,3,180,540,12,3,9,2,Very tasty and fresh,Positive,Bkash,Uttara
1552,2025-05-20,Tuesday,5,1049,Noodles,Main Course,1,260,260,7,1,6,5,Very tasty and fresh,Positive,Card,Uttara
1553,2025-05-04,Sunday,5,1179,Ice Cream,Dessert,6,120,720,19,6,13,2,Highly recommended,Positive,Card,Uttara
1554,2025-11-24,Monday,11,1000,Ice Cream,Dessert,1,120,120,8,1,7,4,Delivery was late,Negative,Nagad,Banani
1555,2025-12-13,Saturday,12,1362,Juice,Beverage,7,150,1050,26,7,19,5,Bad experience,Negative,Bkash,Banani
1556,2025-03-27,Thursday,3,1075,Noodles,Main Course,8,260,2080,17,8,9,4,Delivery was late,Negative,Bkash,Dhanmondi
1557,2025-11-06,Thursday,11,1322,Juice,Beverage,7,150,1050,24,7,17,5,Excellent food and fast service,Positive,Card,Dhanmondi
1558,2025-04-21,Monday,4,1664,Juice,Beverage,3,150,450,22,3,19,4,Delivery was late,Negative,Nagad,Uttara
1559,2025-03-14,Friday,3,1477,Burger,Fast Food,4,250,1000,23,4,19,5,Highly recommended,Positive,Bkash,Uttara
1560,2025-08-26,Tuesday,8,1918,Biryani,Main Course,7,320,2240,13,7,6,2,Very tasty and fresh,Positive,Bkash,Mirpur
1561,2025-01-28,Tuesday,1,1079,Coffee,Beverage,8,180,1440,25,8,17,4,Not worth the price,Negative,Bkash,Banani
1562,2025-01-21,Tuesday,1,1944,Sandwich,Fast Food,2,220,440,18,2,16,3,Loved the food,Positive,Cash,Dhanmondi
1563,2025-03-16,Sunday,3,1645,Noodles,Main Course,5,260,1300,11,5,6,4,Very tasty and fresh,Positive,Cash,Banani
1564,2025-07-26,Saturday,7,1376,Coffee,Beverage,8,180,1440,24,8,16,2,Service was normal,Neutral,Cash,Banani
1565,2025-09-07,Sunday,9,1955,Juice,Beverage,1,150,150,8,1,7,5,Delivery was late,Negative,Bkash,Banani
1566,2025-11-22,Saturday,11,1095,Pasta,Main Course,3,350,1050,12,3,9,5,It was okay,Neutral,Bkash,Banani
1567,2025-04-23,Wednesday,4,1199,Burger,Fast Food,1,250,250,15,1,14,5,Very tasty and fresh,Positive,Card,Banani
1568,2025-03-19,Wednesday,3,1167,Juice,Beverage,5,150,750,16,5,11,2,Excellent food and fast service,Positive,Bkash,Banani
1569,2025-02-03,Monday,2,1116,Fried Rice,Main Course,8,280,2240,18,8,10,2,Not worth the price,Negative,Nagad,Mirpur
1570,2025-11-12,Wednesday,11,1910,Coffee,Beverage,8,180,1440,21,8,13,4,Amazing quality,Positive,Bkash,Uttara
1571,2025-12-08,Monday,12,1444,Ice Cream,Dessert,5,120,600,17,5,12,5,Excellent food and fast service,Positive,Bkash,Mirpur
1572,2025-09-18,Thursday,9,1307,Pasta,Main Course,8,350,2800,25,8,17,4,Amazing quality,Positive,Cash,Uttara
1573,2025-10-12,Sunday,10,1948,Fried Rice,Main Course,4,280,1120,16,4,12,2,Very tasty and fresh,Positive,Bkash,Banani
1574,2025-07-24,Thursday,7,1638,Juice,Beverage,6,150,900,20,6,14,5,Very tasty and fresh,Positive,Cash,Mirpur
1575,2025-01-30,Thursday,1,1031,Juice,Beverage,7,150,1050,25,7,18,4,Highly recommended,Positive,Bkash,Dhanmondi
1576,2025-06-07,Saturday,6,1602,Fried Rice,Main Course,8,280,2240,28,8,20,3,Not worth the price,Negative,Nagad,Banani
1577,2025-05-01,Thursday,5,1334,Pasta,Main Course,4,350,1400,14,4,10,5,Amazing quality,Positive,Cash,Dhanmondi
1578,2025-02-12,Wednesday,2,1918,Pizza,Fast Food,1,550,550,10,1,9,2,Highly recommended,Positive,Card,Dhanmondi
1579,2025-01-02,Thursday,1,1695,Sandwich,Fast Food,3,220,660,9,3,6,4,Loved the food,Positive,Cash,Dhanmondi
1580,2025-03-26,Wednesday,3,1084,Pasta,Main Course,6,350,2100,14,6,8,2,Amazing quality,Positive,Cash,Uttara
1581,2025-03-29,Saturday,3,1630,Juice,Beverage,8,150,1200,16,8,8,2,Loved the food,Positive,Bkash,Uttara
1582,2025-02-03,Monday,2,1098,Sandwich,Fast Food,5,220,1100,15,5,10,5,Acceptable,Neutral,Card,Mirpur
1583,2025-01-17,Friday,1,1367,Juice,Beverage,6,150,900,16,6,10,4,Nothing special,Neutral,Bkash,Banani
1584,2025-08-03,Sunday,8,1152,Fried Rice,Main Course,5,280,1400,20,5,15,3,Highly recommended,Positive,Cash,Dhanmondi
1585,2025-01-31,Friday,1,1129,Ice Cream,Dessert,2,120,240,11,2,9,3,Highly recommended,Positive,Cash,Mirpur
1586,2025-06-20,Friday,6,1952,Coffee,Beverage,4,180,720,24,4,20,4,Excellent food and fast service,Positive,Card,Banani
1587,2025-12-02,Tuesday,12,1067,Burger,Fast Food,6,250,1500,16,6,10,2,Loved the food,Positive,Cash,Mirpur
1588,2025-07-19,Saturday,7,1802,Biryani,Main Course,8,320,2560,27,8,19,4,Nothing special,Neutral,Nagad,Uttara
1589,2025-06-17,Tuesday,6,1977,Juice,Beverage,6,150,900,16,6,10,4,Very tasty and fresh,Positive,Nagad,Dhanmondi
1590,2025-09-07,Sunday,9,1525,Coffee,Beverage,3,180,540,9,3,6,5,Delivery was late,Negative,Bkash,Uttara
1591,2025-04-03,Thursday,4,1819,Juice,Beverage,1,150,150,6,1,5,4,Service was normal,Neutral,Bkash,Dhanmondi
1592,2025-02-23,Sunday,2,1280,Sandwich,Fast Food,4,220,880,15,4,11,5,Amazing quality,Positive,Card,Banani
1593,2025-01-21,Tuesday,1,1018,Sandwich,Fast Food,5,220,1100,24,5,19,5,Loved the food,Positive,Cash,Banani
1594,2025-08-02,Saturday,8,1460,Sandwich,Fast Food,4,220,880,19,4,15,4,Delivery was late,Negative,Bkash,Dhanmondi
1595,2025-04-28,Monday,4,1234,Ice Cream,Dessert,5,120,600,22,5,17,2,Amazing quality,Positive,Card,Banani
1596,2025-05-03,Saturday,5,1821,Juice,Beverage,1,150,150,19,1,18,4,Excellent food and fast service,Positive,Nagad,Dhanmondi
1597,2025-09-14,Sunday,9,1546,Pasta,Main Course,1,350,350,21,1,20,4,Delivery was late,Negative,Cash,Uttara
1598,2025-07-19,Saturday,7,1014,Noodles,Main Course,6,260,1560,16,6,10,5,Very tasty and fresh,Positive,Cash,Mirpur
1599,2025-11-28,Friday,11,1173,Fried Rice,Main Course,8,280,2240,13,8,5,4,Loved the food,Positive,Bkash,Banani
1600,2025-03-24,Monday,3,1316,Juice,Beverage,4,150,600,14,4,10,2,Loved the food,Positive,Cash,Uttara
1601,2025-03-04,Tuesday,3,1988,Burger,Fast Food,4,250,1000,11,4,7,3,Service was normal,Neutral,Cash,Banani
1602,2025-06-22,Sunday,6,1284,Pizza,Fast Food,8,550,4400,16,8,8,2,Amazing quality,Positive,Bkash,Dhanmondi
1603,2025-06-30,Monday,6,1742,Biryani,Main Course,7,320,2240,18,7,11,2,Loved the food,Positive,Cash,Dhanmondi
1604,2025-03-25,Tuesday,3,1198,Biryani,Main Course,6,320,1920,16,6,10,5,Amazing quality,Positive,Bkash,Dhanmondi
1605,2025-06-24,Tuesday,6,1217,Juice,Beverage,7,150,1050,15,7,8,3,Not worth the price,Negative,Card,Banani
1606,2025-10-28,Tuesday,10,1396,Pizza,Fast Food,4,550,2200,24,4,20,4,Highly recommended,Positive,Bkash,Uttara
1607,2025-01-22,Wednesday,1,1017,Burger,Fast Food,8,250,2000,19,8,11,4,Loved the food,Positive,Bkash,Banani
1608,2025-01-04,Saturday,1,1608,Coffee,Beverage,8,180,1440,15,8,7,2,Excellent food and fast service,Positive,Card,Banani
1609,2025-09-11,Thursday,9,1805,Noodles,Main Course,6,260,1560,14,6,8,4,Average taste,Neutral,Card,Mirpur
1610,2025-10-02,Thursday,10,1961,Juice,Beverage,5,150,750,11,5,6,4,Food was cold,Negative,Card,Mirpur
1611,2025-07-14,Monday,7,1998,Biryani,Main Course,5,320,1600,20,5,15,4,Food was cold,Negative,Cash,Banani
1612,2025-06-07,Saturday,6,1335,Pasta,Main Course,7,350,2450,12,7,5,3,Loved the food,Positive,Cash,Uttara
1613,2025-09-26,Friday,9,1786,Ice Cream,Dessert,2,120,240,18,2,16,4,Loved the food,Positive,Bkash,Dhanmondi
1614,2025-04-04,Friday,4,1318,Ice Cream,Dessert,4,120,480,11,4,7,2,Loved the food,Positive,Bkash,Mirpur
1615,2025-02-21,Friday,2,1095,Juice,Beverage,1,150,150,15,1,14,4,Not worth the price,Negative,Bkash,Dhanmondi
1616,2025-03-12,Wednesday,3,1043,Pizza,Fast Food,2,550,1100,7,2,5,5,Highly recommended,Positive,Bkash,Banani
1617,2025-10-05,Sunday,10,1916,Pizza,Fast Food,5,550,2750,15,5,10,3,Amazing quality,Positive,Cash,Mirpur
1618,2025-03-28,Friday,3,1173,Biryani,Main Course,2,320,640,7,2,5,3,Very tasty and fresh,Positive,Nagad,Dhanmondi
1619,2025-12-15,Monday,12,1060,Noodles,Main Course,5,260,1300,16,5,11,5,Very tasty and fresh,Positive,Card,Banani
1620,2025-04-09,Wednesday,4,1421,Noodles,Main Course,5,260,1300,21,5,16,4,Amazing quality,Positive,Bkash,Uttara
1621,2025-11-12,Wednesday,11,1001,Pizza,Fast Food,7,550,3850,20,7,13,2,Nothing special,Neutral,Nagad,Uttara
1622,2025-05-10,Saturday,5,1135,Biryani,Main Course,3,320,960,11,3,8,2,Delivery was late,Negative,Card,Uttara
1623,2025-01-24,Friday,1,1982,Pizza,Fast Food,7,550,3850,16,7,9,2,Too salty,Negative,Cash,Uttara
1624,2025-02-26,Wednesday,2,1147,Burger,Fast Food,7,250,1750,15,7,8,3,Highly recommended,Positive,Cash,Mirpur
1625,2025-06-16,Monday,6,1878,Juice,Beverage,7,150,1050,20,7,13,3,Very tasty and fresh,Positive,Card,Banani
1626,2025-06-30,Monday,6,1447,Fried Rice,Main Course,4,280,1120,24,4,20,2,Loved the food,Positive,Bkash,Dhanmondi
1627,2025-08-10,Sunday,8,1766,Sandwich,Fast Food,3,220,660,9,3,6,5,Average taste,Neutral,Bkash,Uttara
1628,2025-07-31,Thursday,7,1436,Pizza,Fast Food,5,550,2750,14,5,9,2,Very tasty and fresh,Positive,Nagad,Dhanmondi
1629,2025-10-28,Tuesday,10,1205,Sandwich,Fast Food,6,220,1320,20,6,14,4,Nothing special,Neutral,Nagad,Banani
1630,2025-05-19,Monday,5,1017,Biryani,Main Course,8,320,2560,20,8,12,3,Very tasty and fresh,Positive,Nagad,Banani
1631,2025-04-23,Wednesday,4,1534,Noodles,Main Course,3,260,780,11,3,8,4,Loved the food,Positive,Cash,Mirpur
1632,2025-12-04,Thursday,12,1980,Noodles,Main Course,5,260,1300,22,5,17,2,Amazing quality,Positive,Card,Mirpur
1633,2025-05-10,Saturday,5,1152,Fried Rice,Main Course,3,280,840,23,3,20,2,Food was cold,Negative,Bkash,Banani
1634,2025-10-18,Saturday,10,1750,Coffee,Beverage,1,180,180,21,1,20,4,Excellent food and fast service,Positive,Nagad,Mirpur
1635,2025-12-23,Tuesday,12,1578,Pasta,Main Course,4,350,1400,21,4,17,4,Acceptable,Neutral,Cash,Banani
1636,2025-08-30,Saturday,8,1365,Ice Cream,Dessert,4,120,480,16,4,12,5,Loved the food,Positive,Card,Mirpur
1637,2025-09-10,Wednesday,9,1578,Fried Rice,Main Course,7,280,1960,12,7,5,3,Average taste,Neutral,Card,Banani
1638,2025-01-23,Thursday,1,1105,Fried Rice,Main Course,8,280,2240,26,8,18,5,Excellent food and fast service,Positive,Card,Uttara
1639,2025-04-20,Sunday,4,1940,Fried Rice,Main Course,6,280,1680,14,6,8,5,Excellent food and fast service,Positive,Cash,Mirpur
1640,2025-11-26,Wednesday,11,1626,Ice Cream,Dessert,8,120,960,19,8,11,2,Very tasty and fresh,Positive,Cash,Mirpur
1641,2025-11-03,Monday,11,1554,Noodles,Main Course,4,260,1040,10,4,6,3,Loved the food,Positive,Cash,Banani
1642,2025-04-21,Monday,4,1234,Juice,Beverage,6,150,900,14,6,8,4,Amazing quality,Positive,Cash,Banani
1643,2025-12-23,Tuesday,12,1027,Coffee,Beverage,6,180,1080,25,6,19,2,Very tasty and fresh,Positive,Cash,Mirpur
1644,2025-04-09,Wednesday,4,1200,Biryani,Main Course,3,320,960,15,3,12,3,It was okay,Neutral,Card,Uttara
1645,2025-06-01,Sunday,6,1032,Sandwich,Fast Food,1,220,220,20,1,19,2,Very tasty and fresh,Positive,Card,Mirpur
1646,2025-11-18,Tuesday,11,1485,Pasta,Main Course,7,350,2450,16,7,9,5,It was okay,Neutral,Cash,Uttara
1647,2025-07-11,Friday,7,1216,Burger,Fast Food,3,250,750,21,3,18,2,Very tasty and fresh,Positive,Card,Banani
1648,2025-02-25,Tuesday,2,1730,Juice,Beverage,4,150,600,14,4,10,4,Amazing quality,Positive,Nagad,Uttara
1649,2025-11-01,Saturday,11,1856,Noodles,Main Course,4,260,1040,23,4,19,5,Amazing quality,Positive,Bkash,Mirpur
1650,2025-05-14,Wednesday,5,1384,Ice Cream,Dessert,4,120,480,9,4,5,5,Loved the food,Positive,Cash,Dhanmondi
1651,2025-12-22,Monday,12,1972,Biryani,Main Course,1,320,320,13,1,12,2,Acceptable,Neutral,Nagad,Banani
1652,2025-11-29,Saturday,11,1896,Ice Cream,Dessert,3,120,360,9,3,6,3,Amazing quality,Positive,Card,Uttara
1653,2025-01-26,Sunday,1,1347,Noodles,Main Course,2,260,520,14,2,12,2,Excellent food and fast service,Positive,Bkash,Mirpur
1654,2025-06-20,Friday,6,1870,Noodles,Main Course,3,260,780,13,3,10,3,Highly recommended,Positive,Card,Uttara
1655,2025-12-24,Wednesday,12,1082,Pizza,Fast Food,3,550,1650,22,3,19,4,Amazing quality,Positive,Nagad,Uttara
1656,2025-12-15,Monday,12,1798,Pasta,Main Course,6,350,2100,11,6,5,2,Excellent food and fast service,Positive,Cash,Dhanmondi
1657,2025-02-12,Wednesday,2,1492,Coffee,Beverage,3,180,540,10,3,7,2,Very tasty and fresh,Positive,Nagad,Mirpur
1658,2025-01-30,Thursday,1,1388,Ice Cream,Dessert,1,120,120,10,1,9,2,Too salty,Negative,Bkash,Mirpur
1659,2025-05-14,Wednesday,5,1552,Biryani,Main Course,2,320,640,11,2,9,5,Acceptable,Neutral,Bkash,Banani
1660,2025-09-25,Thursday,9,1513,Pizza,Fast Food,3,550,1650,13,3,10,2,Too salty,Negative,Bkash,Banani
1661,2025-08-29,Friday,8,1050,Burger,Fast Food,7,250,1750,26,7,19,2,Amazing quality,Positive,Bkash,Uttara
1662,2025-07-13,Sunday,7,1281,Coffee,Beverage,6,180,1080,13,6,7,3,Amazing quality,Positive,Nagad,Banani
1663,2025-10-16,Thursday,10,1523,Pizza,Fast Food,4,550,2200,22,4,18,3,Loved the food,Positive,Bkash,Mirpur
1664,2025-12-05,Friday,12,1384,Burger,Fast Food,6,250,1500,20,6,14,2,Bad experience,Negative,Cash,Banani
1665,2025-01-28,Tuesday,1,1571,Juice,Beverage,4,150,600,16,4,12,5,Amazing quality,Positive,Bkash,Dhanmondi
1666,2025-11-16,Sunday,11,1821,Noodles,Main Course,3,260,780,12,3,9,2,Loved the food,Positive,Cash,Banani
1667,2025-05-10,Saturday,5,1985,Noodles,Main Course,2,260,520,7,2,5,3,Loved the food,Positive,Nagad,Banani
1668,2025-05-08,Thursday,5,1541,Noodles,Main Course,4,260,1040,21,4,17,2,It was okay,Neutral,Nagad,Mirpur
1669,2025-05-05,Monday,5,1694,Biryani,Main Course,2,320,640,11,2,9,4,Acceptable,Neutral,Card,Mirpur
1670,2025-07-28,Monday,7,1774,Pasta,Main Course,3,350,1050,8,3,5,3,Highly recommended,Positive,Bkash,Banani
1671,2025-04-20,Sunday,4,1841,Pizza,Fast Food,5,550,2750,18,5,13,5,Excellent food and fast service,Positive,Bkash,Banani
1672,2025-03-22,Saturday,3,1191,Coffee,Beverage,6,180,1080,20,6,14,5,Food was cold,Negative,Card,Mirpur
1673,2025-06-24,Tuesday,6,1684,Noodles,Main Course,3,260,780,17,3,14,2,Excellent food and fast service,Positive,Nagad,Banani
1674,2025-06-07,Saturday,6,1517,Juice,Beverage,5,150,750,19,5,14,2,Amazing quality,Positive,Card,Dhanmondi
1675,2025-07-08,Tuesday,7,1476,Fried Rice,Main Course,3,280,840,16,3,13,2,Very tasty and fresh,Positive,Bkash,Dhanmondi
1676,2025-05-29,Thursday,5,1213,Burger,Fast Food,5,250,1250,17,5,12,4,Very tasty and fresh,Positive,Card,Mirpur
1677,2025-10-28,Tuesday,10,1825,Coffee,Beverage,2,180,360,19,2,17,2,It was okay,Neutral,Cash,Dhanmondi
1678,2025-12-31,Wednesday,12,1557,Ice Cream,Dessert,8,120,960,27,8,19,2,Average taste,Neutral,Card,Uttara
1679,2025-10-31,Friday,10,1659,Pizza,Fast Food,4,550,2200,24,4,20,4,Highly recommended,Positive,Card,Dhanmondi
1680,2025-07-28,Monday,7,1779,Burger,Fast Food,2,250,500,9,2,7,5,Bad experience,Negative,Bkash,Banani
1681,2025-02-18,Tuesday,2,1213,Sandwich,Fast Food,7,220,1540,12,7,5,2,Very tasty and fresh,Positive,Cash,Dhanmondi
1682,2025-06-21,Saturday,6,1946,Juice,Beverage,2,150,300,11,2,9,2,Bad experience,Negative,Card,Banani
1683,2025-06-20,Friday,6,1122,Sandwich,Fast Food,8,220,1760,21,8,13,5,Acceptable,Neutral,Cash,Uttara
1684,2025-07-20,Sunday,7,1318,Coffee,Beverage,6,180,1080,15,6,9,2,Food was cold,Negative,Cash,Mirpur
1685,2025-02-25,Tuesday,2,1488,Noodles,Main Course,5,260,1300,17,5,12,4,Amazing quality,Positive,Cash,Uttara
1686,2025-07-28,Monday,7,1616,Fried Rice,Main Course,3,280,840,13,3,10,3,Bad experience,Negative,Cash,Uttara
1687,2025-08-20,Wednesday,8,1261,Pasta,Main Course,6,350,2100,21,6,15,2,Excellent food and fast service,Positive,Bkash,Uttara
1688,2025-09-24,Wednesday,9,1796,Noodles,Main Course,7,260,1820,13,7,6,4,Food was cold,Negative,Card,Banani
1689,2025-07-22,Tuesday,7,1119,Juice,Beverage,7,150,1050,13,7,6,3,Excellent food and fast service,Positive,Nagad,Dhanmondi
1690,2025-01-22,Wednesday,1,1905,Fried Rice,Main Course,1,280,280,12,1,11,2,Highly recommended,Positive,Cash,Banani
1691,2025-03-20,Thursday,3,1102,Sandwich,Fast Food,2,220,440,17,2,15,3,Delivery was late,Negative,Card,Mirpur
1692,2025-06-24,Tuesday,6,1446,Coffee,Beverage,1,180,180,19,1,18,2,Very tasty and fresh,Positive,Nagad,Banani
1693,2025-08-06,Wednesday,8,1297,Noodles,Main Course,3,260,780,14,3,11,2,Too salty,Negative,Cash,Uttara
1694,2025-06-05,Thursday,6,1305,Noodles,Main Course,1,260,260,20,1,19,3,Service was normal,Neutral,Nagad,Uttara
1695,2025-07-28,Monday,7,1741,Burger,Fast Food,4,250,1000,16,4,12,2,Acceptable,Neutral,Cash,Dhanmondi
1696,2025-12-08,Monday,12,1519,Coffee,Beverage,8,180,1440,13,8,5,4,Average taste,Neutral,Cash,Mirpur
1697,2025-05-27,Tuesday,5,1261,Ice Cream,Dessert,3,120,360,8,3,5,3,Nothing special,Neutral,Nagad,Banani
1698,2025-11-16,Sunday,11,1777,Ice Cream,Dessert,7,120,840,21,7,14,5,Bad experience,Negative,Cash,Mirpur
1699,2025-03-16,Sunday,3,1254,Noodles,Main Course,6,260,1560,23,6,17,3,Acceptable,Neutral,Bkash,Dhanmondi
1700,2025-05-31,Saturday,5,1110,Burger,Fast Food,5,250,1250,16,5,11,3,Delivery was late,Negative,Card,Mirpur
1701,2025-03-14,Friday,3,1571,Juice,Beverage,7,150,1050,13,7,6,5,Excellent food and fast service,Positive,Card,Banani
1702,2025-11-24,Monday,11,1657,Pizza,Fast Food,8,550,4400,26,8,18,5,Food was cold,Negative,Card,Uttara
1703,2025-06-08,Sunday,6,1929,Noodles,Main Course,4,260,1040,16,4,12,4,Amazing quality,Positive,Card,Uttara
1704,2025-12-03,Wednesday,12,1983,Noodles,Main Course,1,260,260,15,1,14,5,Too salty,Negative,Cash,Uttara
1705,2025-12-22,Monday,12,1415,Ice Cream,Dessert,7,120,840,22,7,15,4,Very tasty and fresh,Positive,Card,Banani
1706,2025-12-05,Friday,12,1416,Pasta,Main Course,2,350,700,19,2,17,2,Loved the food,Positive,Card,Dhanmondi
1707,2025-10-15,Wednesday,10,1784,Sandwich,Fast Food,7,220,1540,15,7,8,3,It was okay,Neutral,Bkash,Mirpur
1708,2025-03-03,Monday,3,1246,Pasta,Main Course,4,350,1400,17,4,13,4,Very tasty and fresh,Positive,Bkash,Dhanmondi
1709,2025-01-16,Thursday,1,1444,Biryani,Main Course,8,320,2560,20,8,12,5,Amazing quality,Positive,Nagad,Dhanmondi
1710,2025-01-29,Wednesday,1,1833,Pizza,Fast Food,7,550,3850,18,7,11,4,Very tasty and fresh,Positive,Cash,Dhanmondi
1711,2025-02-03,Monday,2,1074,Juice,Beverage,1,150,150,14,1,13,4,Amazing quality,Positive,Cash,Banani
1712,2025-07-28,Monday,7,1051,Biryani,Main Course,4,320,1280,23,4,19,4,It was okay,Neutral,Card,Mirpur
1713,2025-05-19,Monday,5,1400,Burger,Fast Food,8,250,2000,27,8,19,3,Loved the food,Positive,Cash,Banani
1714,2025-03-13,Thursday,3,1019,Juice,Beverage,7,150,1050,16,7,9,2,Loved the food,Positive,Nagad,Banani
1715,2025-07-16,Wednesday,7,1023,Burger,Fast Food,3,250,750,10,3,7,5,Service was normal,Neutral,Bkash,Dhanmondi
1716,2025-04-10,Thursday,4,1977,Fried Rice,Main Course,4,280,1120,23,4,19,4,Very tasty and fresh,Positive,Bkash,Uttara
1717,2025-04-14,Monday,4,1475,Coffee,Beverage,7,180,1260,15,7,8,2,Excellent food and fast service,Positive,Card,Uttara
1718,2025-12-14,Sunday,12,1224,Pizza,Fast Food,2,550,1100,12,2,10,5,Excellent food and fast service,Positive,Card,Mirpur
1719,2025-03-09,Sunday,3,1223,Sandwich,Fast Food,8,220,1760,24,8,16,5,Very tasty and fresh,Positive,Cash,Mirpur
1720,2025-06-07,Saturday,6,1048,Pasta,Main Course,1,350,350,11,1,10,3,Too salty,Negative,Nagad,Mirpur
1721,2025-09-19,Friday,9,1242,Burger,Fast Food,2,250,500,20,2,18,5,Excellent food and fast service,Positive,Card,Mirpur
1722,2025-02-22,Saturday,2,1758,Juice,Beverage,8,150,1200,16,8,8,5,Not worth the price,Negative,Card,Uttara
1723,2025-02-08,Saturday,2,1549,Burger,Fast Food,3,250,750,10,3,7,3,Bad experience,Negative,Cash,Uttara
1724,2025-05-14,Wednesday,5,1752,Noodles,Main Course,7,260,1820,17,7,10,5,Loved the food,Positive,Nagad,Uttara
1725,2025-08-07,Thursday,8,1556,Fried Rice,Main Course,4,280,1120,12,4,8,4,Delivery was late,Negative,Nagad,Dhanmondi
1726,2025-06-23,Monday,6,1557,Fried Rice,Main Course,8,280,2240,13,8,5,5,Amazing quality,Positive,Nagad,Dhanmondi
1727,2025-08-21,Thursday,8,1241,Sandwich,Fast Food,1,220,220,18,1,17,5,Not worth the price,Negative,Card,Dhanmondi
1728,2025-07-06,Sunday,7,1184,Burger,Fast Food,7,250,1750,16,7,9,3,Very tasty and fresh,Positive,Bkash,Mirpur
1729,2025-12-12,Friday,12,1015,Biryani,Main Course,2,320,640,19,2,17,4,Service was normal,Neutral,Nagad,Dhanmondi
1730,2025-12-18,Thursday,12,1666,Pasta,Main Course,7,350,2450,16,7,9,3,Acceptable,Neutral,Cash,Uttara
1731,2025-06-17,Tuesday,6,1570,Ice Cream,Dessert,7,120,840,26,7,19,4,Average taste,Neutral,Card,Banani
1732,2025-11-16,Sunday,11,1913,Ice Cream,Dessert,5,120,600,10,5,5,2,Delivery was late,Negative,Bkash,Dhanmondi
1733,2025-11-06,Thursday,11,1663,Fried Rice,Main Course,7,280,1960,20,7,13,3,Loved the food,Positive,Bkash,Mirpur
1734,2025-11-09,Sunday,11,1641,Noodles,Main Course,2,260,520,9,2,7,5,Highly recommended,Positive,Cash,Banani
1735,2025-02-16,Sunday,2,1458,Coffee,Beverage,3,180,540,15,3,12,5,Not worth the price,Negative,Nagad,Uttara
1736,2025-10-04,Saturday,10,1986,Biryani,Main Course,1,320,320,20,1,19,2,Excellent food and fast service,Positive,Nagad,Banani
1737,2025-11-09,Sunday,11,1588,Noodles,Main Course,8,260,2080,25,8,17,5,Amazing quality,Positive,Nagad,Uttara
1738,2025-03-08,Saturday,3,1809,Coffee,Beverage,4,180,720,24,4,20,4,Food was cold,Negative,Cash,Banani
1739,2025-11-26,Wednesday,11,1904,Biryani,Main Course,4,320,1280,20,4,16,2,Loved the food,Positive,Bkash,Banani
1740,2025-07-15,Tuesday,7,1689,Ice Cream,Dessert,6,120,720,25,6,19,2,Excellent food and fast service,Positive,Card,Mirpur
1741,2025-10-05,Sunday,10,1956,Biryani,Main Course,6,320,1920,22,6,16,5,Very tasty and fresh,Positive,Nagad,Banani
1742,2025-04-11,Friday,4,1649,Biryani,Main Course,6,320,1920,20,6,14,3,Very tasty and fresh,Positive,Bkash,Banani
1743,2025-04-24,Thursday,4,1081,Fried Rice,Main Course,2,280,560,17,2,15,4,Loved the food,Positive,Card,Mirpur
1744,2025-09-05,Friday,9,1175,Biryani,Main Course,6,320,1920,23,6,17,5,Amazing quality,Positive,Card,Uttara
1745,2025-06-25,Wednesday,6,1108,Noodles,Main Course,6,260,1560,14,6,8,5,Amazing quality,Positive,Bkash,Mirpur
1746,2025-01-14,Tuesday,1,1332,Sandwich,Fast Food,5,220,1100,22,5,17,2,Bad experience,Negative,Bkash,Banani
1747,2025-12-15,Monday,12,1643,Pasta,Main Course,5,350,1750,17,5,12,2,Loved the food,Positive,Cash,Dhanmondi
1748,2025-09-04,Thursday,9,1853,Ice Cream,Dessert,8,120,960,18,8,10,4,Amazing quality,Positive,Card,Mirpur
1749,2025-01-20,Monday,1,1333,Pizza,Fast Food,6,550,3300,17,6,11,4,Excellent food and fast service,Positive,Nagad,Dhanmondi
1750,2025-06-17,Tuesday,6,1374,Coffee,Beverage,4,180,720,12,4,8,3,Very tasty and fresh,Positive,Nagad,Banani
1751,2025-09-26,Friday,9,1046,Pizza,Fast Food,4,550,2200,22,4,18,2,Loved the food,Positive,Bkash,Uttara
1752,2025-12-23,Tuesday,12,1181,Pizza,Fast Food,5,550,2750,12,5,7,5,Loved the food,Positive,Nagad,Dhanmondi
1753,2025-12-23,Tuesday,12,1775,Ice Cream,Dessert,8,120,960,14,8,6,5,It was okay,Neutral,Cash,Mirpur
1754,2025-07-04,Friday,7,1957,Biryani,Main Course,4,320,1280,20,4,16,4,Very tasty and fresh,Positive,Nagad,Banani
1755,2025-01-30,Thursday,1,1305,Coffee,Beverage,7,180,1260,26,7,19,3,Loved the food,Positive,Card,Banani
1756,2025-12-28,Sunday,12,1750,Coffee,Beverage,6,180,1080,19,6,13,5,Loved the food,Positive,Bkash,Mirpur
1757,2025-12-31,Wednesday,12,1980,Ice Cream,Dessert,5,120,600,15,5,10,2,Loved the food,Positive,Cash,Banani
1758,2025-06-20,Friday,6,1159,Burger,Fast Food,3,250,750,8,3,5,4,Food was cold,Negative,Bkash,Uttara
1759,2025-10-28,Tuesday,10,1818,Fried Rice,Main Course,2,280,560,14,2,12,4,Excellent food and fast service,Positive,Bkash,Dhanmondi
1760,2025-04-17,Thursday,4,1208,Burger,Fast Food,6,250,1500,21,6,15,5,Amazing quality,Positive,Card,Dhanmondi
1761,2025-05-26,Monday,5,1733,Pasta,Main Course,5,350,1750,22,5,17,5,Amazing quality,Positive,Card,Banani
1762,2025-12-20,Saturday,12,1736,Fried Rice,Main Course,7,280,1960,26,7,19,4,Not worth the price,Negative,Nagad,Uttara
1763,2025-01-04,Saturday,1,1214,Biryani,Main Course,6,320,1920,16,6,10,2,Too salty,Negative,Card,Uttara
1764,2025-12-29,Monday,12,1129,Noodles,Main Course,2,260,520,11,2,9,3,Excellent food and fast service,Positive,Card,Dhanmondi
1765,2025-11-17,Monday,11,1906,Pasta,Main Course,2,350,700,8,2,6,2,Excellent food and fast service,Positive,Card,Banani
1766,2025-05-15,Thursday,5,1353,Sandwich,Fast Food,3,220,660,14,3,11,2,Nothing special,Neutral,Card,Banani
1767,2025-07-26,Saturday,7,1921,Noodles,Main Course,2,260,520,21,2,19,4,Very tasty and fresh,Positive,Nagad,Banani
1768,2025-06-14,Saturday,6,1158,Pasta,Main Course,6,350,2100,19,6,13,2,Highly recommended,Positive,Bkash,Uttara
1769,2025-11-13,Thursday,11,1246,Pizza,Fast Food,8,550,4400,25,8,17,2,Bad experience,Negative,Nagad,Dhanmondi
1770,2025-10-09,Thursday,10,1064,Biryani,Main Course,8,320,2560,16,8,8,5,It was okay,Neutral,Card,Uttara
1771,2025-08-15,Friday,8,1158,Fried Rice,Main Course,3,280,840,8,3,5,3,Very tasty and fresh,Positive,Nagad,Uttara
1772,2025-02-21,Friday,2,1566,Juice,Beverage,6,150,900,13,6,7,3,It was okay,Neutral,Card,Uttara
1773,2025-06-16,Monday,6,1273,Coffee,Beverage,4,180,720,15,4,11,5,Loved the food,Positive,Cash,Banani
1774,2025-11-27,Thursday,11,1296,Sandwich,Fast Food,8,220,1760,20,8,12,3,Highly recommended,Positive,Cash,Mirpur
1775,2025-05-14,Wednesday,5,1618,Pasta,Main Course,8,350,2800,16,8,8,5,Highly recommended,Positive,Cash,Uttara
1776,2025-10-20,Monday,10,1252,Biryani,Main Course,8,320,2560,15,8,7,5,Loved the food,Positive,Nagad,Dhanmondi
1777,2025-04-20,Sunday,4,1968,Sandwich,Fast Food,6,220,1320,15,6,9,3,Amazing quality,Positive,Card,Uttara
1778,2025-01-15,Wednesday,1,1561,Pizza,Fast Food,3,550,1650,19,3,16,3,Excellent food and fast service,Positive,Card,Dhanmondi
1779,2025-01-23,Thursday,1,1884,Pasta,Main Course,8,350,2800,27,8,19,5,Amazing quality,Positive,Bkash,Uttara
1780,2025-12-21,Sunday,12,1403,Coffee,Beverage,6,180,1080,16,6,10,2,Amazing quality,Positive,Cash,Uttara
1781,2025-01-09,Thursday,1,1834,Pasta,Main Course,5,350,1750,17,5,12,4,Food was cold,Negative,Cash,Banani
1782,2025-02-04,Tuesday,2,1920,Coffee,Beverage,3,180,540,14,3,11,2,Bad experience,Negative,Cash,Uttara
1783,2025-11-26,Wednesday,11,1310,Ice Cream,Dessert,3,120,360,19,3,16,3,Average taste,Neutral,Nagad,Mirpur
1784,2025-12-01,Monday,12,1933,Noodles,Main Course,4,260,1040,10,4,6,2,It was okay,Neutral,Nagad,Banani
1785,2025-02-12,Wednesday,2,1148,Fried Rice,Main Course,8,280,2240,15,8,7,5,Average taste,Neutral,Cash,Uttara
1786,2025-03-19,Wednesday,3,1419,Pizza,Fast Food,4,550,2200,14,4,10,5,Highly recommended,Positive,Card,Dhanmondi
1787,2025-02-28,Friday,2,1107,Ice Cream,Dessert,2,120,240,10,2,8,3,Highly recommended,Positive,Card,Dhanmondi
1788,2025-03-03,Monday,3,1677,Ice Cream,Dessert,1,120,120,20,1,19,5,Loved the food,Positive,Card,Uttara
1789,2025-11-15,Saturday,11,1389,Fried Rice,Main Course,1,280,280,15,1,14,4,Highly recommended,Positive,Card,Dhanmondi
1790,2025-12-05,Friday,12,1153,Biryani,Main Course,8,320,2560,22,8,14,4,Average taste,Neutral,Card,Dhanmondi
1791,2025-02-16,Sunday,2,1944,Pasta,Main Course,1,350,350,18,1,17,4,It was okay,Neutral,Cash,Mirpur
1792,2025-03-10,Monday,3,1198,Biryani,Main Course,5,320,1600,22,5,17,4,Amazing quality,Positive,Bkash,Banani
1793,2025-02-03,Monday,2,1508,Burger,Fast Food,4,250,1000,20,4,16,2,Amazing quality,Positive,Cash,Uttara
1794,2025-08-21,Thursday,8,1562,Pizza,Fast Food,3,550,1650,16,3,13,4,Loved the food,Positive,Bkash,Banani
1795,2025-06-07,Saturday,6,1909,Biryani,Main Course,4,320,1280,9,4,5,3,Excellent food and fast service,Positive,Cash,Uttara
1796,2025-09-04,Thursday,9,1490,Burger,Fast Food,7,250,1750,15,7,8,3,Very tasty and fresh,Positive,Nagad,Mirpur
1797,2025-01-31,Friday,1,1441,Biryani,Main Course,1,320,320,20,1,19,5,Average taste,Neutral,Cash,Banani
1798,2025-04-27,Sunday,4,1350,Biryani,Main Course,3,320,960,17,3,14,4,Excellent food and fast service,Positive,Bkash,Uttara
1799,2025-12-17,Wednesday,12,1127,Burger,Fast Food,4,250,1000,18,4,14,2,Excellent food and fast service,Positive,Bkash,Banani
1800,2025-09-12,Friday,9,1637,Ice Cream,Dessert,8,120,960,24,8,16,2,Loved the food,Positive,Bkash,Banani
1801,2025-10-30,Thursday,10,1968,Coffee,Beverage,6,180,1080,20,6,14,3,Very tasty and fresh,Positive,Bkash,Banani
1802,2025-02-24,Monday,2,1045,Biryani,Main Course,5,320,1600,24,5,19,2,Excellent food and fast service,Positive,Cash,Dhanmondi
1803,2025-01-20,Monday,1,1460,Fried Rice,Main Course,1,280,280,19,1,18,5,Excellent food and fast service,Positive,Bkash,Dhanmondi
1804,2025-09-08,Monday,9,1099,Biryani,Main Course,7,320,2240,13,7,6,4,Amazing quality,Positive,Nagad,Dhanmondi
1805,2025-03-17,Monday,3,1474,Ice Cream,Dessert,1,120,120,9,1,8,2,Food was cold,Negative,Card,Dhanmondi
1806,2025-07-29,Tuesday,7,1340,Sandwich,Fast Food,2,220,440,14,2,12,2,Very tasty and fresh,Positive,Cash,Mirpur
1807,2025-07-04,Friday,7,1179,Noodles,Main Course,5,260,1300,25,5,20,2,Highly recommended,Positive,Card,Dhanmondi
1808,2025-01-09,Thursday,1,1692,Ice Cream,Dessert,7,120,840,17,7,10,4,Amazing quality,Positive,Nagad,Banani
1809,2025-12-27,Saturday,12,1574,Juice,Beverage,5,150,750,25,5,20,2,Excellent food and fast service,Positive,Bkash,Uttara
1810,2025-12-10,Wednesday,12,1944,Fried Rice,Main Course,7,280,1960,17,7,10,4,Not worth the price,Negative,Nagad,Banani
1811,2025-08-12,Tuesday,8,1246,Biryani,Main Course,2,320,640,18,2,16,3,Amazing quality,Positive,Nagad,Dhanmondi
1812,2025-01-17,Friday,1,1318,Burger,Fast Food,5,250,1250,22,5,17,4,Excellent food and fast service,Positive,Cash,Dhanmondi
1813,2025-03-01,Saturday,3,1935,Burger,Fast Food,8,250,2000,28,8,20,4,Average taste,Neutral,Cash,Dhanmondi
1814,2025-12-02,Tuesday,12,1775,Pasta,Main Course,4,350,1400,11,4,7,4,Bad experience,Negative,Cash,Mirpur
1815,2025-05-08,Thursday,5,1623,Pizza,Fast Food,6,550,3300,16,6,10,2,Amazing quality,Positive,Bkash,Banani
1816,2025-07-22,Tuesday,7,1474,Ice Cream,Dessert,8,120,960,20,8,12,5,It was okay,Neutral,Cash,Banani
1817,2025-07-15,Tuesday,7,1978,Ice Cream,Dessert,5,120,600,13,5,8,2,Highly recommended,Positive,Card,Uttara
1818,2025-09-06,Saturday,9,1254,Pasta,Main Course,1,350,350,21,1,20,3,Loved the food,Positive,Card,Mirpur
1819,2025-08-12,Tuesday,8,1625,Biryani,Main Course,4,320,1280,18,4,14,5,Excellent food and fast service,Positive,Cash,Dhanmondi
1820,2025-12-31,Wednesday,12,1026,Pasta,Main Course,3,350,1050,21,3,18,3,Delivery was late,Negative,Nagad,Dhanmondi
1821,2025-09-21,Sunday,9,1861,Sandwich,Fast Food,3,220,660,11,3,8,3,Excellent food and fast service,Positive,Cash,Mirpur
1822,2025-02-18,Tuesday,2,1585,Noodles,Main Course,2,260,520,14,2,12,5,Amazing quality,Positive,Card,Dhanmondi
1823,2025-02-12,Wednesday,2,1031,Sandwich,Fast Food,1,220,220,15,1,14,2,Bad experience,Negative,Nagad,Mirpur
1824,2025-06-05,Thursday,6,1969,Noodles,Main Course,3,260,780,13,3,10,4,Nothing special,Neutral,Card,Banani
1825,2025-09-17,Wednesday,9,1831,Coffee,Beverage,8,180,1440,13,8,5,2,Excellent food and fast service,Positive,Bkash,Dhanmondi
1826,2025-08-03,Sunday,8,1862,Sandwich,Fast Food,6,220,1320,26,6,20,3,It was okay,Neutral,Nagad,Dhanmondi
1827,2025-06-03,Tuesday,6,1956,Ice Cream,Dessert,7,120,840,14,7,7,3,Average taste,Neutral,Nagad,Mirpur
1828,2025-03-26,Wednesday,3,1592,Ice Cream,Dessert,7,120,840,16,7,9,5,Highly recommended,Positive,Cash,Mirpur
1829,2025-01-23,Thursday,1,1926,Ice Cream,Dessert,6,120,720,18,6,12,2,Service was normal,Neutral,Nagad,Dhanmondi
1830,2025-07-01,Tuesday,7,1181,Juice,Beverage,1,150,150,21,1,20,5,Delivery was late,Negative,Bkash,Uttara
1831,2025-06-20,Friday,6,1594,Juice,Beverage,6,150,900,14,6,8,5,Nothing special,Neutral,Card,Mirpur
1832,2025-11-24,Monday,11,1392,Burger,Fast Food,7,250,1750,21,7,14,3,Not worth the price,Negative,Bkash,Banani
1833,2025-01-14,Tuesday,1,1011,Pasta,Main Course,8,350,2800,22,8,14,3,Highly recommended,Positive,Bkash,Dhanmondi
1834,2025-07-17,Thursday,7,1845,Biryani,Main Course,3,320,960,19,3,16,5,Very tasty and fresh,Positive,Bkash,Uttara
1835,2025-01-01,Wednesday,1,1713,Noodles,Main Course,4,260,1040,17,4,13,3,Amazing quality,Positive,Cash,Banani
1836,2025-03-12,Wednesday,3,1455,Pasta,Main Course,7,350,2450,27,7,20,2,Amazing quality,Positive,Nagad,Dhanmondi
1837,2025-11-16,Sunday,11,1600,Pizza,Fast Food,2,550,1100,16,2,14,3,Excellent food and fast service,Positive,Bkash,Uttara
1838,2025-04-15,Tuesday,4,1915,Juice,Beverage,2,150,300,14,2,12,2,Highly recommended,Positive,Bkash,Uttara
1839,2025-05-08,Thursday,5,1410,Burger,Fast Food,5,250,1250,20,5,15,4,Excellent food and fast service,Positive,Cash,Uttara
1840,2025-07-04,Friday,7,1631,Pasta,Main Course,5,350,1750,25,5,20,2,Excellent food and fast service,Positive,Nagad,Mirpur
1841,2025-11-29,Saturday,11,1426,Burger,Fast Food,4,250,1000,18,4,14,5,Amazing quality,Positive,Cash,Banani
1842,2025-09-05,Friday,9,1771,Pizza,Fast Food,3,550,1650,16,3,13,2,Amazing quality,Positive,Cash,Banani
1843,2025-08-25,Monday,8,1277,Noodles,Main Course,3,260,780,11,3,8,5,Highly recommended,Positive,Cash,Uttara
1844,2025-06-17,Tuesday,6,1559,Ice Cream,Dessert,3,120,360,20,3,17,5,Service was normal,Neutral,Card,Banani
1845,2025-12-23,Tuesday,12,1580,Ice Cream,Dessert,8,120,960,22,8,14,4,Not worth the price,Negative,Cash,Mirpur
1846,2025-06-24,Tuesday,6,1113,Ice Cream,Dessert,5,120,600,20,5,15,2,Food was cold,Negative,Card,Uttara
1847,2025-01-30,Thursday,1,1910,Sandwich,Fast Food,6,220,1320,18,6,12,2,Nothing special,Neutral,Bkash,Dhanmondi
1848,2025-02-06,Thursday,2,1232,Sandwich,Fast Food,2,220,440,20,2,18,5,Average taste,Neutral,Card,Banani
1849,2025-06-10,Tuesday,6,1266,Fried Rice,Main Course,7,280,1960,16,7,9,4,Amazing quality,Positive,Bkash,Dhanmondi
1850,2025-07-14,Monday,7,1308,Sandwich,Fast Food,1,220,220,7,1,6,3,Amazing quality,Positive,Bkash,Mirpur
1851,2025-04-02,Wednesday,4,1804,Burger,Fast Food,5,250,1250,22,5,17,5,Too salty,Negative,Nagad,Banani
1852,2025-07-30,Wednesday,7,1839,Burger,Fast Food,6,250,1500,24,6,18,4,Excellent food and fast service,Positive,Bkash,Banani
1853,2025-07-06,Sunday,7,1584,Sandwich,Fast Food,8,220,1760,23,8,15,5,Excellent food and fast service,Positive,Bkash,Mirpur
1854,2025-04-24,Thursday,4,1264,Fried Rice,Main Course,1,280,280,19,1,18,5,Loved the food,Positive,Nagad,Uttara
1855,2025-11-21,Friday,11,1111,Biryani,Main Course,7,320,2240,22,7,15,5,Average taste,Neutral,Bkash,Mirpur
1856,2025-04-28,Monday,4,1121,Burger,Fast Food,1,250,250,19,1,18,3,Very tasty and fresh,Positive,Card,Mirpur
1857,2025-04-03,Thursday,4,1318,Sandwich,Fast Food,7,220,1540,27,7,20,5,Nothing special,Neutral,Card,Mirpur
1858,2025-11-10,Monday,11,1287,Pizza,Fast Food,7,550,3850,12,7,5,2,Very tasty and fresh,Positive,Cash,Mirpur
1859,2025-09-15,Monday,9,1015,Pasta,Main Course,7,350,2450,13,7,6,2,Amazing quality,Positive,Nagad,Banani
1860,2025-09-04,Thursday,9,1591,Sandwich,Fast Food,3,220,660,14,3,11,4,Delivery was late,Negative,Nagad,Dhanmondi
1861,2025-05-20,Tuesday,5,1653,Sandwich,Fast Food,3,220,660,21,3,18,5,It was okay,Neutral,Cash,Uttara
1862,2025-02-26,Wednesday,2,1753,Biryani,Main Course,1,320,320,12,1,11,5,Very tasty and fresh,Positive,Bkash,Uttara
1863,2025-08-09,Saturday,8,1997,Coffee,Beverage,7,180,1260,13,7,6,3,Loved the food,Positive,Bkash,Mirpur
1864,2025-09-21,Sunday,9,1711,Biryani,Main Course,5,320,1600,14,5,9,3,Amazing quality,Positive,Bkash,Mirpur
1865,2025-07-05,Saturday,7,1260,Pasta,Main Course,1,350,350,7,1,6,4,Nothing special,Neutral,Bkash,Mirpur
1866,2025-11-30,Sunday,11,1114,Sandwich,Fast Food,6,220,1320,15,6,9,3,Food was cold,Negative,Card,Uttara
1867,2025-08-18,Monday,8,1782,Pasta,Main Course,8,350,2800,15,8,7,3,Highly recommended,Positive,Card,Mirpur
1868,2025-11-27,Thursday,11,1551,Biryani,Main Course,8,320,2560,18,8,10,5,Amazing quality,Positive,Card,Dhanmondi
1869,2025-09-01,Monday,9,1621,Coffee,Beverage,1,180,180,7,1,6,5,Food was cold,Negative,Card,Dhanmondi
1870,2025-05-11,Sunday,5,1332,Coffee,Beverage,4,180,720,10,4,6,3,Very tasty and fresh,Positive,Bkash,Uttara
1871,2025-06-19,Thursday,6,1527,Fried Rice,Main Course,5,280,1400,10,5,5,2,Excellent food and fast service,Positive,Nagad,Banani
1872,2025-08-31,Sunday,8,1176,Noodles,Main Course,5,260,1300,12,5,7,4,Too salty,Negative,Bkash,Mirpur
1873,2025-12-10,Wednesday,12,1215,Coffee,Beverage,5,180,900,18,5,13,4,Amazing quality,Positive,Cash,Banani
1874,2025-11-05,Wednesday,11,1109,Ice Cream,Dessert,4,120,480,23,4,19,2,Acceptable,Neutral,Bkash,Uttara
1875,2025-11-26,Wednesday,11,1524,Ice Cream,Dessert,2,120,240,11,2,9,4,Amazing quality,Positive,Nagad,Banani
1876,2025-10-28,Tuesday,10,1492,Noodles,Main Course,3,260,780,9,3,6,3,Loved the food,Positive,Nagad,Dhanmondi
1877,2025-05-21,Wednesday,5,1829,Sandwich,Fast Food,3,220,660,16,3,13,2,Excellent food and fast service,Positive,Nagad,Mirpur
1878,2025-03-31,Monday,3,1606,Pasta,Main Course,3,350,1050,14,3,11,5,Delivery was late,Negative,Card,Uttara
1879,2025-05-02,Friday,5,1511,Ice Cream,Dessert,2,120,240,11,2,9,2,Bad experience,Negative,Nagad,Uttara
1880,2025-10-18,Saturday,10,1946,Fried Rice,Main Course,3,280,840,9,3,6,3,Acceptable,Neutral,Card,Uttara
1881,2025-03-04,Tuesday,3,1910,Burger,Fast Food,2,250,500,7,2,5,2,Very tasty and fresh,Positive,Cash,Dhanmondi
1882,2025-12-21,Sunday,12,1046,Noodles,Main Course,7,260,1820,26,7,19,2,Excellent food and fast service,Positive,Nagad,Banani
1883,2025-03-04,Tuesday,3,1815,Burger,Fast Food,2,250,500,16,2,14,2,Highly recommended,Positive,Bkash,Dhanmondi
1884,2025-05-01,Thursday,5,1603,Noodles,Main Course,5,260,1300,20,5,15,2,Average taste,Neutral,Nagad,Mirpur
1885,2025-08-04,Monday,8,1887,Noodles,Main Course,3,260,780,14,3,11,4,Highly recommended,Positive,Cash,Dhanmondi
1886,2025-01-02,Thursday,1,1937,Fried Rice,Main Course,1,280,280,20,1,19,3,Not worth the price,Negative,Cash,Mirpur
1887,2025-05-23,Friday,5,1020,Coffee,Beverage,7,180,1260,26,7,19,2,Too salty,Negative,Nagad,Banani
1888,2025-12-09,Tuesday,12,1926,Juice,Beverage,7,150,1050,20,7,13,5,Excellent food and fast service,Positive,Bkash,Mirpur
1889,2025-02-14,Friday,2,1554,Pizza,Fast Food,4,550,2200,18,4,14,4,Highly recommended,Positive,Cash,Banani
1890,2025-11-11,Tuesday,11,1015,Ice Cream,Dessert,5,120,600,25,5,20,4,Amazing quality,Positive,Card,Banani
1891,2025-08-03,Sunday,8,1547,Noodles,Main Course,4,260,1040,18,4,14,5,Highly recommended,Positive,Card,Banani
1892,2025-11-07,Friday,11,1568,Sandwich,Fast Food,1,220,220,13,1,12,2,Amazing quality,Positive,Nagad,Banani
1893,2025-11-11,Tuesday,11,1439,Pizza,Fast Food,6,550,3300,11,6,5,3,Amazing quality,Positive,Bkash,Banani
1894,2025-02-09,Sunday,2,1242,Ice Cream,Dessert,8,120,960,25,8,17,3,Amazing quality,Positive,Cash,Dhanmondi
1895,2025-03-09,Sunday,3,1591,Juice,Beverage,6,150,900,25,6,19,3,Bad experience,Negative,Nagad,Dhanmondi
1896,2025-06-04,Wednesday,6,1802,Pizza,Fast Food,1,550,550,17,1,16,5,Food was cold,Negative,Bkash,Mirpur
1897,2025-09-19,Friday,9,1723,Coffee,Beverage,2,180,360,21,2,19,2,Loved the food,Positive,Card,Banani
1898,2025-06-01,Sunday,6,1148,Juice,Beverage,3,150,450,10,3,7,4,Amazing quality,Positive,Cash,Banani
1899,2025-03-12,Wednesday,3,1965,Juice,Beverage,5,150,750,15,5,10,5,Amazing quality,Positive,Bkash,Dhanmondi
1900,2025-08-19,Tuesday,8,1107,Burger,Fast Food,5,250,1250,21,5,16,4,Very tasty and fresh,Positive,Bkash,Mirpur
1901,2025-09-06,Saturday,9,1002,Burger,Fast Food,6,250,1500,24,6,18,3,It was okay,Neutral,Card,Mirpur
1902,2025-09-12,Friday,9,1224,Burger,Fast Food,1,250,250,7,1,6,4,Highly recommended,Positive,Nagad,Mirpur
1903,2025-01-28,Tuesday,1,1867,Sandwich,Fast Food,3,220,660,14,3,11,5,Too salty,Negative,Card,Uttara
1904,2025-10-14,Tuesday,10,1497,Ice Cream,Dessert,6,120,720,19,6,13,3,Excellent food and fast service,Positive,Card,Mirpur
1905,2025-08-20,Wednesday,8,1398,Fried Rice,Main Course,2,280,560,11,2,9,4,Food was cold,Negative,Cash,Banani
1906,2025-02-03,Monday,2,1380,Burger,Fast Food,6,250,1500,12,6,6,2,Amazing quality,Positive,Card,Banani
1907,2025-02-25,Tuesday,2,1761,Pizza,Fast Food,6,550,3300,16,6,10,4,Excellent food and fast service,Positive,Card,Banani
1908,2025-01-28,Tuesday,1,1072,Ice Cream,Dessert,3,120,360,14,3,11,5,Highly recommended,Positive,Bkash,Dhanmondi
1909,2025-01-03,Friday,1,1804,Sandwich,Fast Food,5,220,1100,12,5,7,4,Bad experience,Negative,Bkash,Mirpur
1910,2025-04-27,Sunday,4,1218,Biryani,Main Course,8,320,2560,26,8,18,5,Amazing quality,Positive,Bkash,Uttara
1911,2025-11-01,Saturday,11,1856,Pasta,Main Course,5,350,1750,25,5,20,2,Nothing special,Neutral,Card,Banani
1912,2025-04-14,Monday,4,1036,Pasta,Main Course,2,350,700,13,2,11,4,Food was cold,Negative,Bkash,Dhanmondi
1913,2025-03-20,Thursday,3,1479,Coffee,Beverage,7,180,1260,19,7,12,4,Average taste,Neutral,Card,Mirpur
1914,2025-08-13,Wednesday,8,1430,Pasta,Main Course,4,350,1400,19,4,15,2,Delivery was late,Negative,Nagad,Mirpur
1915,2025-10-07,Tuesday,10,1561,Juice,Beverage,1,150,150,19,1,18,3,Amazing quality,Positive,Bkash,Mirpur
1916,2025-10-05,Sunday,10,1819,Noodles,Main Course,4,260,1040,18,4,14,3,Too salty,Negative,Nagad,Mirpur
1917,2025-07-27,Sunday,7,1835,Biryani,Main Course,1,320,320,16,1,15,5,Highly recommended,Positive,Bkash,Dhanmondi
1918,2025-07-21,Monday,7,1983,Coffee,Beverage,8,180,1440,23,8,15,5,Loved the food,Positive,Card,Uttara
1919,2025-10-17,Friday,10,1923,Biryani,Main Course,1,320,320,7,1,6,4,Loved the food,Positive,Cash,Dhanmondi
1920,2025-09-10,Wednesday,9,1973,Pasta,Main Course,1,350,350,9,1,8,2,Food was cold,Negative,Cash,Banani
1921,2025-09-17,Wednesday,9,1721,Juice,Beverage,2,150,300,7,2,5,5,Loved the food,Positive,Nagad,Dhanmondi
1922,2025-12-18,Thursday,12,1379,Biryani,Main Course,3,320,960,8,3,5,3,Amazing quality,Positive,Bkash,Mirpur
1923,2025-12-24,Wednesday,12,1186,Pizza,Fast Food,3,550,1650,8,3,5,5,Delivery was late,Negative,Bkash,Mirpur
1924,2025-01-31,Friday,1,1080,Burger,Fast Food,3,250,750,21,3,18,4,Average taste,Neutral,Cash,Mirpur
1925,2025-04-20,Sunday,4,1347,Biryani,Main Course,6,320,1920,19,6,13,2,Amazing quality,Positive,Nagad,Mirpur
1926,2025-01-23,Thursday,1,1474,Sandwich,Fast Food,2,220,440,21,2,19,2,It was okay,Neutral,Bkash,Mirpur
1927,2025-11-26,Wednesday,11,1294,Burger,Fast Food,4,250,1000,11,4,7,3,Highly recommended,Positive,Bkash,Dhanmondi
1928,2025-04-15,Tuesday,4,1960,Ice Cream,Dessert,2,120,240,7,2,5,2,Very tasty and fresh,Positive,Card,Banani
1929,2025-01-24,Friday,1,1641,Noodles,Main Course,5,260,1300,12,5,7,2,Loved the food,Positive,Card,Mirpur
1930,2025-11-12,Wednesday,11,1931,Ice Cream,Dessert,3,120,360,19,3,16,4,Very tasty and fresh,Positive,Bkash,Uttara
1931,2025-01-24,Friday,1,1986,Coffee,Beverage,7,180,1260,14,7,7,5,Highly recommended,Positive,Cash,Dhanmondi
1932,2025-07-23,Wednesday,7,1734,Ice Cream,Dessert,7,120,840,13,7,6,5,Highly recommended,Positive,Nagad,Mirpur
1933,2025-01-23,Thursday,1,1733,Fried Rice,Main Course,8,280,2240,21,8,13,3,It was okay,Neutral,Card,Mirpur
1934,2025-06-07,Saturday,6,1502,Ice Cream,Dessert,6,120,720,18,6,12,5,Highly recommended,Positive,Nagad,Uttara
1935,2025-06-21,Saturday,6,1848,Coffee,Beverage,1,180,180,12,1,11,2,Loved the food,Positive,Cash,Banani
1936,2025-04-19,Saturday,4,1188,Juice,Beverage,6,150,900,19,6,13,4,Highly recommended,Positive,Cash,Banani
1937,2025-10-03,Friday,10,1719,Pasta,Main Course,3,350,1050,9,3,6,3,Acceptable,Neutral,Card,Uttara
1938,2025-06-07,Saturday,6,1585,Coffee,Beverage,2,180,360,9,2,7,2,Excellent food and fast service,Positive,Nagad,Dhanmondi
1939,2025-07-02,Wednesday,7,1014,Fried Rice,Main Course,1,280,280,19,1,18,3,Very tasty and fresh,Positive,Cash,Dhanmondi
1940,2025-07-16,Wednesday,7,1949,Juice,Beverage,8,150,1200,20,8,12,2,Acceptable,Neutral,Bkash,Mirpur
1941,2025-08-22,Friday,8,1089,Coffee,Beverage,8,180,1440,23,8,15,3,Delivery was late,Negative,Nagad,Mirpur
1942,2025-03-27,Thursday,3,1429,Juice,Beverage,1,150,150,13,1,12,3,Delivery was late,Negative,Cash,Uttara
1943,2025-08-23,Saturday,8,1474,Coffee,Beverage,6,180,1080,16,6,10,2,Highly recommended,Positive,Card,Dhanmondi
1944,2025-08-16,Saturday,8,1730,Pizza,Fast Food,2,550,1100,18,2,16,2,Delivery was late,Negative,Card,Uttara
1945,2025-08-09,Saturday,8,1804,Biryani,Main Course,2,320,640,12,2,10,2,Amazing quality,Positive,Nagad,Dhanmondi
1946,2025-12-18,Thursday,12,1515,Coffee,Beverage,2,180,360,20,2,18,5,Excellent food and fast service,Positive,Card,Mirpur
1947,2025-06-20,Friday,6,1706,Noodles,Main Course,2,260,520,17,2,15,5,Highly recommended,Positive,Card,Dhanmondi
1948,2025-07-15,Tuesday,7,1939,Noodles,Main Course,1,260,260,7,1,6,3,Service was normal,Neutral,Nagad,Uttara
1949,2025-02-04,Tuesday,2,1491,Noodles,Main Course,7,260,1820,16,7,9,3,Amazing quality,Positive,Bkash,Mirpur
1950,2025-06-09,Monday,6,1166,Burger,Fast Food,2,250,500,11,2,9,2,Highly recommended,Positive,Cash,Uttara
1951,2025-10-10,Friday,10,1138,Fried Rice,Main Course,5,280,1400,14,5,9,3,It was okay,Neutral,Cash,Mirpur
1952,2025-02-15,Saturday,2,1748,Pasta,Main Course,5,350,1750,25,5,20,3,Delivery was late,Negative,Cash,Dhanmondi
1953,2025-08-04,Monday,8,1130,Coffee,Beverage,4,180,720,9,4,5,2,Average taste,Neutral,Card,Dhanmondi
1954,2025-05-22,Thursday,5,1509,Biryani,Main Course,4,320,1280,13,4,9,4,Highly recommended,Positive,Card,Dhanmondi
1955,2025-05-05,Monday,5,1515,Coffee,Beverage,4,180,720,10,4,6,2,Delivery was late,Negative,Nagad,Mirpur
1956,2025-01-25,Saturday,1,1352,Juice,Beverage,5,150,750,22,5,17,3,Excellent food and fast service,Positive,Nagad,Banani
1957,2025-08-24,Sunday,8,1135,Coffee,Beverage,7,180,1260,15,7,8,2,It was okay,Neutral,Cash,Uttara
1958,2025-11-03,Monday,11,1885,Pizza,Fast Food,7,550,3850,14,7,7,2,Highly recommended,Positive,Card,Uttara
1959,2025-03-03,Monday,3,1840,Burger,Fast Food,5,250,1250,17,5,12,4,Bad experience,Negative,Cash,Banani
1960,2025-07-20,Sunday,7,1961,Biryani,Main Course,3,320,960,10,3,7,2,Delivery was late,Negative,Nagad,Banani
1961,2025-01-08,Wednesday,1,1992,Noodles,Main Course,1,260,260,17,1,16,5,Loved the food,Positive,Nagad,Banani
1962,2025-01-21,Tuesday,1,1584,Juice,Beverage,4,150,600,21,4,17,5,Food was cold,Negative,Bkash,Mirpur
1963,2025-01-31,Friday,1,1451,Pasta,Main Course,5,350,1750,18,5,13,5,Excellent food and fast service,Positive,Nagad,Uttara
1964,2025-12-17,Wednesday,12,1008,Pasta,Main Course,4,350,1400,16,4,12,4,Loved the food,Positive,Nagad,Uttara
1965,2025-08-21,Thursday,8,1903,Fried Rice,Main Course,3,280,840,13,3,10,2,Highly recommended,Positive,Cash,Mirpur
1966,2025-03-17,Monday,3,1963,Pasta,Main Course,4,350,1400,22,4,18,4,Service was normal,Neutral,Bkash,Uttara
1967,2025-02-21,Friday,2,1973,Noodles,Main Course,1,260,260,21,1,20,2,Bad experience,Negative,Nagad,Uttara
1968,2025-11-24,Monday,11,1699,Fried Rice,Main Course,5,280,1400,12,5,7,5,Acceptable,Neutral,Bkash,Uttara
1969,2025-04-13,Sunday,4,1969,Noodles,Main Course,6,260,1560,18,6,12,5,Too salty,Negative,Card,Mirpur
1970,2025-12-08,Monday,12,1972,Burger,Fast Food,6,250,1500,18,6,12,3,Loved the food,Positive,Cash,Uttara
1971,2025-02-09,Sunday,2,1736,Pizza,Fast Food,6,550,3300,26,6,20,4,Loved the food,Positive,Bkash,Banani
1972,2025-07-19,Saturday,7,1411,Ice Cream,Dessert,5,120,600,25,5,20,4,Highly recommended,Positive,Bkash,Uttara
1973,2025-07-04,Friday,7,1402,Fried Rice,Main Course,7,280,1960,23,7,16,5,Loved the food,Positive,Nagad,Dhanmondi
1974,2025-08-09,Saturday,8,1292,Fried Rice,Main Course,5,280,1400,14,5,9,4,Loved the food,Positive,Cash,Dhanmondi
1975,2025-10-21,Tuesday,10,1778,Coffee,Beverage,5,180,900,12,5,7,5,Delivery was late,Negative,Card,Mirpur
1976,2025-07-10,Thursday,7,1186,Ice Cream,Dessert,7,120,840,24,7,17,2,Highly recommended,Positive,Card,Dhanmondi
1977,2025-08-21,Thursday,8,1121,Pasta,Main Course,3,350,1050,15,3,12,4,Amazing quality,Positive,Card,Banani
1978,2025-03-04,Tuesday,3,1200,Pasta,Main Course,1,350,350,14,1,13,3,Acceptable,Neutral,Card,Banani
1979,2025-03-01,Saturday,3,1463,Pasta,Main Course,6,350,2100,20,6,14,5,Excellent food and fast service,Positive,Card,Banani
1980,2025-04-26,Saturday,4,1507,Pizza,Fast Food,1,550,550,6,1,5,4,Excellent food and fast service,Positive,Card,Uttara
1981,2025-03-03,Monday,3,1287,Pizza,Fast Food,6,550,3300,25,6,19,4,Amazing quality,Positive,Card,Uttara
1982,2025-07-05,Saturday,7,1816,Pasta,Main Course,3,350,1050,21,3,18,5,Bad experience,Negative,Bkash,Mirpur
1983,2025-12-15,Monday,12,1890,Sandwich,Fast Food,1,220,220,9,1,8,2,Very tasty and fresh,Positive,Nagad,Mirpur
1984,2025-03-17,Monday,3,1440,Fried Rice,Main Course,8,280,2240,27,8,19,5,Amazing quality,Positive,Bkash,Banani
1985,2025-04-07,Monday,4,1661,Fried Rice,Main Course,8,280,2240,13,8,5,2,Excellent food and fast service,Positive,Bkash,Uttara
1986,2025-08-13,Wednesday,8,1333,Noodles,Main Course,2,260,520,7,2,5,2,Too salty,Negative,Cash,Dhanmondi
1987,2025-03-19,Wednesday,3,1327,Sandwich,Fast Food,3,220,660,12,3,9,5,Very tasty and fresh,Positive,Card,Dhanmondi
1988,2025-08-06,Wednesday,8,1787,Burger,Fast Food,5,250,1250,17,5,12,3,Food was cold,Negative,Nagad,Dhanmondi
1989,2025-09-11,Thursday,9,1637,Biryani,Main Course,1,320,320,12,1,11,4,Highly recommended,Positive,Bkash,Uttara
1990,2025-09-23,Tuesday,9,1589,Juice,Beverage,3,150,450,8,3,5,5,It was okay,Neutral,Card,Mirpur
1991,2025-03-07,Friday,3,1173,Coffee,Beverage,6,180,1080,17,6,11,3,Delivery was late,Negative,Nagad,Uttara
1992,2025-12-25,Thursday,12,1873,Ice Cream,Dessert,4,120,480,14,4,10,5,Loved the food,Positive,Card,Mirpur
1993,2025-04-26,Saturday,4,1358,Biryani,Main Course,4,320,1280,22,4,18,2,Amazing quality,Positive,Nagad,Banani
1994,2025-02-16,Sunday,2,1621,Burger,Fast Food,8,250,2000,14,8,6,5,Highly recommended,Positive,Cash,Uttara
1995,2025-04-13,Sunday,4,1159,Juice,Beverage,1,150,150,9,1,8,5,Excellent food and fast service,Positive,Cash,Mirpur
1996,2025-11-27,Thursday,11,1682,Noodles,Main Course,4,260,1040,14,4,10,5,Nothing special,Neutral,Bkash,Mirpur
1997,2025-07-26,Saturday,7,1134,Sandwich,Fast Food,4,220,880,19,4,15,3,Loved the food,Positive,Card,Uttara
1998,2025-12-20,Saturday,12,1017,Biryani,Main Course,3,320,960,13,3,10,2,Bad experience,Negative,Bkash,Mirpur
1999,2025-03-20,Thursday,3,1414,Coffee,Beverage,3,180,540,13,3,10,2,Loved the food,Positive,Nagad,Uttara
2000,2025-11-13,Thursday,11,1248,Coffee,Beverage,4,180,720,20,4,16,5,Nothing special,Neutral,Card,Dhanmondi
2001,2025-11-28,Friday,11,1282,Pizza,Fast Food,1,550,550,14,1,13,2,Highly recommended,Positive,Card,Dhanmondi
2002,2025-09-06,Saturday,9,1331,Coffee,Beverage,4,180,720,18,4,14,3,Acceptable,Neutral,Cash,Dhanmondi
2003,2025-04-23,Wednesday,4,1803,Juice,Beverage,3,150,450,20,3,17,4,Acceptable,Neutral,Nagad,Uttara
2004,2025-10-20,Monday,10,1809,Sandwich,Fast Food,6,220,1320,23,6,17,5,Loved the food,Positive,Cash,Mirpur
2005,2025-06-13,Friday,6,1377,Pasta,Main Course,2,350,700,12,2,10,2,Food was cold,Negative,Nagad,Mirpur
2006,2025-02-06,Thursday,2,1583,Pizza,Fast Food,6,550,3300,21,6,15,2,Excellent food and fast service,Positive,Nagad,Uttara
2007,2025-10-30,Thursday,10,1061,Coffee,Beverage,8,180,1440,28,8,20,5,Very tasty and fresh,Positive,Cash,Uttara
2008,2025-01-10,Friday,1,1072,Pasta,Main Course,3,350,1050,21,3,18,5,Food was cold,Negative,Cash,Uttara
2009,2025-12-05,Friday,12,1585,Pizza,Fast Food,3,550,1650,17,3,14,3,Very tasty and fresh,Positive,Nagad,Banani
2010,2025-08-25,Monday,8,1485,Noodles,Main Course,8,260,2080,25,8,17,3,Amazing quality,Positive,Cash,Uttara
2011,2025-08-07,Thursday,8,1788,Sandwich,Fast Food,8,220,1760,20,8,12,3,Amazing quality,Positive,Card,Banani
2012,2025-11-30,Sunday,11,1986,Juice,Beverage,1,150,150,20,1,19,5,Bad experience,Negative,Nagad,Mirpur
2013,2025-05-02,Friday,5,1645,Fried Rice,Main Course,5,280,1400,16,5,11,5,Excellent food and fast service,Positive,Bkash,Mirpur
2014,2025-04-07,Monday,4,1046,Burger,Fast Food,6,250,1500,16,6,10,3,Very tasty and fresh,Positive,Cash,Dhanmondi
2015,2025-06-30,Monday,6,1289,Burger,Fast Food,6,250,1500,26,6,20,5,Too salty,Negative,Bkash,Banani
2016,2025-01-04,Saturday,1,1475,Burger,Fast Food,1,250,250,10,1,9,5,Amazing quality,Positive,Bkash,Mirpur
2017,2025-10-06,Monday,10,1607,Juice,Beverage,8,150,1200,25,8,17,5,Highly recommended,Positive,Bkash,Dhanmondi
2018,2025-08-03,Sunday,8,1263,Fried Rice,Main Course,7,280,1960,23,7,16,4,Excellent food and fast service,Positive,Cash,Dhanmondi
2019,2025-07-28,Monday,7,1203,Fried Rice,Main Course,6,280,1680,21,6,15,2,Nothing special,Neutral,Nagad,Mirpur
2020,2025-10-17,Friday,10,1903,Juice,Beverage,3,150,450,22,3,19,4,Excellent food and fast service,Positive,Card,Banani
2021,2025-04-25,Friday,4,1477,Coffee,Beverage,4,180,720,10,4,6,2,Acceptable,Neutral,Card,Mirpur
2022,2025-06-29,Sunday,6,1436,Pizza,Fast Food,3,550,1650,13,3,10,4,Very tasty and fresh,Positive,Card,Dhanmondi
2023,2025-06-10,Tuesday,6,1944,Ice Cream,Dessert,5,120,600,20,5,15,4,Service was normal,Neutral,Nagad,Banani
2024,2025-05-07,Wednesday,5,1763,Pasta,Main Course,6,350,2100,19,6,13,3,Too salty,Negative,Bkash,Mirpur
2025,2025-02-07,Friday,2,1603,Pasta,Main Course,2,350,700,19,2,17,3,Amazing quality,Positive,Card,Mirpur
2026,2025-05-22,Thursday,5,1898,Ice Cream,Dessert,8,120,960,22,8,14,5,Loved the food,Positive,Bkash,Dhanmondi
2027,2025-09-27,Saturday,9,1336,Noodles,Main Course,3,260,780,12,3,9,5,Amazing quality,Positive,Card,Banani
2028,2025-04-22,Tuesday,4,1990,Ice Cream,Dessert,5,120,600,13,5,8,2,Excellent food and fast service,Positive,Nagad,Uttara
2029,2025-02-01,Saturday,2,1334,Biryani,Main Course,2,320,640,22,2,20,4,Nothing special,Neutral,Bkash,Uttara
2030,2025-05-27,Tuesday,5,1135,Juice,Beverage,6,150,900,21,6,15,3,Amazing quality,Positive,Cash,Uttara
2031,2025-01-06,Monday,1,1390,Burger,Fast Food,5,250,1250,18,5,13,2,Loved the food,Positive,Card,Uttara
2032,2025-10-18,Saturday,10,1109,Burger,Fast Food,1,250,250,10,1,9,3,Too salty,Negative,Cash,Uttara
2033,2025-08-25,Monday,8,1401,Coffee,Beverage,7,180,1260,23,7,16,3,Amazing quality,Positive,Bkash,Mirpur
2034,2025-11-18,Tuesday,11,1944,Sandwich,Fast Food,1,220,220,19,1,18,3,Food was cold,Negative,Cash,Mirpur
2035,2025-12-28,Sunday,12,1406,Coffee,Beverage,5,180,900,16,5,11,5,Loved the food,Positive,Card,Dhanmondi
2036,2025-02-07,Friday,2,1911,Fried Rice,Main Course,6,280,1680,12,6,6,3,Too salty,Negative,Card,Banani
2037,2025-03-22,Saturday,3,1299,Biryani,Main Course,1,320,320,13,1,12,3,Highly recommended,Positive,Bkash,Banani
2038,2025-04-17,Thursday,4,1731,Pizza,Fast Food,1,550,550,15,1,14,5,Highly recommended,Positive,Nagad,Dhanmondi
2039,2025-01-17,Friday,1,1390,Noodles,Main Course,6,260,1560,15,6,9,2,Loved the food,Positive,Card,Dhanmondi
2040,2025-11-28,Friday,11,1192,Sandwich,Fast Food,8,220,1760,22,8,14,2,Loved the food,Positive,Bkash,Uttara
2041,2025-06-13,Friday,6,1969,Burger,Fast Food,3,250,750,15,3,12,2,Loved the food,Positive,Card,Uttara
2042,2025-10-14,Tuesday,10,1459,Ice Cream,Dessert,5,120,600,23,5,18,4,Very tasty and fresh,Positive,Card,Uttara
2043,2025-04-13,Sunday,4,1137,Biryani,Main Course,3,320,960,15,3,12,4,Excellent food and fast service,Positive,Nagad,Dhanmondi
2044,2025-04-21,Monday,4,1259,Fried Rice,Main Course,1,280,280,13,1,12,5,Very tasty and fresh,Positive,Nagad,Banani
2045,2025-02-04,Tuesday,2,1448,Pizza,Fast Food,7,550,3850,26,7,19,5,Excellent food and fast service,Positive,Card,Banani
2046,2025-11-09,Sunday,11,1177,Ice Cream,Dessert,6,120,720,21,6,15,4,Excellent food and fast service,Positive,Bkash,Uttara
2047,2025-01-29,Wednesday,1,1788,Pizza,Fast Food,3,550,1650,15,3,12,4,Acceptable,Neutral,Nagad,Uttara
2048,2025-05-01,Thursday,5,1047,Burger,Fast Food,4,250,1000,17,4,13,3,It was okay,Neutral,Bkash,Banani
2049,2025-02-04,Tuesday,2,1980,Ice Cream,Dessert,1,120,120,8,1,7,3,Very tasty and fresh,Positive,Card,Mirpur
2050,2025-01-27,Monday,1,1938,Coffee,Beverage,1,180,180,20,1,19,4,Not worth the price,Negative,Nagad,Dhanmondi
2051,2025-09-01,Monday,9,1805,Sandwich,Fast Food,6,220,1320,19,6,13,3,Amazing quality,Positive,Bkash,Dhanmondi
2052,2025-07-17,Thursday,7,1644,Coffee,Beverage,4,180,720,23,4,19,3,Highly recommended,Positive,Bkash,Dhanmondi
2053,2025-04-03,Thursday,4,1800,Biryani,Main Course,6,320,1920,12,6,6,4,Bad experience,Negative,Nagad,Banani
2054,2025-10-01,Wednesday,10,1255,Pasta,Main Course,5,350,1750,14,5,9,3,Not worth the price,Negative,Nagad,Dhanmondi
2055,2025-04-06,Sunday,4,1122,Pizza,Fast Food,3,550,1650,10,3,7,5,Excellent food and fast service,Positive,Cash,Uttara
2056,2025-12-23,Tuesday,12,1465,Coffee,Beverage,7,180,1260,13,7,6,2,Average taste,Neutral,Nagad,Mirpur
2057,2025-12-22,Monday,12,1994,Burger,Fast Food,4,250,1000,13,4,9,4,Amazing quality,Positive,Bkash,Uttara
2058,2025-11-03,Monday,11,1145,Coffee,Beverage,2,180,360,22,2,20,5,Very tasty and fresh,Positive,Nagad,Mirpur
2059,2025-05-08,Thursday,5,1877,Fried Rice,Main Course,8,280,2240,18,8,10,4,Loved the food,Positive,Card,Uttara
2060,2025-02-27,Thursday,2,1605,Juice,Beverage,3,150,450,20,3,17,5,Service was normal,Neutral,Card,Uttara
2061,2025-01-01,Wednesday,1,1309,Noodles,Main Course,4,260,1040,15,4,11,5,Too salty,Negative,Cash,Mirpur
2062,2025-09-15,Monday,9,1021,Noodles,Main Course,8,260,2080,23,8,15,3,Highly recommended,Positive,Cash,Mirpur
2063,2025-11-11,Tuesday,11,1194,Juice,Beverage,6,150,900,13,6,7,5,Service was normal,Neutral,Nagad,Mirpur
2064,2025-11-16,Sunday,11,1163,Biryani,Main Course,7,320,2240,25,7,18,4,It was okay,Neutral,Nagad,Uttara
2065,2025-05-18,Sunday,5,1163,Biryani,Main Course,8,320,2560,28,8,20,4,Very tasty and fresh,Positive,Card,Dhanmondi
2066,2025-08-03,Sunday,8,1828,Pizza,Fast Food,7,550,3850,23,7,16,3,Very tasty and fresh,Positive,Cash,Mirpur
2067,2025-10-21,Tuesday,10,1946,Biryani,Main Course,3,320,960,17,3,14,5,Loved the food,Positive,Card,Dhanmondi
2068,2025-03-19,Wednesday,3,1411,Ice Cream,Dessert,6,120,720,21,6,15,3,Acceptable,Neutral,Nagad,Uttara
2069,2025-08-26,Tuesday,8,1680,Biryani,Main Course,7,320,2240,17,7,10,3,Too salty,Negative,Cash,Banani
2070,2025-07-13,Sunday,7,1661,Pizza,Fast Food,6,550,3300,19,6,13,4,Average taste,Neutral,Cash,Uttara
2071,2025-04-15,Tuesday,4,1547,Pizza,Fast Food,4,550,2200,10,4,6,3,Amazing quality,Positive,Card,Dhanmondi
2072,2025-11-25,Tuesday,11,1800,Pizza,Fast Food,3,550,1650,12,3,9,2,Very tasty and fresh,Positive,Bkash,Mirpur
2073,2025-09-19,Friday,9,1427,Pizza,Fast Food,6,550,3300,15,6,9,5,Bad experience,Negative,Nagad,Mirpur
2074,2025-01-05,Sunday,1,1059,Pizza,Fast Food,2,550,1100,17,2,15,5,Amazing quality,Positive,Bkash,Mirpur
2075,2025-03-10,Monday,3,1937,Burger,Fast Food,1,250,250,18,1,17,5,Amazing quality,Positive,Nagad,Banani
2076,2025-05-06,Tuesday,5,1968,Coffee,Beverage,6,180,1080,23,6,17,5,Service was normal,Neutral,Bkash,Dhanmondi
2077,2025-11-02,Sunday,11,1114,Juice,Beverage,3,150,450,14,3,11,3,Very tasty and fresh,Positive,Nagad,Uttara
2078,2025-04-02,Wednesday,4,1046,Pizza,Fast Food,4,550,2200,14,4,10,4,Excellent food and fast service,Positive,Card,Mirpur
2079,2025-09-30,Tuesday,9,1939,Fried Rice,Main Course,2,280,560,16,2,14,2,Acceptable,Neutral,Cash,Banani
2080,2025-11-11,Tuesday,11,2000,Sandwich,Fast Food,3,220,660,21,3,18,4,Amazing quality,Positive,Cash,Uttara
2081,2025-09-21,Sunday,9,1432,Fried Rice,Main Course,2,280,560,7,2,5,5,Highly recommended,Positive,Cash,Uttara
2082,2025-12-28,Sunday,12,1765,Burger,Fast Food,1,250,250,6,1,5,3,Very tasty and fresh,Positive,Bkash,Uttara
2083,2025-10-06,Monday,10,1334,Juice,Beverage,4,150,600,12,4,8,3,Excellent food and fast service,Positive,Bkash,Uttara
2084,2025-09-29,Monday,9,1947,Fried Rice,Main Course,1,280,280,17,1,16,5,Very tasty and fresh,Positive,Card,Dhanmondi
2085,2025-01-31,Friday,1,1774,Sandwich,Fast Food,7,220,1540,25,7,18,5,Highly recommended,Positive,Card,Uttara
2086,2025-04-01,Tuesday,4,1219,Noodles,Main Course,4,260,1040,21,4,17,5,It was okay,Neutral,Nagad,Dhanmondi
2087,2025-09-16,Tuesday,9,1107,Coffee,Beverage,2,180,360,19,2,17,3,Highly recommended,Positive,Nagad,Mirpur
2088,2025-02-25,Tuesday,2,1810,Burger,Fast Food,2,250,500,13,2,11,3,Amazing quality,Positive,Card,Uttara
2089,2025-11-08,Saturday,11,1472,Biryani,Main Course,2,320,640,14,2,12,2,Very tasty and fresh,Positive,Nagad,Mirpur
2090,2025-12-29,Monday,12,1666,Burger,Fast Food,7,250,1750,27,7,20,2,Excellent food and fast service,Positive,Nagad,Mirpur
2091,2025-10-25,Saturday,10,1253,Biryani,Main Course,1,320,320,9,1,8,2,Too salty,Negative,Card,Banani
2092,2025-11-07,Friday,11,1711,Sandwich,Fast Food,7,220,1540,15,7,8,2,Amazing quality,Positive,Bkash,Banani
2093,2025-10-24,Friday,10,1182,Noodles,Main Course,4,260,1040,18,4,14,2,Highly recommended,Positive,Card,Banani
2094,2025-07-12,Saturday,7,1890,Coffee,Beverage,7,180,1260,24,7,17,4,Acceptable,Neutral,Cash,Uttara
2095,2025-06-15,Sunday,6,1579,Sandwich,Fast Food,4,220,880,18,4,14,3,Acceptable,Neutral,Bkash,Mirpur
2096,2025-04-25,Friday,4,1782,Ice Cream,Dessert,5,120,600,23,5,18,5,Average taste,Neutral,Bkash,Uttara
2097,2025-10-24,Friday,10,1146,Ice Cream,Dessert,1,120,120,20,1,19,5,Highly recommended,Positive,Nagad,Mirpur
2098,2025-02-02,Sunday,2,1566,Sandwich,Fast Food,7,220,1540,27,7,20,5,Excellent food and fast service,Positive,Bkash,Banani
2099,2025-05-11,Sunday,5,1976,Noodles,Main Course,6,260,1560,20,6,14,3,Excellent food and fast service,Positive,Bkash,Dhanmondi
2100,2025-07-30,Wednesday,7,1966,Sandwich,Fast Food,4,220,880,18,4,14,4,Bad experience,Negative,Card,Banani
2101,2025-10-25,Saturday,10,1546,Noodles,Main Course,2,260,520,19,2,17,2,Amazing quality,Positive,Bkash,Mirpur
2102,2025-06-11,Wednesday,6,1988,Burger,Fast Food,3,250,750,20,3,17,3,Too salty,Negative,Cash,Dhanmondi
2103,2025-03-25,Tuesday,3,1296,Juice,Beverage,3,150,450,22,3,19,2,Highly recommended,Positive,Cash,Uttara
2104,2025-05-19,Monday,5,1000,Noodles,Main Course,5,260,1300,21,5,16,3,Very tasty and fresh,Positive,Cash,Mirpur
2105,2025-09-05,Friday,9,1566,Pasta,Main Course,4,350,1400,24,4,20,4,Excellent food and fast service,Positive,Nagad,Uttara
2106,2025-01-08,Wednesday,1,1000,Biryani,Main Course,8,320,2560,24,8,16,3,Food was cold,Negative,Cash,Mirpur
2107,2025-07-19,Saturday,7,1933,Juice,Beverage,2,150,300,18,2,16,4,Average taste,Neutral,Nagad,Mirpur
2108,2025-02-19,Wednesday,2,1680,Noodles,Main Course,5,260,1300,16,5,11,4,Bad experience,Negative,Nagad,Banani
2109,2025-10-19,Sunday,10,1483,Burger,Fast Food,8,250,2000,13,8,5,3,Acceptable,Neutral,Nagad,Dhanmondi
2110,2025-01-16,Thursday,1,1048,Pizza,Fast Food,4,550,2200,22,4,18,3,Excellent food and fast service,Positive,Bkash,Mirpur
2111,2025-06-05,Thursday,6,1681,Pasta,Main Course,3,350,1050,9,3,6,4,Loved the food,Positive,Nagad,Banani
2112,2025-07-11,Friday,7,1119,Biryani,Main Course,5,320,1600,11,5,6,4,Very tasty and fresh,Positive,Bkash,Banani
2113,2025-09-02,Tuesday,9,1961,Biryani,Main Course,6,320,1920,24,6,18,3,It was okay,Neutral,Cash,Dhanmondi
2114,2025-06-19,Thursday,6,1264,Fried Rice,Main Course,4,280,1120,18,4,14,5,Excellent food and fast service,Positive,Bkash,Banani
2115,2025-07-19,Saturday,7,1615,Pasta,Main Course,5,350,1750,20,5,15,5,Very tasty and fresh,Positive,Bkash,Uttara
2116,2025-02-19,Wednesday,2,1992,Fried Rice,Main Course,4,280,1120,19,4,15,3,Excellent food and fast service,Positive,Bkash,Mirpur
2117,2025-06-28,Saturday,6,1057,Fried Rice,Main Course,2,280,560,12,2,10,2,Acceptable,Neutral,Card,Banani
2118,2025-03-07,Friday,3,1242,Biryani,Main Course,2,320,640,9,2,7,3,Not worth the price,Negative,Nagad,Banani
2119,2025-03-22,Saturday,3,1328,Juice,Beverage,5,150,750,17,5,12,4,Acceptable,Neutral,Bkash,Uttara
2120,2025-04-03,Thursday,4,1143,Ice Cream,Dessert,5,120,600,15,5,10,4,Service was normal,Neutral,Cash,Banani
2121,2025-03-01,Saturday,3,1459,Noodles,Main Course,6,260,1560,26,6,20,2,Excellent food and fast service,Positive,Cash,Mirpur
2122,2025-01-27,Monday,1,1264,Noodles,Main Course,1,260,260,17,1,16,5,Excellent food and fast service,Positive,Nagad,Mirpur
2123,2025-05-18,Sunday,5,1790,Sandwich,Fast Food,4,220,880,20,4,16,3,Service was normal,Neutral,Bkash,Banani
2124,2025-09-28,Sunday,9,1307,Pasta,Main Course,2,350,700,21,2,19,5,Amazing quality,Positive,Card,Mirpur
2125,2025-05-29,Thursday,5,1522,Ice Cream,Dessert,4,120,480,10,4,6,2,Highly recommended,Positive,Card,Uttara
2126,2025-03-05,Wednesday,3,1704,Noodles,Main Course,4,260,1040,22,4,18,3,Excellent food and fast service,Positive,Card,Uttara
2127,2025-08-07,Thursday,8,1069,Burger,Fast Food,8,250,2000,18,8,10,4,Bad experience,Negative,Card,Banani
2128,2025-10-06,Monday,10,1445,Sandwich,Fast Food,4,220,880,9,4,5,3,Amazing quality,Positive,Bkash,Dhanmondi
2129,2025-06-10,Tuesday,6,1334,Biryani,Main Course,2,320,640,21,2,19,3,Nothing special,Neutral,Bkash,Uttara
2130,2025-09-05,Friday,9,1364,Noodles,Main Course,1,260,260,9,1,8,5,Excellent food and fast service,Positive,Nagad,Uttara
2131,2025-05-30,Friday,5,1453,Pasta,Main Course,7,350,2450,27,7,20,5,Highly recommended,Positive,Card,Banani
2132,2025-10-29,Wednesday,10,1139,Pizza,Fast Food,5,550,2750,17,5,12,4,Highly recommended,Positive,Nagad,Banani
2133,2025-05-15,Thursday,5,1049,Coffee,Beverage,1,180,180,6,1,5,4,Average taste,Neutral,Nagad,Uttara
2134,2025-10-23,Thursday,10,1553,Burger,Fast Food,4,250,1000,19,4,15,5,Excellent food and fast service,Positive,Bkash,Mirpur
2135,2025-03-29,Saturday,3,1795,Pasta,Main Course,7,350,2450,20,7,13,4,Acceptable,Neutral,Nagad,Mirpur
2136,2025-08-13,Wednesday,8,1356,Biryani,Main Course,6,320,1920,26,6,20,3,Amazing quality,Positive,Cash,Dhanmondi
2137,2025-04-02,Wednesday,4,1748,Biryani,Main Course,2,320,640,21,2,19,2,Nothing special,Neutral,Card,Mirpur
2138,2025-09-28,Sunday,9,1014,Noodles,Main Course,4,260,1040,23,4,19,4,Not worth the price,Negative,Bkash,Mirpur
2139,2025-06-18,Wednesday,6,1535,Pizza,Fast Food,5,550,2750,16,5,11,5,Very tasty and fresh,Positive,Cash,Dhanmondi
2140,2025-04-04,Friday,4,1770,Fried Rice,Main Course,1,280,280,12,1,11,5,Loved the food,Positive,Cash,Dhanmondi
2141,2025-10-23,Thursday,10,1590,Fried Rice,Main Course,8,280,2240,15,8,7,2,Loved the food,Positive,Cash,Uttara
2142,2025-02-23,Sunday,2,1573,Sandwich,Fast Food,8,220,1760,14,8,6,5,Very tasty and fresh,Positive,Nagad,Uttara
2143,2025-04-24,Thursday,4,1768,Coffee,Beverage,2,180,360,17,2,15,2,Acceptable,Neutral,Nagad,Dhanmondi
2144,2025-12-09,Tuesday,12,1764,Coffee,Beverage,4,180,720,13,4,9,2,Average taste,Neutral,Cash,Uttara
2145,2025-10-27,Monday,10,1128,Pizza,Fast Food,1,550,550,13,1,12,5,Bad experience,Negative,Bkash,Uttara
2146,2025-11-27,Thursday,11,1043,Coffee,Beverage,6,180,1080,14,6,8,2,Highly recommended,Positive,Bkash,Dhanmondi
2147,2025-09-15,Monday,9,1306,Pizza,Fast Food,1,550,550,15,1,14,3,Very tasty and fresh,Positive,Nagad,Uttara
2148,2025-07-25,Friday,7,1143,Pizza,Fast Food,6,550,3300,26,6,20,5,Highly recommended,Positive,Cash,Uttara
2149,2025-12-20,Saturday,12,1817,Coffee,Beverage,7,180,1260,19,7,12,2,Very tasty and fresh,Positive,Cash,Mirpur
2150,2025-10-06,Monday,10,1461,Coffee,Beverage,7,180,1260,14,7,7,3,Loved the food,Positive,Cash,Mirpur
2151,2025-07-17,Thursday,7,1355,Juice,Beverage,4,150,600,24,4,20,2,Loved the food,Positive,Cash,Banani
2152,2025-05-29,Thursday,5,1932,Fried Rice,Main Course,7,280,1960,13,7,6,3,Acceptable,Neutral,Nagad,Banani
2153,2025-04-04,Friday,4,1784,Sandwich,Fast Food,1,220,220,11,1,10,5,Highly recommended,Positive,Nagad,Dhanmondi
2154,2025-06-25,Wednesday,6,1826,Fried Rice,Main Course,5,280,1400,15,5,10,4,Highly recommended,Positive,Bkash,Dhanmondi
2155,2025-12-27,Saturday,12,1713,Juice,Beverage,2,150,300,8,2,6,5,Bad experience,Negative,Bkash,Uttara
2156,2025-06-21,Saturday,6,1998,Noodles,Main Course,5,260,1300,23,5,18,4,Food was cold,Negative,Cash,Dhanmondi
2157,2025-04-07,Monday,4,1008,Noodles,Main Course,1,260,260,10,1,9,4,Very tasty and fresh,Positive,Card,Banani
2158,2025-08-03,Sunday,8,1893,Fried Rice,Main Course,7,280,1960,16,7,9,2,Bad experience,Negative,Bkash,Mirpur
2159,2025-12-13,Saturday,12,1235,Pasta,Main Course,8,350,2800,16,8,8,4,Amazing quality,Positive,Card,Dhanmondi
2160,2025-10-22,Wednesday,10,1711,Juice,Beverage,1,150,150,19,1,18,2,Loved the food,Positive,Card,Uttara
2161,2025-09-16,Tuesday,9,1772,Noodles,Main Course,5,260,1300,24,5,19,4,Service was normal,Neutral,Cash,Uttara
2162,2025-06-18,Wednesday,6,1464,Noodles,Main Course,8,260,2080,17,8,9,4,Food was cold,Negative,Card,Dhanmondi
2163,2025-11-25,Tuesday,11,1794,Juice,Beverage,2,150,300,10,2,8,2,Service was normal,Neutral,Card,Mirpur
2164,2025-04-17,Thursday,4,1453,Ice Cream,Dessert,2,120,240,22,2,20,4,Highly recommended,Positive,Card,Uttara
2165,2025-04-20,Sunday,4,1096,Juice,Beverage,5,150,750,25,5,20,3,Loved the food,Positive,Cash,Dhanmondi
2166,2025-11-15,Saturday,11,1992,Pizza,Fast Food,6,550,3300,17,6,11,2,Highly recommended,Positive,Card,Uttara
2167,2025-07-22,Tuesday,7,1946,Biryani,Main Course,6,320,1920,19,6,13,4,Average taste,Neutral,Cash,Uttara
2168,2025-04-30,Wednesday,4,1007,Pizza,Fast Food,1,550,550,17,1,16,4,Very tasty and fresh,Positive,Bkash,Dhanmondi
2169,2025-01-11,Saturday,1,1163,Burger,Fast Food,8,250,2000,21,8,13,4,Very tasty and fresh,Positive,Bkash,Uttara
2170,2025-10-10,Friday,10,1101,Pizza,Fast Food,1,550,550,21,1,20,3,Service was normal,Neutral,Card,Mirpur
2171,2025-10-06,Monday,10,1261,Sandwich,Fast Food,1,220,220,21,1,20,5,Highly recommended,Positive,Card,Uttara
2172,2025-04-01,Tuesday,4,1189,Coffee,Beverage,2,180,360,22,2,20,4,Delivery was late,Negative,Cash,Mirpur
2173,2025-12-22,Monday,12,1848,Fried Rice,Main Course,3,280,840,21,3,18,2,Amazing quality,Positive,Cash,Uttara
2174,2025-06-06,Friday,6,1051,Juice,Beverage,7,150,1050,15,7,8,5,It was okay,Neutral,Cash,Uttara
2175,2025-10-07,Tuesday,10,1797,Juice,Beverage,8,150,1200,18,8,10,2,Very tasty and fresh,Positive,Cash,Mirpur
2176,2025-05-02,Friday,5,1201,Juice,Beverage,7,150,1050,16,7,9,5,Loved the food,Positive,Cash,Dhanmondi
2177,2025-06-23,Monday,6,1506,Sandwich,Fast Food,8,220,1760,23,8,15,3,Excellent food and fast service,Positive,Card,Mirpur
2178,2025-10-16,Thursday,10,1091,Burger,Fast Food,1,250,250,20,1,19,3,Highly recommended,Positive,Cash,Banani
2179,2025-03-29,Saturday,3,1579,Biryani,Main Course,2,320,640,10,2,8,2,Highly recommended,Positive,Nagad,Dhanmondi
2180,2025-12-02,Tuesday,12,1823,Juice,Beverage,8,150,1200,17,8,9,4,Excellent food and fast service,Positive,Bkash,Mirpur
2181,2025-07-28,Monday,7,1827,Pizza,Fast Food,8,550,4400,16,8,8,2,Amazing quality,Positive,Nagad,Dhanmondi
2182,2025-08-21,Thursday,8,1844,Pasta,Main Course,5,350,1750,17,5,12,3,Very tasty and fresh,Positive,Bkash,Mirpur
2183,2025-03-09,Sunday,3,1015,Biryani,Main Course,6,320,1920,15,6,9,3,Highly recommended,Positive,Bkash,Uttara
2184,2025-04-20,Sunday,4,1597,Ice Cream,Dessert,5,120,600,12,5,7,4,Excellent food and fast service,Positive,Bkash,Banani
2185,2025-08-31,Sunday,8,1430,Biryani,Main Course,7,320,2240,12,7,5,4,Very tasty and fresh,Positive,Bkash,Dhanmondi
2186,2025-04-26,Saturday,4,1617,Biryani,Main Course,8,320,2560,26,8,18,4,Highly recommended,Positive,Cash,Uttara
2187,2025-05-19,Monday,5,1134,Coffee,Beverage,6,180,1080,22,6,16,2,Excellent food and fast service,Positive,Cash,Dhanmondi
2188,2025-06-13,Friday,6,1901,Noodles,Main Course,2,260,520,12,2,10,5,Bad experience,Negative,Bkash,Banani
2189,2025-05-11,Sunday,5,1388,Sandwich,Fast Food,7,220,1540,25,7,18,2,Highly recommended,Positive,Cash,Mirpur
2190,2025-06-09,Monday,6,1448,Sandwich,Fast Food,5,220,1100,10,5,5,2,Very tasty and fresh,Positive,Cash,Dhanmondi
2191,2025-09-09,Tuesday,9,1051,Pasta,Main Course,3,350,1050,10,3,7,5,Excellent food and fast service,Positive,Card,Banani
2192,2025-11-08,Saturday,11,1553,Biryani,Main Course,4,320,1280,19,4,15,4,Too salty,Negative,Nagad,Mirpur
2193,2025-08-18,Monday,8,1420,Burger,Fast Food,3,250,750,11,3,8,4,Amazing quality,Positive,Bkash,Banani
2194,2025-04-06,Sunday,4,1204,Biryani,Main Course,1,320,320,11,1,10,5,Very tasty and fresh,Positive,Card,Dhanmondi
2195,2025-07-03,Thursday,7,1062,Coffee,Beverage,1,180,180,12,1,11,2,Average taste,Neutral,Cash,Banani
2196,2025-05-08,Thursday,5,1626,Pasta,Main Course,7,350,2450,26,7,19,2,Excellent food and fast service,Positive,Cash,Dhanmondi
2197,2025-03-04,Tuesday,3,1593,Pasta,Main Course,2,350,700,19,2,17,2,Average taste,Neutral,Nagad,Uttara
2198,2025-05-01,Thursday,5,1689,Biryani,Main Course,8,320,2560,19,8,11,5,Bad experience,Negative,Cash,Banani
2199,2025-01-05,Sunday,1,1965,Noodles,Main Course,6,260,1560,20,6,14,5,Excellent food and fast service,Positive,Nagad,Mirpur
2200,2025-07-18,Friday,7,1835,Fried Rice,Main Course,1,280,280,7,1,6,4,Amazing quality,Positive,Card,Uttara
2201,2025-08-11,Monday,8,1951,Pizza,Fast Food,2,550,1100,14,2,12,2,Food was cold,Negative,Cash,Mirpur
2202,2025-02-17,Monday,2,1777,Ice Cream,Dessert,6,120,720,19,6,13,4,Very tasty and fresh,Positive,Card,Dhanmondi
2203,2025-04-07,Monday,4,1780,Pasta,Main Course,1,350,350,8,1,7,3,Loved the food,Positive,Bkash,Banani
2204,2025-07-30,Wednesday,7,1621,Burger,Fast Food,8,250,2000,23,8,15,4,Amazing quality,Positive,Bkash,Mirpur
2205,2025-07-27,Sunday,7,1059,Juice,Beverage,8,150,1200,17,8,9,3,Average taste,Neutral,Bkash,Dhanmondi
2206,2025-03-13,Thursday,3,1525,Noodles,Main Course,2,260,520,11,2,9,5,Delivery was late,Negative,Bkash,Dhanmondi
2207,2025-03-18,Tuesday,3,1908,Juice,Beverage,3,150,450,9,3,6,2,Amazing quality,Positive,Nagad,Mirpur
2208,2025-12-19,Friday,12,1652,Coffee,Beverage,3,180,540,22,3,19,3,Loved the food,Positive,Nagad,Mirpur
2209,2025-03-23,Sunday,3,1089,Fried Rice,Main Course,6,280,1680,25,6,19,3,Loved the food,Positive,Cash,Uttara
2210,2025-10-10,Friday,10,1643,Coffee,Beverage,2,180,360,10,2,8,3,Average taste,Neutral,Bkash,Mirpur
2211,2025-10-17,Friday,10,1062,Burger,Fast Food,5,250,1250,22,5,17,5,Excellent food and fast service,Positive,Card,Uttara
2212,2025-01-29,Wednesday,1,1130,Pasta,Main Course,7,350,2450,25,7,18,3,Excellent food and fast service,Positive,Card,Banani
2213,2025-02-14,Friday,2,1581,Burger,Fast Food,2,250,500,12,2,10,5,Very tasty and fresh,Positive,Cash,Mirpur
2214,2025-02-15,Saturday,2,1011,Biryani,Main Course,1,320,320,14,1,13,5,Too salty,Negative,Nagad,Banani
2215,2025-06-16,Monday,6,1993,Fried Rice,Main Course,5,280,1400,19,5,14,4,Excellent food and fast service,Positive,Card,Uttara
2216,2025-08-14,Thursday,8,1109,Juice,Beverage,4,150,600,18,4,14,2,Excellent food and fast service,Positive,Bkash,Uttara
2217,2025-01-04,Saturday,1,1503,Coffee,Beverage,8,180,1440,19,8,11,3,Too salty,Negative,Bkash,Uttara
2218,2025-06-29,Sunday,6,1547,Noodles,Main Course,7,260,1820,14,7,7,3,Highly recommended,Positive,Card,Mirpur
2219,2025-02-21,Friday,2,1521,Biryani,Main Course,8,320,2560,18,8,10,5,Excellent food and fast service,Positive,Nagad,Banani
2220,2025-06-29,Sunday,6,1979,Juice,Beverage,3,150,450,12,3,9,5,Excellent food and fast service,Positive,Nagad,Banani
2221,2025-09-19,Friday,9,1678,Pasta,Main Course,5,350,1750,25,5,20,3,Excellent food and fast service,Positive,Cash,Uttara
2222,2025-07-05,Saturday,7,1825,Burger,Fast Food,1,250,250,19,1,18,4,Food was cold,Negative,Nagad,Mirpur
2223,2025-03-16,Sunday,3,1314,Biryani,Main Course,4,320,1280,19,4,15,2,Delivery was late,Negative,Bkash,Banani
2224,2025-07-13,Sunday,7,1809,Noodles,Main Course,3,260,780,11,3,8,5,Loved the food,Positive,Bkash,Mirpur
2225,2025-03-25,Tuesday,3,1675,Coffee,Beverage,5,180,900,15,5,10,4,Highly recommended,Positive,Bkash,Dhanmondi
2226,2025-03-05,Wednesday,3,1543,Pizza,Fast Food,8,550,4400,19,8,11,3,Excellent food and fast service,Positive,Nagad,Uttara
2227,2025-01-02,Thursday,1,1807,Juice,Beverage,4,150,600,18,4,14,4,Amazing quality,Positive,Card,Dhanmondi
2228,2025-09-28,Sunday,9,1414,Noodles,Main Course,5,260,1300,23,5,18,4,Highly recommended,Positive,Cash,Mirpur
2229,2025-02-20,Thursday,2,1318,Pizza,Fast Food,1,550,550,11,1,10,3,Loved the food,Positive,Bkash,Dhanmondi
2230,2025-04-06,Sunday,4,1318,Fried Rice,Main Course,1,280,280,9,1,8,5,Average taste,Neutral,Cash,Uttara
2231,2025-09-12,Friday,9,1207,Biryani,Main Course,2,320,640,19,2,17,3,Excellent food and fast service,Positive,Cash,Uttara
2232,2025-02-23,Sunday,2,1033,Ice Cream,Dessert,8,120,960,14,8,6,2,Loved the food,Positive,Card,Mirpur
2233,2025-09-01,Monday,9,1765,Pizza,Fast Food,4,550,2200,12,4,8,2,Nothing special,Neutral,Nagad,Banani
2234,2025-01-24,Friday,1,1700,Pizza,Fast Food,7,550,3850,16,7,9,2,Service was normal,Neutral,Bkash,Dhanmondi
2235,2025-10-25,Saturday,10,1643,Pasta,Main Course,8,350,2800,23,8,15,2,Food was cold,Negative,Cash,Uttara
2236,2025-08-13,Wednesday,8,1023,Coffee,Beverage,4,180,720,19,4,15,5,Excellent food and fast service,Positive,Card,Banani
2237,2025-09-25,Thursday,9,1778,Burger,Fast Food,8,250,2000,17,8,9,2,Acceptable,Neutral,Card,Banani
2238,2025-02-27,Thursday,2,1113,Juice,Beverage,2,150,300,20,2,18,5,Amazing quality,Positive,Card,Uttara
2239,2025-04-14,Monday,4,1548,Ice Cream,Dessert,7,120,840,20,7,13,3,Excellent food and fast service,Positive,Nagad,Mirpur
2240,2025-04-27,Sunday,4,1921,Burger,Fast Food,8,250,2000,26,8,18,2,Excellent food and fast service,Positive,Card,Mirpur
2241,2025-10-08,Wednesday,10,1032,Burger,Fast Food,6,250,1500,22,6,16,2,Amazing quality,Positive,Card,Mirpur
2242,2025-12-09,Tuesday,12,1987,Pasta,Main Course,4,350,1400,13,4,9,3,Highly recommended,Positive,Card,Dhanmondi
2243,2025-07-20,Sunday,7,1564,Ice Cream,Dessert,1,120,120,18,1,17,4,Nothing special,Neutral,Nagad,Mirpur
2244,2025-07-23,Wednesday,7,1067,Sandwich,Fast Food,1,220,220,18,1,17,5,Too salty,Negative,Cash,Uttara
2245,2025-10-23,Thursday,10,1858,Coffee,Beverage,3,180,540,10,3,7,5,Excellent food and fast service,Positive,Bkash,Uttara
2246,2025-07-18,Friday,7,1202,Pizza,Fast Food,1,550,550,21,1,20,4,Delivery was late,Negative,Cash,Mirpur
2247,2025-03-22,Saturday,3,1591,Pasta,Main Course,4,350,1400,12,4,8,3,It was okay,Neutral,Bkash,Mirpur
2248,2025-09-15,Monday,9,1756,Pizza,Fast Food,4,550,2200,9,4,5,5,Excellent food and fast service,Positive,Cash,Dhanmondi
2249,2025-06-11,Wednesday,6,1386,Fried Rice,Main Course,1,280,280,10,1,9,5,Excellent food and fast service,Positive,Bkash,Banani
2250,2025-12-24,Wednesday,12,1883,Pasta,Main Course,7,350,2450,19,7,12,4,Amazing quality,Positive,Card,Mirpur
2251,2025-10-09,Thursday,10,1901,Pizza,Fast Food,2,550,1100,7,2,5,4,Excellent food and fast service,Positive,Nagad,Banani
2252,2025-05-13,Tuesday,5,1327,Biryani,Main Course,8,320,2560,26,8,18,5,Food was cold,Negative,Card,Mirpur
2253,2025-06-14,Saturday,6,1337,Pizza,Fast Food,3,550,1650,10,3,7,2,Not worth the price,Negative,Card,Uttara
2254,2025-10-31,Friday,10,1158,Coffee,Beverage,8,180,1440,16,8,8,5,Loved the food,Positive,Cash,Banani
2255,2025-03-24,Monday,3,1445,Fried Rice,Main Course,7,280,1960,12,7,5,4,Loved the food,Positive,Bkash,Banani
2256,2025-08-25,Monday,8,1104,Sandwich,Fast Food,3,220,660,9,3,6,2,Highly recommended,Positive,Nagad,Uttara
2257,2025-02-01,Saturday,2,1772,Noodles,Main Course,8,260,2080,16,8,8,5,Loved the food,Positive,Card,Banani
2258,2025-12-07,Sunday,12,1233,Burger,Fast Food,4,250,1000,12,4,8,2,Loved the food,Positive,Card,Banani
2259,2025-06-01,Sunday,6,1392,Pizza,Fast Food,5,550,2750,20,5,15,2,It was okay,Neutral,Card,Uttara
2260,2025-06-20,Friday,6,1190,Pasta,Main Course,7,350,2450,24,7,17,4,Not worth the price,Negative,Cash,Banani
2261,2025-08-02,Saturday,8,1699,Juice,Beverage,5,150,750,14,5,9,3,Highly recommended,Positive,Card,Banani
2262,2025-02-04,Tuesday,2,1487,Fried Rice,Main Course,6,280,1680,17,6,11,5,Nothing special,Neutral,Card,Mirpur
2263,2025-11-06,Thursday,11,1621,Biryani,Main Course,4,320,1280,22,4,18,2,Nothing special,Neutral,Nagad,Dhanmondi
2264,2025-05-15,Thursday,5,1798,Noodles,Main Course,7,260,1820,19,7,12,4,Loved the food,Positive,Card,Mirpur
2265,2025-01-04,Saturday,1,1428,Coffee,Beverage,1,180,180,10,1,9,2,Amazing quality,Positive,Bkash,Banani
2266,2025-08-08,Friday,8,1421,Pasta,Main Course,1,350,350,16,1,15,5,Loved the food,Positive,Cash,Banani
2267,2025-09-14,Sunday,9,1260,Ice Cream,Dessert,8,120,960,28,8,20,3,Service was normal,Neutral,Nagad,Dhanmondi
2268,2025-10-28,Tuesday,10,1488,Burger,Fast Food,4,250,1000,17,4,13,3,Very tasty and fresh,Positive,Nagad,Uttara
2269,2025-08-22,Friday,8,1966,Fried Rice,Main Course,3,280,840,9,3,6,3,It was okay,Neutral,Nagad,Dhanmondi
2270,2025-02-24,Monday,2,1436,Pizza,Fast Food,8,550,4400,24,8,16,2,Nothing special,Neutral,Nagad,Dhanmondi
2271,2025-08-05,Tuesday,8,1380,Biryani,Main Course,1,320,320,15,1,14,2,Amazing quality,Positive,Bkash,Mirpur
2272,2025-10-10,Friday,10,1855,Juice,Beverage,4,150,600,10,4,6,5,Excellent food and fast service,Positive,Cash,Uttara
2273,2025-10-27,Monday,10,1984,Biryani,Main Course,3,320,960,8,3,5,2,Not worth the price,Negative,Cash,Mirpur
2274,2025-04-05,Saturday,4,1432,Juice,Beverage,5,150,750,25,5,20,2,Food was cold,Negative,Cash,Banani
2275,2025-08-26,Tuesday,8,1456,Burger,Fast Food,4,250,1000,11,4,7,2,Very tasty and fresh,Positive,Bkash,Dhanmondi
2276,2025-01-17,Friday,1,1187,Pasta,Main Course,4,350,1400,15,4,11,4,Highly recommended,Positive,Bkash,Banani
2277,2025-10-23,Thursday,10,1801,Fried Rice,Main Course,2,280,560,21,2,19,5,Loved the food,Positive,Nagad,Uttara
2278,2025-10-12,Sunday,10,1266,Burger,Fast Food,4,250,1000,10,4,6,2,Service was normal,Neutral,Card,Mirpur
2279,2025-11-12,Wednesday,11,1755,Ice Cream,Dessert,6,120,720,14,6,8,3,It was okay,Neutral,Card,Banani
2280,2025-12-25,Thursday,12,1163,Biryani,Main Course,8,320,2560,18,8,10,2,Excellent food and fast service,Positive,Nagad,Uttara
2281,2025-06-28,Saturday,6,1735,Burger,Fast Food,5,250,1250,23,5,18,5,Highly recommended,Positive,Nagad,Banani
2282,2025-11-27,Thursday,11,1659,Coffee,Beverage,3,180,540,22,3,19,4,Bad experience,Negative,Bkash,Uttara
2283,2025-10-29,Wednesday,10,1517,Sandwich,Fast Food,5,220,1100,21,5,16,5,Excellent food and fast service,Positive,Bkash,Dhanmondi
2284,2025-08-03,Sunday,8,1173,Sandwich,Fast Food,6,220,1320,24,6,18,2,Food was cold,Negative,Cash,Dhanmondi
2285,2025-10-17,Friday,10,1925,Biryani,Main Course,1,320,320,11,1,10,4,Excellent food and fast service,Positive,Bkash,Uttara
2286,2025-11-14,Friday,11,1598,Burger,Fast Food,5,250,1250,18,5,13,3,Excellent food and fast service,Positive,Card,Uttara
2287,2025-06-28,Saturday,6,1250,Fried Rice,Main Course,4,280,1120,15,4,11,4,Very tasty and fresh,Positive,Cash,Dhanmondi
2288,2025-03-20,Thursday,3,1116,Coffee,Beverage,6,180,1080,22,6,16,3,Food was cold,Negative,Bkash,Mirpur
2289,2025-06-18,Wednesday,6,1827,Burger,Fast Food,4,250,1000,21,4,17,4,Amazing quality,Positive,Card,Uttara
2290,2025-05-06,Tuesday,5,1941,Fried Rice,Main Course,3,280,840,17,3,14,3,Not worth the price,Negative,Nagad,Uttara
2291,2025-01-04,Saturday,1,1660,Noodles,Main Course,1,260,260,17,1,16,3,Amazing quality,Positive,Cash,Uttara
2292,2025-05-18,Sunday,5,1454,Pasta,Main Course,2,350,700,12,2,10,4,Food was cold,Negative,Nagad,Mirpur
2293,2025-11-10,Monday,11,1990,Ice Cream,Dessert,3,120,360,9,3,6,5,Very tasty and fresh,Positive,Nagad,Uttara
2294,2025-02-08,Saturday,2,1163,Sandwich,Fast Food,8,220,1760,22,8,14,2,Loved the food,Positive,Cash,Banani
2295,2025-04-04,Friday,4,1350,Ice Cream,Dessert,5,120,600,12,5,7,2,Highly recommended,Positive,Card,Uttara
2296,2025-07-22,Tuesday,7,1237,Sandwich,Fast Food,2,220,440,14,2,12,5,Loved the food,Positive,Card,Banani
2297,2025-05-21,Wednesday,5,1644,Sandwich,Fast Food,6,220,1320,15,6,9,5,Acceptable,Neutral,Bkash,Banani
2298,2025-02-22,Saturday,2,1027,Biryani,Main Course,1,320,320,19,1,18,2,Very tasty and fresh,Positive,Card,Mirpur
2299,2025-06-11,Wednesday,6,1064,Biryani,Main Course,5,320,1600,11,5,6,4,Excellent food and fast service,Positive,Card,Mirpur
2300,2025-07-01,Tuesday,7,1102,Burger,Fast Food,6,250,1500,14,6,8,2,Very tasty and fresh,Positive,Bkash,Uttara
2301,2025-12-08,Monday,12,1653,Burger,Fast Food,8,250,2000,28,8,20,3,Not worth the price,Negative,Bkash,Banani
2302,2025-11-06,Thursday,11,1994,Biryani,Main Course,6,320,1920,19,6,13,2,Delivery was late,Negative,Card,Mirpur
2303,2025-11-18,Tuesday,11,1309,Coffee,Beverage,2,180,360,12,2,10,5,Average taste,Neutral,Nagad,Dhanmondi
2304,2025-08-09,Saturday,8,1775,Sandwich,Fast Food,7,220,1540,18,7,11,3,Delivery was late,Negative,Nagad,Mirpur
2305,2025-02-18,Tuesday,2,1681,Coffee,Beverage,1,180,180,11,1,10,4,Amazing quality,Positive,Nagad,Mirpur
2306,2025-01-30,Thursday,1,1196,Noodles,Main Course,6,260,1560,22,6,16,3,Acceptable,Neutral,Bkash,Banani
2307,2025-12-30,Tuesday,12,1757,Sandwich,Fast Food,3,220,660,20,3,17,4,Average taste,Neutral,Nagad,Banani
2308,2025-03-06,Thursday,3,1882,Ice Cream,Dessert,3,120,360,19,3,16,4,Very tasty and fresh,Positive,Bkash,Dhanmondi
2309,2025-10-27,Monday,10,1008,Juice,Beverage,3,150,450,13,3,10,2,Loved the food,Positive,Card,Mirpur
2310,2025-12-06,Saturday,12,1421,Juice,Beverage,3,150,450,17,3,14,3,Amazing quality,Positive,Bkash,Uttara
2311,2025-11-27,Thursday,11,1944,Burger,Fast Food,2,250,500,12,2,10,4,It was okay,Neutral,Cash,Mirpur
2312,2025-10-19,Sunday,10,1719,Ice Cream,Dessert,3,120,360,8,3,5,5,Acceptable,Neutral,Nagad,Uttara
2313,2025-12-22,Monday,12,1268,Sandwich,Fast Food,1,220,220,10,1,9,4,Excellent food and fast service,Positive,Cash,Mirpur
2314,2025-08-09,Saturday,8,1662,Fried Rice,Main Course,3,280,840,10,3,7,2,Loved the food,Positive,Cash,Uttara
2315,2025-11-11,Tuesday,11,1379,Pizza,Fast Food,1,550,550,8,1,7,3,Very tasty and fresh,Positive,Card,Uttara
2316,2025-03-24,Monday,3,1227,Pasta,Main Course,8,350,2800,15,8,7,5,Amazing quality,Positive,Cash,Dhanmondi
2317,2025-08-03,Sunday,8,1328,Burger,Fast Food,3,250,750,22,3,19,5,Excellent food and fast service,Positive,Bkash,Banani
2318,2025-02-26,Wednesday,2,1400,Juice,Beverage,1,150,150,21,1,20,4,Delivery was late,Negative,Card,Mirpur
2319,2025-01-06,Monday,1,1277,Burger,Fast Food,6,250,1500,18,6,12,5,Very tasty and fresh,Positive,Cash,Banani
2320,2025-08-06,Wednesday,8,1805,Biryani,Main Course,4,320,1280,12,4,8,5,Very tasty and fresh,Positive,Cash,Dhanmondi
2321,2025-11-26,Wednesday,11,1306,Ice Cream,Dessert,5,120,600,19,5,14,3,Nothing special,Neutral,Card,Dhanmondi
2322,2025-07-19,Saturday,7,1470,Coffee,Beverage,5,180,900,19,5,14,3,Very tasty and fresh,Positive,Nagad,Banani
2323,2025-12-04,Thursday,12,1432,Juice,Beverage,6,150,900,26,6,20,3,Food was cold,Negative,Bkash,Mirpur
2324,2025-04-03,Thursday,4,1484,Ice Cream,Dessert,1,120,120,14,1,13,4,Food was cold,Negative,Bkash,Dhanmondi
2325,2025-09-19,Friday,9,1634,Noodles,Main Course,8,260,2080,13,8,5,3,Not worth the price,Negative,Card,Mirpur
2326,2025-12-24,Wednesday,12,1455,Biryani,Main Course,1,320,320,11,1,10,4,Very tasty and fresh,Positive,Bkash,Mirpur
2327,2025-02-09,Sunday,2,1799,Sandwich,Fast Food,3,220,660,15,3,12,4,Highly recommended,Positive,Card,Banani
2328,2025-10-21,Tuesday,10,1791,Pasta,Main Course,8,350,2800,13,8,5,4,Loved the food,Positive,Card,Banani
2329,2025-03-12,Wednesday,3,1202,Juice,Beverage,1,150,150,14,1,13,5,It was okay,Neutral,Bkash,Dhanmondi
2330,2025-12-01,Monday,12,1640,Burger,Fast Food,1,250,250,16,1,15,4,Loved the food,Positive,Nagad,Mirpur
2331,2025-03-31,Monday,3,1617,Pizza,Fast Food,7,550,3850,20,7,13,2,Amazing quality,Positive,Cash,Uttara
2332,2025-09-02,Tuesday,9,1312,Noodles,Main Course,2,260,520,15,2,13,5,Average taste,Neutral,Nagad,Dhanmondi
2333,2025-05-31,Saturday,5,1052,Fried Rice,Main Course,8,280,2240,21,8,13,5,Highly recommended,Positive,Nagad,Dhanmondi
2334,2025-10-05,Sunday,10,1869,Sandwich,Fast Food,6,220,1320,24,6,18,5,Highly recommended,Positive,Card,Banani
2335,2025-04-30,Wednesday,4,1531,Juice,Beverage,2,150,300,18,2,16,4,Average taste,Neutral,Cash,Dhanmondi
2336,2025-03-18,Tuesday,3,1011,Sandwich,Fast Food,8,220,1760,18,8,10,4,Excellent food and fast service,Positive,Bkash,Dhanmondi
2337,2025-12-24,Wednesday,12,1372,Sandwich,Fast Food,7,220,1540,12,7,5,5,Very tasty and fresh,Positive,Nagad,Dhanmondi
2338,2025-06-22,Sunday,6,1606,Burger,Fast Food,4,250,1000,16,4,12,3,Highly recommended,Positive,Card,Dhanmondi
2339,2025-07-22,Tuesday,7,1482,Sandwich,Fast Food,8,220,1760,19,8,11,2,Highly recommended,Positive,Card,Uttara
2340,2025-04-04,Friday,4,1794,Juice,Beverage,7,150,1050,27,7,20,2,Too salty,Negative,Cash,Banani
2341,2025-09-18,Thursday,9,1692,Noodles,Main Course,7,260,1820,22,7,15,2,Loved the food,Positive,Nagad,Banani
2342,2025-04-16,Wednesday,4,1713,Ice Cream,Dessert,7,120,840,18,7,11,5,Very tasty and fresh,Positive,Nagad,Dhanmondi
2343,2025-06-11,Wednesday,6,1848,Coffee,Beverage,1,180,180,15,1,14,2,Very tasty and fresh,Positive,Nagad,Dhanmondi
2344,2025-05-15,Thursday,5,1699,Noodles,Main Course,7,260,1820,14,7,7,5,Highly recommended,Positive,Cash,Banani
2345,2025-07-20,Sunday,7,1781,Fried Rice,Main Course,3,280,840,9,3,6,3,Nothing special,Neutral,Cash,Banani
2346,2025-04-09,Wednesday,4,1835,Ice Cream,Dessert,3,120,360,10,3,7,3,Acceptable,Neutral,Nagad,Dhanmondi
2347,2025-10-15,Wednesday,10,1791,Biryani,Main Course,7,320,2240,22,7,15,3,Delivery was late,Negative,Nagad,Dhanmondi
2348,2025-08-23,Saturday,8,1414,Burger,Fast Food,7,250,1750,21,7,14,4,It was okay,Neutral,Card,Dhanmondi
2349,2025-04-16,Wednesday,4,1980,Ice Cream,Dessert,4,120,480,11,4,7,4,It was okay,Neutral,Bkash,Dhanmondi
2350,2025-02-27,Thursday,2,1613,Pasta,Main Course,6,350,2100,24,6,18,3,Highly recommended,Positive,Cash,Mirpur
2351,2025-10-03,Friday,10,1543,Sandwich,Fast Food,4,220,880,9,4,5,3,Amazing quality,Positive,Bkash,Uttara
2352,2025-10-15,Wednesday,10,1801,Noodles,Main Course,5,260,1300,17,5,12,2,Delivery was late,Negative,Nagad,Dhanmondi
2353,2025-08-01,Friday,8,1679,Sandwich,Fast Food,1,220,220,18,1,17,3,Service was normal,Neutral,Cash,Mirpur
2354,2025-11-27,Thursday,11,1903,Noodles,Main Course,1,260,260,9,1,8,3,Loved the food,Positive,Cash,Mirpur
2355,2025-01-01,Wednesday,1,1959,Fried Rice,Main Course,8,280,2240,14,8,6,3,Excellent food and fast service,Positive,Nagad,Mirpur
2356,2025-01-22,Wednesday,1,1032,Sandwich,Fast Food,1,220,220,12,1,11,2,Amazing quality,Positive,Nagad,Uttara
2357,2025-07-25,Friday,7,1852,Biryani,Main Course,3,320,960,21,3,18,4,Loved the food,Positive,Bkash,Dhanmondi
2358,2025-12-05,Friday,12,1989,Burger,Fast Food,8,250,2000,17,8,9,4,Amazing quality,Positive,Card,Banani
2359,2025-11-20,Thursday,11,1433,Pasta,Main Course,2,350,700,9,2,7,2,Excellent food and fast service,Positive,Nagad,Dhanmondi
2360,2025-03-29,Saturday,3,1033,Sandwich,Fast Food,7,220,1540,24,7,17,3,Amazing quality,Positive,Cash,Uttara
2361,2025-11-16,Sunday,11,1944,Pizza,Fast Food,8,550,4400,14,8,6,5,It was okay,Neutral,Card,Mirpur
2362,2025-05-24,Saturday,5,1645,Pasta,Main Course,4,350,1400,19,4,15,3,Not worth the price,Negative,Bkash,Mirpur
2363,2025-09-25,Thursday,9,1829,Sandwich,Fast Food,1,220,220,8,1,7,3,Loved the food,Positive,Bkash,Uttara
2364,2025-12-03,Wednesday,12,1092,Coffee,Beverage,4,180,720,22,4,18,3,Amazing quality,Positive,Card,Banani
2365,2025-07-06,Sunday,7,1583,Fried Rice,Main Course,1,280,280,11,1,10,5,Loved the food,Positive,Nagad,Dhanmondi
2366,2025-05-08,Thursday,5,1248,Ice Cream,Dessert,7,120,840,26,7,19,5,Loved the food,Positive,Bkash,Uttara
2367,2025-12-20,Saturday,12,1261,Pasta,Main Course,1,350,350,17,1,16,2,Highly recommended,Positive,Nagad,Mirpur
2368,2025-05-23,Friday,5,1860,Burger,Fast Food,4,250,1000,21,4,17,3,Too salty,Negative,Cash,Mirpur
2369,2025-10-19,Sunday,10,1961,Sandwich,Fast Food,8,220,1760,20,8,12,5,Loved the food,Positive,Nagad,Uttara
2370,2025-04-12,Saturday,4,1826,Biryani,Main Course,4,320,1280,22,4,18,5,Highly recommended,Positive,Nagad,Mirpur
2371,2025-10-27,Monday,10,1836,Pizza,Fast Food,3,550,1650,19,3,16,5,Amazing quality,Positive,Card,Uttara
2372,2025-01-26,Sunday,1,1577,Pasta,Main Course,3,350,1050,20,3,17,3,Highly recommended,Positive,Cash,Banani
2373,2025-08-02,Saturday,8,1597,Juice,Beverage,2,150,300,21,2,19,5,Bad experience,Negative,Card,Uttara
2374,2025-06-26,Thursday,6,1752,Juice,Beverage,3,150,450,15,3,12,5,Amazing quality,Positive,Nagad,Banani
2375,2025-12-30,Tuesday,12,1012,Sandwich,Fast Food,8,220,1760,18,8,10,4,Highly recommended,Positive,Cash,Uttara
2376,2025-05-11,Sunday,5,1916,Noodles,Main Course,3,260,780,9,3,6,3,Loved the food,Positive,Cash,Mirpur
2377,2025-04-13,Sunday,4,1412,Ice Cream,Dessert,4,120,480,11,4,7,2,Very tasty and fresh,Positive,Cash,Dhanmondi
2378,2025-02-04,Tuesday,2,1952,Pasta,Main Course,5,350,1750,11,5,6,5,Nothing special,Neutral,Card,Dhanmondi
2379,2025-06-06,Friday,6,1072,Fried Rice,Main Course,1,280,280,15,1,14,3,Acceptable,Neutral,Bkash,Dhanmondi
2380,2025-01-09,Thursday,1,1481,Fried Rice,Main Course,8,280,2240,23,8,15,3,Amazing quality,Positive,Cash,Banani
2381,2025-11-26,Wednesday,11,1303,Coffee,Beverage,7,180,1260,21,7,14,2,Very tasty and fresh,Positive,Bkash,Uttara
2382,2025-01-29,Wednesday,1,1031,Noodles,Main Course,3,260,780,15,3,12,5,Very tasty and fresh,Positive,Nagad,Banani
2383,2025-11-08,Saturday,11,1962,Pizza,Fast Food,5,550,2750,22,5,17,2,Amazing quality,Positive,Bkash,Banani
2384,2025-10-01,Wednesday,10,1251,Biryani,Main Course,1,320,320,8,1,7,2,Loved the food,Positive,Nagad,Banani
2385,2025-07-29,Tuesday,7,1775,Pizza,Fast Food,7,550,3850,22,7,15,4,Delivery was late,Negative,Cash,Mirpur
2386,2025-05-07,Wednesday,5,1325,Pasta,Main Course,8,350,2800,21,8,13,3,Very tasty and fresh,Positive,Cash,Uttara
2387,2025-09-04,Thursday,9,1508,Ice Cream,Dessert,6,120,720,23,6,17,5,Excellent food and fast service,Positive,Nagad,Uttara
2388,2025-11-25,Tuesday,11,1063,Biryani,Main Course,2,320,640,22,2,20,3,Too salty,Negative,Nagad,Dhanmondi
2389,2025-10-22,Wednesday,10,1762,Biryani,Main Course,1,320,320,10,1,9,2,Acceptable,Neutral,Card,Banani
2390,2025-04-10,Thursday,4,1829,Fried Rice,Main Course,8,280,2240,14,8,6,4,Very tasty and fresh,Positive,Bkash,Mirpur
2391,2025-08-18,Monday,8,1454,Pasta,Main Course,1,350,350,14,1,13,5,Excellent food and fast service,Positive,Card,Uttara
2392,2025-06-11,Wednesday,6,1796,Pizza,Fast Food,1,550,550,21,1,20,2,Excellent food and fast service,Positive,Nagad,Dhanmondi
2393,2025-12-19,Friday,12,1984,Noodles,Main Course,6,260,1560,13,6,7,3,Very tasty and fresh,Positive,Bkash,Dhanmondi
2394,2025-05-18,Sunday,5,1619,Coffee,Beverage,7,180,1260,18,7,11,2,Food was cold,Negative,Bkash,Dhanmondi
2395,2025-06-26,Thursday,6,1266,Coffee,Beverage,2,180,360,10,2,8,4,Highly recommended,Positive,Nagad,Mirpur
2396,2025-05-08,Thursday,5,1840,Ice Cream,Dessert,2,120,240,19,2,17,5,Highly recommended,Positive,Cash,Dhanmondi
2397,2025-05-26,Monday,5,1914,Burger,Fast Food,4,250,1000,9,4,5,4,Service was normal,Neutral,Cash,Mirpur
2398,2025-01-10,Friday,1,1024,Fried Rice,Main Course,3,280,840,13,3,10,3,Amazing quality,Positive,Nagad,Banani
2399,2025-03-24,Monday,3,1567,Burger,Fast Food,4,250,1000,20,4,16,5,Bad experience,Negative,Bkash,Dhanmondi
2400,2025-12-04,Thursday,12,1622,Sandwich,Fast Food,1,220,220,10,1,9,4,Very tasty and fresh,Positive,Cash,Banani
2401,2025-05-25,Sunday,5,1738,Juice,Beverage,4,150,600,15,4,11,5,Service was normal,Neutral,Card,Uttara
2402,2025-01-29,Wednesday,1,1515,Fried Rice,Main Course,8,280,2240,22,8,14,2,Excellent food and fast service,Positive,Nagad,Banani
2403,2025-01-22,Wednesday,1,1695,Noodles,Main Course,8,260,2080,14,8,6,2,Excellent food and fast service,Positive,Cash,Mirpur
2404,2025-04-24,Thursday,4,1830,Pizza,Fast Food,2,550,1100,13,2,11,5,It was okay,Neutral,Nagad,Dhanmondi
2405,2025-02-19,Wednesday,2,1166,Coffee,Beverage,5,180,900,20,5,15,5,Loved the food,Positive,Card,Uttara
2406,2025-12-03,Wednesday,12,1817,Pizza,Fast Food,2,550,1100,19,2,17,3,Highly recommended,Positive,Card,Dhanmondi
2407,2025-06-10,Tuesday,6,1372,Fried Rice,Main Course,8,280,2240,13,8,5,4,Loved the food,Positive,Bkash,Banani
2408,2025-12-24,Wednesday,12,1296,Burger,Fast Food,3,250,750,14,3,11,5,Excellent food and fast service,Positive,Cash,Mirpur
2409,2025-05-05,Monday,5,1823,Ice Cream,Dessert,5,120,600,23,5,18,5,Not worth the price,Negative,Nagad,Uttara
2410,2025-07-28,Monday,7,1384,Biryani,Main Course,4,320,1280,19,4,15,2,Acceptable,Neutral,Bkash,Uttara
2411,2025-01-07,Tuesday,1,1016,Biryani,Main Course,7,320,2240,14,7,7,3,Service was normal,Neutral,Bkash,Banani
2412,2025-10-12,Sunday,10,1410,Sandwich,Fast Food,1,220,220,12,1,11,2,Bad experience,Negative,Bkash,Dhanmondi
2413,2025-07-21,Monday,7,1849,Fried Rice,Main Course,1,280,280,18,1,17,2,Highly recommended,Positive,Bkash,Dhanmondi
2414,2025-03-08,Saturday,3,1638,Noodles,Main Course,2,260,520,20,2,18,2,Excellent food and fast service,Positive,Cash,Uttara
2415,2025-10-28,Tuesday,10,1654,Burger,Fast Food,2,250,500,12,2,10,2,Very tasty and fresh,Positive,Card,Mirpur
2416,2025-03-11,Tuesday,3,1785,Burger,Fast Food,5,250,1250,20,5,15,5,Very tasty and fresh,Positive,Bkash,Banani
2417,2025-12-23,Tuesday,12,1664,Ice Cream,Dessert,6,120,720,18,6,12,3,Bad experience,Negative,Nagad,Dhanmondi
2418,2025-01-26,Sunday,1,1357,Ice Cream,Dessert,7,120,840,13,7,6,5,Highly recommended,Positive,Bkash,Mirpur
2419,2025-05-12,Monday,5,1985,Pasta,Main Course,3,350,1050,9,3,6,4,Amazing quality,Positive,Bkash,Mirpur
2420,2025-04-26,Saturday,4,1123,Noodles,Main Course,2,260,520,10,2,8,5,Amazing quality,Positive,Bkash,Mirpur
2421,2025-09-29,Monday,9,1415,Fried Rice,Main Course,5,280,1400,19,5,14,3,Nothing special,Neutral,Card,Mirpur
2422,2025-03-18,Tuesday,3,1389,Pizza,Fast Food,8,550,4400,28,8,20,2,Highly recommended,Positive,Card,Banani
2423,2025-02-22,Saturday,2,1458,Juice,Beverage,3,150,450,17,3,14,2,Excellent food and fast service,Positive,Bkash,Banani
2424,2025-11-24,Monday,11,1361,Biryani,Main Course,7,320,2240,24,7,17,2,Very tasty and fresh,Positive,Bkash,Mirpur
2425,2025-01-14,Tuesday,1,1451,Pizza,Fast Food,6,550,3300,17,6,11,3,Average taste,Neutral,Cash,Banani
2426,2025-09-12,Friday,9,1450,Pizza,Fast Food,6,550,3300,24,6,18,2,Amazing quality,Positive,Bkash,Uttara
2427,2025-04-02,Wednesday,4,1334,Pasta,Main Course,5,350,1750,12,5,7,4,Amazing quality,Positive,Nagad,Mirpur
2428,2025-01-29,Wednesday,1,1711,Juice,Beverage,5,150,750,21,5,16,5,Loved the food,Positive,Cash,Mirpur
2429,2025-08-24,Sunday,8,1867,Pizza,Fast Food,2,550,1100,19,2,17,5,Loved the food,Positive,Card,Banani
2430,2025-06-19,Thursday,6,1730,Juice,Beverage,2,150,300,14,2,12,5,Loved the food,Positive,Bkash,Banani
2431,2025-07-22,Tuesday,7,1790,Noodles,Main Course,1,260,260,17,1,16,3,Average taste,Neutral,Card,Banani
2432,2025-08-31,Sunday,8,1577,Pizza,Fast Food,5,550,2750,17,5,12,3,Food was cold,Negative,Card,Dhanmondi
2433,2025-11-05,Wednesday,11,1870,Coffee,Beverage,7,180,1260,27,7,20,3,Very tasty and fresh,Positive,Nagad,Uttara
2434,2025-12-16,Tuesday,12,1190,Biryani,Main Course,4,320,1280,21,4,17,3,Excellent food and fast service,Positive,Bkash,Uttara
2435,2025-03-25,Tuesday,3,1668,Juice,Beverage,8,150,1200,25,8,17,3,Acceptable,Neutral,Bkash,Uttara
2436,2025-08-13,Wednesday,8,1888,Sandwich,Fast Food,4,220,880,14,4,10,4,Amazing quality,Positive,Card,Dhanmondi
2437,2025-03-11,Tuesday,3,1705,Fried Rice,Main Course,3,280,840,8,3,5,2,Loved the food,Positive,Cash,Banani
2438,2025-11-12,Wednesday,11,1141,Fried Rice,Main Course,4,280,1120,14,4,10,3,Loved the food,Positive,Bkash,Banani
2439,2025-12-04,Thursday,12,1339,Pizza,Fast Food,3,550,1650,8,3,5,4,Nothing special,Neutral,Cash,Mirpur
2440,2025-05-18,Sunday,5,1331,Coffee,Beverage,3,180,540,20,3,17,5,Highly recommended,Positive,Cash,Uttara
2441,2025-10-10,Friday,10,1807,Fried Rice,Main Course,2,280,560,7,2,5,4,Highly recommended,Positive,Card,Uttara
2442,2025-12-11,Thursday,12,1935,Biryani,Main Course,3,320,960,21,3,18,3,Delivery was late,Negative,Nagad,Banani
2443,2025-08-28,Thursday,8,1907,Sandwich,Fast Food,4,220,880,15,4,11,2,Not worth the price,Negative,Nagad,Banani
2444,2025-06-02,Monday,6,1370,Sandwich,Fast Food,1,220,220,20,1,19,2,Amazing quality,Positive,Card,Banani
2445,2025-01-18,Saturday,1,1138,Coffee,Beverage,6,180,1080,16,6,10,4,Service was normal,Neutral,Cash,Dhanmondi
2446,2025-11-24,Monday,11,1276,Sandwich,Fast Food,5,220,1100,11,5,6,2,Highly recommended,Positive,Nagad,Banani
2447,2025-07-07,Monday,7,1380,Noodles,Main Course,3,260,780,21,3,18,2,Very tasty and fresh,Positive,Nagad,Uttara
2448,2025-01-08,Wednesday,1,1678,Burger,Fast Food,4,250,1000,21,4,17,4,Amazing quality,Positive,Nagad,Mirpur
2449,2025-07-30,Wednesday,7,1497,Pizza,Fast Food,5,550,2750,24,5,19,3,Amazing quality,Positive,Cash,Uttara
2450,2025-10-28,Tuesday,10,1808,Ice Cream,Dessert,8,120,960,21,8,13,2,Bad experience,Negative,Bkash,Banani
2451,2025-01-18,Saturday,1,1611,Ice Cream,Dessert,6,120,720,21,6,15,3,Loved the food,Positive,Card,Banani
2452,2025-08-12,Tuesday,8,1998,Pasta,Main Course,4,350,1400,13,4,9,4,Very tasty and fresh,Positive,Nagad,Dhanmondi
2453,2025-03-08,Saturday,3,1337,Pizza,Fast Food,3,550,1650,10,3,7,4,Average taste,Neutral,Bkash,Uttara
2454,2025-05-09,Friday,5,1447,Burger,Fast Food,1,250,250,8,1,7,3,Highly recommended,Positive,Card,Uttara
2455,2025-10-30,Thursday,10,1349,Noodles,Main Course,5,260,1300,25,5,20,5,Very tasty and fresh,Positive,Nagad,Banani
2456,2025-02-02,Sunday,2,1658,Noodles,Main Course,3,260,780,12,3,9,5,Amazing quality,Positive,Cash,Mirpur
2457,2025-12-03,Wednesday,12,1393,Noodles,Main Course,5,260,1300,12,5,7,2,Excellent food and fast service,Positive,Card,Mirpur
2458,2025-10-22,Wednesday,10,1613,Coffee,Beverage,7,180,1260,21,7,14,4,Amazing quality,Positive,Nagad,Dhanmondi
2459,2025-12-14,Sunday,12,1793,Coffee,Beverage,7,180,1260,26,7,19,5,Acceptable,Neutral,Card,Uttara
2460,2025-01-02,Thursday,1,1051,Ice Cream,Dessert,8,120,960,17,8,9,2,Excellent food and fast service,Positive,Card,Banani
2461,2025-02-12,Wednesday,2,1330,Juice,Beverage,7,150,1050,16,7,9,4,Highly recommended,Positive,Bkash,Banani
2462,2025-12-17,Wednesday,12,1969,Noodles,Main Course,7,260,1820,20,7,13,5,Amazing quality,Positive,Bkash,Mirpur
2463,2025-07-03,Thursday,7,1260,Sandwich,Fast Food,6,220,1320,14,6,8,5,Delivery was late,Negative,Nagad,Mirpur
2464,2025-01-03,Friday,1,1533,Burger,Fast Food,1,250,250,18,1,17,5,Loved the food,Positive,Card,Mirpur
2465,2025-12-16,Tuesday,12,1261,Burger,Fast Food,6,250,1500,13,6,7,4,Loved the food,Positive,Cash,Uttara
2466,2025-03-31,Monday,3,1602,Pasta,Main Course,5,350,1750,18,5,13,5,Amazing quality,Positive,Bkash,Dhanmondi
2467,2025-03-15,Saturday,3,1017,Fried Rice,Main Course,4,280,1120,22,4,18,3,Not worth the price,Negative,Bkash,Banani
2468,2025-01-22,Wednesday,1,1198,Pizza,Fast Food,8,550,4400,13,8,5,2,Not worth the price,Negative,Bkash,Mirpur
2469,2025-03-20,Thursday,3,1748,Fried Rice,Main Course,7,280,1960,13,7,6,2,Loved the food,Positive,Card,Dhanmondi
2470,2025-11-08,Saturday,11,1012,Pasta,Main Course,2,350,700,13,2,11,5,Amazing quality,Positive,Cash,Banani
2471,2025-11-02,Sunday,11,1156,Sandwich,Fast Food,8,220,1760,17,8,9,4,Too salty,Negative,Cash,Uttara
2472,2025-07-05,Saturday,7,1475,Juice,Beverage,5,150,750,10,5,5,3,Excellent food and fast service,Positive,Bkash,Banani
2473,2025-12-20,Saturday,12,1655,Sandwich,Fast Food,5,220,1100,10,5,5,3,Highly recommended,Positive,Bkash,Dhanmondi
2474,2025-06-22,Sunday,6,1001,Ice Cream,Dessert,1,120,120,10,1,9,3,Nothing special,Neutral,Bkash,Mirpur
2475,2025-03-17,Monday,3,1614,Burger,Fast Food,4,250,1000,11,4,7,3,Amazing quality,Positive,Bkash,Mirpur
2476,2025-11-09,Sunday,11,1041,Burger,Fast Food,8,250,2000,19,8,11,3,Delivery was late,Negative,Cash,Banani
2477,2025-12-07,Sunday,12,1371,Sandwich,Fast Food,8,220,1760,22,8,14,4,Highly recommended,Positive,Cash,Mirpur
2478,2025-02-04,Tuesday,2,1738,Noodles,Main Course,7,260,1820,20,7,13,3,Bad experience,Negative,Card,Dhanmondi
2479,2025-09-14,Sunday,9,1894,Noodles,Main Course,3,260,780,18,3,15,5,Acceptable,Neutral,Bkash,Dhanmondi
2480,2025-10-20,Monday,10,1172,Juice,Beverage,3,150,450,15,3,12,5,It was okay,Neutral,Cash,Mirpur
2481,2025-10-08,Wednesday,10,1299,Juice,Beverage,5,150,750,15,5,10,3,Highly recommended,Positive,Cash,Banani
2482,2025-04-09,Wednesday,4,1218,Burger,Fast Food,7,250,1750,24,7,17,2,Amazing quality,Positive,Bkash,Dhanmondi
2483,2025-09-29,Monday,9,1907,Pizza,Fast Food,8,550,4400,17,8,9,5,Very tasty and fresh,Positive,Bkash,Mirpur
2484,2025-10-16,Thursday,10,1241,Pasta,Main Course,7,350,2450,12,7,5,3,Delivery was late,Negative,Nagad,Uttara
2485,2025-04-23,Wednesday,4,1027,Sandwich,Fast Food,2,220,440,21,2,19,3,Acceptable,Neutral,Card,Uttara
2486,2025-08-30,Saturday,8,1323,Ice Cream,Dessert,1,120,120,7,1,6,4,Nothing special,Neutral,Nagad,Dhanmondi
2487,2025-12-10,Wednesday,12,1330,Noodles,Main Course,5,260,1300,24,5,19,4,Bad experience,Negative,Cash,Banani
2488,2025-08-04,Monday,8,1079,Sandwich,Fast Food,6,220,1320,21,6,15,2,Amazing quality,Positive,Nagad,Uttara
2489,2025-08-25,Monday,8,1505,Noodles,Main Course,2,260,520,18,2,16,2,Loved the food,Positive,Bkash,Mirpur
2490,2025-09-19,Friday,9,1215,Ice Cream,Dessert,7,120,840,17,7,10,4,Amazing quality,Positive,Nagad,Banani
2491,2025-04-16,Wednesday,4,1408,Noodles,Main Course,1,260,260,10,1,9,2,Not worth the price,Negative,Card,Uttara
2492,2025-10-31,Friday,10,1028,Juice,Beverage,2,150,300,12,2,10,4,Amazing quality,Positive,Cash,Dhanmondi
2493,2025-03-21,Friday,3,1835,Ice Cream,Dessert,7,120,840,15,7,8,2,Very tasty and fresh,Positive,Nagad,Dhanmondi
2494,2025-07-25,Friday,7,1135,Juice,Beverage,1,150,150,9,1,8,3,Amazing quality,Positive,Nagad,Uttara
2495,2025-10-29,Wednesday,10,1229,Noodles,Main Course,3,260,780,20,3,17,4,Very tasty and fresh,Positive,Nagad,Mirpur
2496,2025-11-08,Saturday,11,1430,Sandwich,Fast Food,1,220,220,13,1,12,5,Average taste,Neutral,Bkash,Banani
2497,2025-09-19,Friday,9,1346,Ice Cream,Dessert,7,120,840,19,7,12,4,Delivery was late,Negative,Nagad,Dhanmondi
2498,2025-09-07,Sunday,9,1102,Sandwich,Fast Food,4,220,880,12,4,8,4,It was okay,Neutral,Bkash,Mirpur
2499,2025-11-20,Thursday,11,1366,Burger,Fast Food,6,250,1500,25,6,19,3,Average taste,Neutral,Cash,Banani
2500,2025-11-13,Thursday,11,1269,Ice Cream,Dessert,4,120,480,17,4,13,2,Service was normal,Neutral,Bkash,Mirpur
2501,2025-09-18,Thursday,9,1065,Noodles,Main Course,4,260,1040,12,4,8,4,Too salty,Negative,Nagad,Dhanmondi
2502,2025-11-30,Sunday,11,1871,Pizza,Fast Food,3,550,1650,15,3,12,2,Too salty,Negative,Card,Banani
2503,2025-10-02,Thursday,10,1838,Sandwich,Fast Food,2,220,440,17,2,15,2,Nothing special,Neutral,Cash,Banani
2504,2025-08-19,Tuesday,8,1237,Ice Cream,Dessert,8,120,960,14,8,6,4,Delivery was late,Negative,Bkash,Mirpur
2505,2025-08-07,Thursday,8,1588,Noodles,Main Course,5,260,1300,18,5,13,4,Highly recommended,Positive,Cash,Uttara
2506,2025-08-05,Tuesday,8,1960,Juice,Beverage,5,150,750,10,5,5,3,Very tasty and fresh,Positive,Bkash,Banani
2507,2025-04-22,Tuesday,4,1374,Sandwich,Fast Food,4,220,880,12,4,8,5,Highly recommended,Positive,Card,Uttara
2508,2025-12-06,Saturday,12,1792,Sandwich,Fast Food,4,220,880,12,4,8,3,Amazing quality,Positive,Cash,Uttara
2509,2025-10-17,Friday,10,1657,Pizza,Fast Food,6,550,3300,22,6,16,3,Too salty,Negative,Card,Uttara
2510,2025-03-31,Monday,3,1070,Pasta,Main Course,2,350,700,19,2,17,4,Too salty,Negative,Bkash,Uttara
2511,2025-10-26,Sunday,10,1307,Juice,Beverage,7,150,1050,12,7,5,4,Delivery was late,Negative,Nagad,Banani
2512,2025-12-30,Tuesday,12,1760,Pasta,Main Course,7,350,2450,17,7,10,4,Service was normal,Neutral,Bkash,Dhanmondi
2513,2025-11-18,Tuesday,11,1003,Sandwich,Fast Food,5,220,1100,13,5,8,4,Highly recommended,Positive,Cash,Uttara
2514,2025-03-26,Wednesday,3,1661,Pizza,Fast Food,2,550,1100,19,2,17,4,Excellent food and fast service,Positive,Cash,Uttara
2515,2025-06-03,Tuesday,6,1722,Pasta,Main Course,8,350,2800,25,8,17,4,Average taste,Neutral,Card,Banani
2516,2025-08-19,Tuesday,8,1548,Pasta,Main Course,1,350,350,10,1,9,5,Very tasty and fresh,Positive,Bkash,Uttara
2517,2025-04-14,Monday,4,1992,Burger,Fast Food,3,250,750,21,3,18,2,Too salty,Negative,Nagad,Uttara
2518,2025-03-01,Saturday,3,1126,Noodles,Main Course,4,260,1040,22,4,18,5,Highly recommended,Positive,Nagad,Banani
2519,2025-08-11,Monday,8,1937,Pizza,Fast Food,1,550,550,10,1,9,3,Not worth the price,Negative,Bkash,Uttara
2520,2025-01-17,Friday,1,1275,Biryani,Main Course,3,320,960,12,3,9,2,It was okay,Neutral,Cash,Uttara
2521,2025-08-13,Wednesday,8,1758,Juice,Beverage,4,150,600,22,4,18,2,Amazing quality,Positive,Cash,Banani
2522,2025-08-20,Wednesday,8,1282,Ice Cream,Dessert,2,120,240,17,2,15,5,Loved the food,Positive,Cash,Mirpur
2523,2025-05-31,Saturday,5,1064,Burger,Fast Food,3,250,750,14,3,11,5,Loved the food,Positive,Bkash,Banani
2524,2025-07-04,Friday,7,1833,Juice,Beverage,5,150,750,14,5,9,2,Not worth the price,Negative,Cash,Banani
2525,2025-05-07,Wednesday,5,1598,Sandwich,Fast Food,3,220,660,20,3,17,4,Amazing quality,Positive,Nagad,Mirpur
2526,2025-07-02,Wednesday,7,1384,Ice Cream,Dessert,3,120,360,13,3,10,4,Highly recommended,Positive,Cash,Mirpur
2527,2025-11-08,Saturday,11,1331,Burger,Fast Food,1,250,250,12,1,11,2,Bad experience,Negative,Card,Mirpur
2528,2025-06-25,Wednesday,6,1896,Pizza,Fast Food,4,550,2200,17,4,13,5,Service was normal,Neutral,Nagad,Uttara
2529,2025-04-03,Thursday,4,1979,Noodles,Main Course,4,260,1040,9,4,5,3,Very tasty and fresh,Positive,Cash,Mirpur
2530,2025-07-04,Friday,7,1299,Pasta,Main Course,7,350,2450,14,7,7,3,Highly recommended,Positive,Card,Mirpur
2531,2025-02-17,Monday,2,1603,Pizza,Fast Food,5,550,2750,24,5,19,4,Highly recommended,Positive,Card,Dhanmondi
2532,2025-03-10,Monday,3,1249,Burger,Fast Food,5,250,1250,10,5,5,5,Loved the food,Positive,Nagad,Banani
2533,2025-08-06,Wednesday,8,1514,Pizza,Fast Food,4,550,2200,10,4,6,2,Service was normal,Neutral,Cash,Dhanmondi
2534,2025-12-23,Tuesday,12,1596,Noodles,Main Course,8,260,2080,20,8,12,2,Very tasty and fresh,Positive,Bkash,Dhanmondi
2535,2025-02-03,Monday,2,1174,Pasta,Main Course,4,350,1400,22,4,18,2,Highly recommended,Positive,Cash,Banani
2536,2025-10-08,Wednesday,10,1646,Pizza,Fast Food,8,550,4400,16,8,8,4,Highly recommended,Positive,Nagad,Mirpur
2537,2025-03-07,Friday,3,1667,Coffee,Beverage,8,180,1440,14,8,6,2,Amazing quality,Positive,Card,Banani
2538,2025-10-24,Friday,10,1183,Fried Rice,Main Course,4,280,1120,11,4,7,3,Loved the food,Positive,Cash,Banani
2539,2025-01-18,Saturday,1,1442,Burger,Fast Food,3,250,750,14,3,11,4,Amazing quality,Positive,Bkash,Dhanmondi
2540,2025-12-12,Friday,12,1098,Coffee,Beverage,3,180,540,13,3,10,4,Excellent food and fast service,Positive,Card,Dhanmondi
2541,2025-07-26,Saturday,7,1262,Juice,Beverage,8,150,1200,14,8,6,4,Excellent food and fast service,Positive,Card,Dhanmondi
2542,2025-02-18,Tuesday,2,1144,Juice,Beverage,7,150,1050,19,7,12,3,Amazing quality,Positive,Card,Uttara
2543,2025-05-23,Friday,5,1133,Burger,Fast Food,1,250,250,16,1,15,3,Amazing quality,Positive,Card,Dhanmondi
2544,2025-07-10,Thursday,7,1775,Juice,Beverage,3,150,450,8,3,5,2,Amazing quality,Positive,Cash,Dhanmondi
2545,2025-04-17,Thursday,4,1197,Pasta,Main Course,5,350,1750,16,5,11,3,Excellent food and fast service,Positive,Card,Mirpur
2546,2025-04-03,Thursday,4,1249,Noodles,Main Course,7,260,1820,15,7,8,4,It was okay,Neutral,Bkash,Banani
2547,2025-12-14,Sunday,12,1512,Pasta,Main Course,6,350,2100,15,6,9,5,Very tasty and fresh,Positive,Bkash,Mirpur
2548,2025-11-09,Sunday,11,1524,Sandwich,Fast Food,7,220,1540,12,7,5,5,Amazing quality,Positive,Nagad,Uttara
2549,2025-05-18,Sunday,5,1651,Biryani,Main Course,1,320,320,17,1,16,5,Highly recommended,Positive,Card,Mirpur
2550,2025-12-05,Friday,12,1364,Ice Cream,Dessert,6,120,720,16,6,10,5,It was okay,Neutral,Cash,Mirpur
2551,2025-12-19,Friday,12,1576,Biryani,Main Course,7,320,2240,24,7,17,2,Loved the food,Positive,Bkash,Banani
2552,2025-07-19,Saturday,7,1062,Biryani,Main Course,6,320,1920,18,6,12,5,Bad experience,Negative,Nagad,Mirpur
2553,2025-02-23,Sunday,2,1869,Pasta,Main Course,8,350,2800,24,8,16,4,Highly recommended,Positive,Card,Mirpur
2554,2025-08-15,Friday,8,1346,Pasta,Main Course,7,350,2450,25,7,18,3,It was okay,Neutral,Nagad,Uttara
2555,2025-11-21,Friday,11,1898,Ice Cream,Dessert,6,120,720,18,6,12,5,Very tasty and fresh,Positive,Nagad,Uttara
2556,2025-06-02,Monday,6,1884,Pizza,Fast Food,6,550,3300,26,6,20,5,Highly recommended,Positive,Card,Uttara
2557,2025-06-15,Sunday,6,1512,Pasta,Main Course,4,350,1400,18,4,14,5,Loved the food,Positive,Card,Dhanmondi
2558,2025-07-31,Thursday,7,1604,Pizza,Fast Food,7,550,3850,16,7,9,3,Highly recommended,Positive,Cash,Banani
2559,2025-02-19,Wednesday,2,1671,Coffee,Beverage,4,180,720,11,4,7,3,Amazing quality,Positive,Nagad,Dhanmondi
2560,2025-01-15,Wednesday,1,1133,Fried Rice,Main Course,1,280,280,21,1,20,5,Not worth the price,Negative,Cash,Banani
2561,2025-12-20,Saturday,12,1433,Biryani,Main Course,1,320,320,9,1,8,5,Amazing quality,Positive,Cash,Uttara
2562,2025-07-17,Thursday,7,1292,Pasta,Main Course,4,350,1400,12,4,8,5,Excellent food and fast service,Positive,Card,Mirpur
2563,2025-08-15,Friday,8,1766,Juice,Beverage,3,150,450,18,3,15,3,It was okay,Neutral,Nagad,Mirpur
2564,2025-06-26,Thursday,6,1142,Juice,Beverage,4,150,600,15,4,11,4,Highly recommended,Positive,Cash,Uttara
2565,2025-07-22,Tuesday,7,1185,Ice Cream,Dessert,5,120,600,12,5,7,5,Food was cold,Negative,Nagad,Mirpur
2566,2025-10-18,Saturday,10,1421,Sandwich,Fast Food,2,220,440,20,2,18,3,Excellent food and fast service,Positive,Card,Mirpur
2567,2025-04-23,Wednesday,4,1110,Ice Cream,Dessert,2,120,240,8,2,6,3,Highly recommended,Positive,Bkash,Dhanmondi
2568,2025-02-28,Friday,2,1779,Juice,Beverage,4,150,600,17,4,13,2,Average taste,Neutral,Card,Uttara
2569,2025-04-29,Tuesday,4,1853,Pasta,Main Course,5,350,1750,16,5,11,5,Highly recommended,Positive,Card,Mirpur
2570,2025-10-01,Wednesday,10,1816,Pizza,Fast Food,5,550,2750,11,5,6,4,Bad experience,Negative,Cash,Dhanmondi
2571,2025-02-06,Thursday,2,1930,Juice,Beverage,8,150,1200,19,8,11,2,Loved the food,Positive,Cash,Banani
2572,2025-01-06,Monday,1,1671,Pasta,Main Course,2,350,700,7,2,5,3,Loved the food,Positive,Cash,Uttara
2573,2025-09-29,Monday,9,1937,Noodles,Main Course,7,260,1820,25,7,18,2,Not worth the price,Negative,Cash,Dhanmondi
2574,2025-05-07,Wednesday,5,1264,Pasta,Main Course,3,350,1050,11,3,8,4,Delivery was late,Negative,Bkash,Mirpur
2575,2025-03-21,Friday,3,1062,Burger,Fast Food,4,250,1000,19,4,15,5,Highly recommended,Positive,Cash,Banani
2576,2025-10-30,Thursday,10,1806,Pizza,Fast Food,4,550,2200,21,4,17,5,Loved the food,Positive,Cash,Dhanmondi
2577,2025-09-11,Thursday,9,1596,Pizza,Fast Food,4,550,2200,13,4,9,4,Average taste,Neutral,Cash,Uttara
2578,2025-06-05,Thursday,6,1568,Sandwich,Fast Food,1,220,220,11,1,10,2,Bad experience,Negative,Bkash,Dhanmondi
2579,2025-03-03,Monday,3,1956,Biryani,Main Course,8,320,2560,22,8,14,2,Highly recommended,Positive,Card,Banani
2580,2025-09-01,Monday,9,1192,Noodles,Main Course,6,260,1560,26,6,20,2,Highly recommended,Positive,Card,Dhanmondi
2581,2025-01-20,Monday,1,1125,Sandwich,Fast Food,5,220,1100,13,5,8,4,Nothing special,Neutral,Card,Uttara
2582,2025-11-25,Tuesday,11,1077,Biryani,Main Course,2,320,640,18,2,16,3,Excellent food and fast service,Positive,Cash,Mirpur
2583,2025-04-22,Tuesday,4,1988,Coffee,Beverage,1,180,180,19,1,18,3,Highly recommended,Positive,Nagad,Dhanmondi
2584,2025-07-28,Monday,7,1179,Noodles,Main Course,5,260,1300,21,5,16,5,Loved the food,Positive,Bkash,Dhanmondi
2585,2025-01-02,Thursday,1,1956,Biryani,Main Course,6,320,1920,20,6,14,5,Excellent food and fast service,Positive,Bkash,Mirpur
2586,2025-08-07,Thursday,8,1378,Juice,Beverage,5,150,750,17,5,12,2,Food was cold,Negative,Bkash,Banani
2587,2025-08-20,Wednesday,8,1303,Coffee,Beverage,7,180,1260,18,7,11,3,Amazing quality,Positive,Card,Banani
2588,2025-11-23,Sunday,11,1778,Pizza,Fast Food,8,550,4400,17,8,9,4,Very tasty and fresh,Positive,Nagad,Mirpur
2589,2025-01-14,Tuesday,1,1084,Pasta,Main Course,7,350,2450,12,7,5,4,Excellent food and fast service,Positive,Bkash,Dhanmondi
2590,2025-04-24,Thursday,4,1041,Burger,Fast Food,7,250,1750,25,7,18,5,Too salty,Negative,Cash,Dhanmondi
2591,2025-01-02,Thursday,1,1497,Juice,Beverage,7,150,1050,13,7,6,3,Average taste,Neutral,Card,Dhanmondi
2592,2025-08-30,Saturday,8,1124,Juice,Beverage,3,150,450,14,3,11,4,Excellent food and fast service,Positive,Card,Uttara
2593,2025-04-28,Monday,4,1290,Biryani,Main Course,3,320,960,13,3,10,2,Very tasty and fresh,Positive,Bkash,Banani
2594,2025-06-17,Tuesday,6,1609,Biryani,Main Course,4,320,1280,20,4,16,4,Bad experience,Negative,Cash,Dhanmondi
2595,2025-05-20,Tuesday,5,1233,Pizza,Fast Food,1,550,550,14,1,13,4,Excellent food and fast service,Positive,Cash,Dhanmondi
2596,2025-05-07,Wednesday,5,1949,Coffee,Beverage,1,180,180,16,1,15,3,Highly recommended,Positive,Card,Uttara
2597,2025-01-04,Saturday,1,1979,Juice,Beverage,5,150,750,13,5,8,5,Service was normal,Neutral,Cash,Banani
2598,2025-09-26,Friday,9,1871,Fried Rice,Main Course,1,280,280,10,1,9,2,Food was cold,Negative,Cash,Mirpur
2599,2025-02-22,Saturday,2,1627,Ice Cream,Dessert,5,120,600,20,5,15,4,Excellent food and fast service,Positive,Card,Dhanmondi
2600,2025-12-02,Tuesday,12,1294,Pasta,Main Course,5,350,1750,25,5,20,3,Highly recommended,Positive,Cash,Uttara
2601,2025-02-13,Thursday,2,1509,Noodles,Main Course,4,260,1040,9,4,5,2,Loved the food,Positive,Card,Banani
2602,2025-10-13,Monday,10,1742,Ice Cream,Dessert,2,120,240,11,2,9,5,Amazing quality,Positive,Bkash,Uttara
2603,2025-07-26,Saturday,7,1330,Ice Cream,Dessert,1,120,120,16,1,15,4,Bad experience,Negative,Nagad,Mirpur
2604,2025-10-31,Friday,10,1191,Ice Cream,Dessert,5,120,600,10,5,5,2,Loved the food,Positive,Nagad,Banani
2605,2025-10-18,Saturday,10,1622,Burger,Fast Food,5,250,1250,21,5,16,5,Bad experience,Negative,Cash,Banani
2606,2025-02-04,Tuesday,2,1239,Burger,Fast Food,7,250,1750,22,7,15,5,Very tasty and fresh,Positive,Bkash,Mirpur
2607,2025-08-16,Saturday,8,1424,Burger,Fast Food,2,250,500,19,2,17,2,Highly recommended,Positive,Card,Banani
2608,2025-12-06,Saturday,12,1059,Noodles,Main Course,2,260,520,16,2,14,3,Amazing quality,Positive,Bkash,Uttara
2609,2025-11-22,Saturday,11,1630,Burger,Fast Food,5,250,1250,16,5,11,3,Highly recommended,Positive,Nagad,Mirpur
2610,2025-05-18,Sunday,5,1330,Pasta,Main Course,8,350,2800,28,8,20,2,Delivery was late,Negative,Bkash,Uttara
2611,2025-05-04,Sunday,5,1004,Biryani,Main Course,5,320,1600,15,5,10,2,Amazing quality,Positive,Bkash,Dhanmondi
2612,2025-08-21,Thursday,8,1252,Biryani,Main Course,5,320,1600,13,5,8,5,Service was normal,Neutral,Cash,Mirpur
2613,2025-10-01,Wednesday,10,1950,Coffee,Beverage,6,180,1080,25,6,19,2,Amazing quality,Positive,Nagad,Uttara
2614,2025-09-13,Saturday,9,1377,Ice Cream,Dessert,7,120,840,12,7,5,5,Very tasty and fresh,Positive,Cash,Uttara
2615,2025-04-20,Sunday,4,1367,Fried Rice,Main Course,3,280,840,18,3,15,3,Service was normal,Neutral,Card,Dhanmondi
2616,2025-06-14,Saturday,6,1020,Noodles,Main Course,3,260,780,20,3,17,3,Loved the food,Positive,Nagad,Banani
2617,2025-04-05,Saturday,4,1302,Ice Cream,Dessert,2,120,240,21,2,19,3,Highly recommended,Positive,Card,Uttara
2618,2025-01-14,Tuesday,1,1926,Pasta,Main Course,2,350,700,20,2,18,2,Very tasty and fresh,Positive,Bkash,Uttara
2619,2025-10-30,Thursday,10,1879,Biryani,Main Course,7,320,2240,24,7,17,2,Nothing special,Neutral,Nagad,Uttara
2620,2025-03-06,Thursday,3,1600,Coffee,Beverage,1,180,180,12,1,11,3,Very tasty and fresh,Positive,Cash,Mirpur
2621,2025-09-30,Tuesday,9,1097,Coffee,Beverage,1,180,180,11,1,10,2,Highly recommended,Positive,Cash,Uttara
2622,2025-11-26,Wednesday,11,1618,Fried Rice,Main Course,4,280,1120,20,4,16,5,Nothing special,Neutral,Cash,Dhanmondi
2623,2025-01-02,Thursday,1,1440,Burger,Fast Food,1,250,250,11,1,10,2,Service was normal,Neutral,Nagad,Uttara
2624,2025-04-05,Saturday,4,1526,Coffee,Beverage,7,180,1260,20,7,13,4,Average taste,Neutral,Bkash,Mirpur
2625,2025-01-02,Thursday,1,1744,Sandwich,Fast Food,3,220,660,15,3,12,3,Loved the food,Positive,Card,Uttara
2626,2025-02-12,Wednesday,2,1786,Juice,Beverage,8,150,1200,27,8,19,2,Bad experience,Negative,Bkash,Mirpur
2627,2025-07-12,Saturday,7,1013,Pasta,Main Course,8,350,2800,22,8,14,2,Not worth the price,Negative,Bkash,Mirpur
2628,2025-04-11,Friday,4,1438,Ice Cream,Dessert,2,120,240,9,2,7,5,Nothing special,Neutral,Nagad,Mirpur
2629,2025-01-30,Thursday,1,1068,Coffee,Beverage,3,180,540,23,3,20,3,Nothing special,Neutral,Cash,Uttara
2630,2025-10-11,Saturday,10,1678,Pizza,Fast Food,6,550,3300,26,6,20,2,Highly recommended,Positive,Cash,Uttara
2631,2025-03-09,Sunday,3,1696,Fried Rice,Main Course,2,280,560,10,2,8,5,Amazing quality,Positive,Cash,Banani
2632,2025-11-19,Wednesday,11,1154,Sandwich,Fast Food,7,220,1540,18,7,11,3,Very tasty and fresh,Positive,Nagad,Dhanmondi
2633,2025-10-04,Saturday,10,1838,Coffee,Beverage,3,180,540,10,3,7,4,Not worth the price,Negative,Bkash,Banani
2634,2025-04-23,Wednesday,4,1620,Sandwich,Fast Food,2,220,440,9,2,7,4,Very tasty and fresh,Positive,Card,Dhanmondi
2635,2025-01-21,Tuesday,1,1583,Burger,Fast Food,4,250,1000,23,4,19,3,Delivery was late,Negative,Card,Dhanmondi
2636,2025-04-17,Thursday,4,1871,Biryani,Main Course,5,320,1600,23,5,18,5,Amazing quality,Positive,Nagad,Uttara
2637,2025-03-06,Thursday,3,1206,Sandwich,Fast Food,5,220,1100,13,5,8,5,Amazing quality,Positive,Nagad,Mirpur
2638,2025-10-19,Sunday,10,1042,Pizza,Fast Food,6,550,3300,17,6,11,2,Delivery was late,Negative,Cash,Mirpur
2639,2025-12-08,Monday,12,1402,Burger,Fast Food,7,250,1750,23,7,16,4,Highly recommended,Positive,Card,Banani
2640,2025-08-16,Saturday,8,1187,Fried Rice,Main Course,6,280,1680,13,6,7,4,Not worth the price,Negative,Bkash,Mirpur
2641,2025-04-23,Wednesday,4,1952,Fried Rice,Main Course,8,280,2240,24,8,16,5,Service was normal,Neutral,Nagad,Banani
2642,2025-05-14,Wednesday,5,1168,Noodles,Main Course,8,260,2080,22,8,14,4,Very tasty and fresh,Positive,Bkash,Mirpur
2643,2025-03-03,Monday,3,1005,Burger,Fast Food,5,250,1250,23,5,18,5,Service was normal,Neutral,Card,Banani
2644,2025-06-17,Tuesday,6,1887,Juice,Beverage,6,150,900,14,6,8,5,Excellent food and fast service,Positive,Card,Banani
2645,2025-08-02,Saturday,8,1628,Sandwich,Fast Food,3,220,660,15,3,12,5,Average taste,Neutral,Card,Mirpur
2646,2025-12-17,Wednesday,12,1308,Pasta,Main Course,3,350,1050,10,3,7,5,Excellent food and fast service,Positive,Bkash,Dhanmondi
2647,2025-04-06,Sunday,4,1563,Biryani,Main Course,4,320,1280,18,4,14,2,Not worth the price,Negative,Bkash,Mirpur
2648,2025-09-10,Wednesday,9,1298,Ice Cream,Dessert,8,120,960,17,8,9,2,Amazing quality,Positive,Nagad,Dhanmondi
2649,2025-04-15,Tuesday,4,1696,Fried Rice,Main Course,3,280,840,10,3,7,3,Amazing quality,Positive,Card,Uttara
2650,2025-08-16,Saturday,8,1499,Biryani,Main Course,1,320,320,14,1,13,5,Highly recommended,Positive,Nagad,Dhanmondi
2651,2025-07-22,Tuesday,7,1436,Fried Rice,Main Course,7,280,1960,19,7,12,3,Acceptable,Neutral,Cash,Dhanmondi
2652,2025-02-04,Tuesday,2,1912,Biryani,Main Course,3,320,960,8,3,5,4,Food was cold,Negative,Bkash,Uttara
2653,2025-07-18,Friday,7,1433,Pasta,Main Course,4,350,1400,15,4,11,5,Delivery was late,Negative,Nagad,Dhanmondi
2654,2025-09-18,Thursday,9,1714,Biryani,Main Course,7,320,2240,27,7,20,3,Average taste,Neutral,Nagad,Dhanmondi
2655,2025-06-21,Saturday,6,1136,Pasta,Main Course,5,350,1750,23,5,18,2,Bad experience,Negative,Bkash,Banani
2656,2025-05-24,Saturday,5,1267,Ice Cream,Dessert,1,120,120,9,1,8,4,Delivery was late,Negative,Cash,Uttara
2657,2025-07-11,Friday,7,1298,Burger,Fast Food,1,250,250,8,1,7,5,Loved the food,Positive,Cash,Banani
2658,2025-06-26,Thursday,6,1751,Noodles,Main Course,1,260,260,7,1,6,2,Amazing quality,Positive,Bkash,Mirpur
2659,2025-11-23,Sunday,11,1065,Pizza,Fast Food,1,550,550,15,1,14,4,Very tasty and fresh,Positive,Nagad,Banani
2660,2025-09-18,Thursday,9,1534,Coffee,Beverage,2,180,360,13,2,11,2,Delivery was late,Negative,Bkash,Uttara
2661,2025-09-02,Tuesday,9,1201,Pasta,Main Course,8,350,2800,23,8,15,2,Excellent food and fast service,Positive,Cash,Dhanmondi
2662,2025-07-26,Saturday,7,1498,Noodles,Main Course,6,260,1560,23,6,17,5,Excellent food and fast service,Positive,Bkash,Dhanmondi
2663,2025-02-16,Sunday,2,1414,Ice Cream,Dessert,1,120,120,10,1,9,3,Food was cold,Negative,Nagad,Dhanmondi
2664,2025-08-12,Tuesday,8,1434,Pizza,Fast Food,2,550,1100,18,2,16,5,Highly recommended,Positive,Cash,Dhanmondi
2665,2025-10-19,Sunday,10,1753,Ice Cream,Dessert,8,120,960,25,8,17,3,Amazing quality,Positive,Card,Uttara
2666,2025-07-31,Thursday,7,1340,Pizza,Fast Food,8,550,4400,14,8,6,3,Average taste,Neutral,Bkash,Uttara
2667,2025-05-11,Sunday,5,1722,Coffee,Beverage,2,180,360,18,2,16,3,Highly recommended,Positive,Bkash,Uttara
2668,2025-07-06,Sunday,7,1409,Fried Rice,Main Course,4,280,1120,14,4,10,3,Highly recommended,Positive,Cash,Banani
2669,2025-12-25,Thursday,12,1552,Sandwich,Fast Food,6,220,1320,12,6,6,4,Loved the food,Positive,Nagad,Banani
2670,2025-10-08,Wednesday,10,1006,Sandwich,Fast Food,4,220,880,9,4,5,3,Delivery was late,Negative,Bkash,Uttara
2671,2025-03-22,Saturday,3,1606,Sandwich,Fast Food,3,220,660,23,3,20,3,Nothing special,Neutral,Bkash,Mirpur
2672,2025-02-05,Wednesday,2,1379,Coffee,Beverage,1,180,180,11,1,10,4,Amazing quality,Positive,Nagad,Dhanmondi
2673,2025-05-03,Saturday,5,1548,Burger,Fast Food,8,250,2000,19,8,11,5,Food was cold,Negative,Card,Dhanmondi
2674,2025-11-24,Monday,11,1480,Sandwich,Fast Food,4,220,880,14,4,10,5,Not worth the price,Negative,Cash,Dhanmondi
2675,2025-09-14,Sunday,9,1668,Pasta,Main Course,3,350,1050,18,3,15,5,Highly recommended,Positive,Card,Dhanmondi
2676,2025-11-05,Wednesday,11,1074,Burger,Fast Food,1,250,250,20,1,19,2,Delivery was late,Negative,Card,Mirpur
2677,2025-03-14,Friday,3,1357,Fried Rice,Main Course,5,280,1400,19,5,14,5,Excellent food and fast service,Positive,Nagad,Banani
2678,2025-02-18,Tuesday,2,1646,Ice Cream,Dessert,7,120,840,15,7,8,5,Acceptable,Neutral,Cash,Banani
2679,2025-07-06,Sunday,7,1788,Ice Cream,Dessert,7,120,840,23,7,16,5,Nothing special,Neutral,Nagad,Mirpur
2680,2025-01-21,Tuesday,1,1016,Ice Cream,Dessert,7,120,840,19,7,12,2,Loved the food,Positive,Bkash,Uttara
2681,2025-03-24,Monday,3,1200,Pasta,Main Course,3,350,1050,20,3,17,5,Service was normal,Neutral,Card,Uttara
2682,2025-03-07,Friday,3,1720,Pizza,Fast Food,2,550,1100,15,2,13,2,Amazing quality,Positive,Nagad,Dhanmondi
2683,2025-07-05,Saturday,7,1342,Pasta,Main Course,8,350,2800,20,8,12,5,Excellent food and fast service,Positive,Cash,Dhanmondi
2684,2025-06-18,Wednesday,6,1429,Burger,Fast Food,2,250,500,8,2,6,2,Very tasty and fresh,Positive,Cash,Dhanmondi
2685,2025-03-10,Monday,3,1931,Juice,Beverage,6,150,900,17,6,11,4,Nothing special,Neutral,Nagad,Uttara
2686,2025-04-23,Wednesday,4,1614,Coffee,Beverage,5,180,900,16,5,11,3,Excellent food and fast service,Positive,Cash,Mirpur
2687,2025-10-20,Monday,10,1248,Juice,Beverage,8,150,1200,15,8,7,5,Not worth the price,Negative,Nagad,Mirpur
2688,2025-12-14,Sunday,12,1965,Fried Rice,Main Course,3,280,840,8,3,5,5,Food was cold,Negative,Card,Banani
2689,2025-08-05,Tuesday,8,1341,Coffee,Beverage,3,180,540,12,3,9,4,Amazing quality,Positive,Card,Banani
2690,2025-12-09,Tuesday,12,1705,Biryani,Main Course,5,320,1600,10,5,5,3,Excellent food and fast service,Positive,Cash,Banani
2691,2025-12-07,Sunday,12,1808,Burger,Fast Food,2,250,500,16,2,14,2,Nothing special,Neutral,Bkash,Dhanmondi
2692,2025-10-29,Wednesday,10,1507,Burger,Fast Food,6,250,1500,19,6,13,2,Very tasty and fresh,Positive,Nagad,Uttara
2693,2025-01-30,Thursday,1,1390,Fried Rice,Main Course,4,280,1120,19,4,15,3,Delivery was late,Negative,Cash,Dhanmondi
2694,2025-01-30,Thursday,1,1602,Burger,Fast Food,1,250,250,7,1,6,3,Amazing quality,Positive,Cash,Banani
2695,2025-09-24,Wednesday,9,1990,Pizza,Fast Food,1,550,550,15,1,14,2,Bad experience,Negative,Card,Uttara
2696,2025-06-21,Saturday,6,1774,Pasta,Main Course,2,350,700,17,2,15,3,Amazing quality,Positive,Cash,Uttara
2697,2025-01-26,Sunday,1,1248,Pasta,Main Course,4,350,1400,23,4,19,5,Excellent food and fast service,Positive,Nagad,Uttara
2698,2025-10-01,Wednesday,10,1532,Burger,Fast Food,2,250,500,11,2,9,2,Not worth the price,Negative,Bkash,Mirpur
2699,2025-08-23,Saturday,8,1075,Pasta,Main Course,8,350,2800,13,8,5,2,Delivery was late,Negative,Cash,Mirpur
2700,2025-12-15,Monday,12,1443,Noodles,Main Course,4,260,1040,16,4,12,5,Amazing quality,Positive,Card,Banani
2701,2025-11-13,Thursday,11,1127,Noodles,Main Course,5,260,1300,14,5,9,4,Amazing quality,Positive,Card,Banani
2702,2025-11-07,Friday,11,1663,Fried Rice,Main Course,8,280,2240,26,8,18,2,Service was normal,Neutral,Cash,Banani
2703,2025-09-06,Saturday,9,1407,Juice,Beverage,8,150,1200,16,8,8,3,Highly recommended,Positive,Card,Banani
2704,2025-05-01,Thursday,5,1900,Juice,Beverage,6,150,900,11,6,5,3,Highly recommended,Positive,Nagad,Banani
2705,2025-03-30,Sunday,3,1454,Ice Cream,Dessert,3,120,360,13,3,10,2,Highly recommended,Positive,Card,Banani
2706,2025-11-26,Wednesday,11,1173,Juice,Beverage,2,150,300,19,2,17,3,Too salty,Negative,Cash,Banani
2707,2025-05-30,Friday,5,1138,Ice Cream,Dessert,4,120,480,19,4,15,4,Excellent food and fast service,Positive,Bkash,Banani
2708,2025-09-03,Wednesday,9,1856,Sandwich,Fast Food,3,220,660,21,3,18,5,Amazing quality,Positive,Nagad,Mirpur
2709,2025-01-13,Monday,1,1025,Noodles,Main Course,4,260,1040,20,4,16,4,Bad experience,Negative,Cash,Dhanmondi
2710,2025-12-30,Tuesday,12,1337,Pasta,Main Course,2,350,700,21,2,19,5,Highly recommended,Positive,Card,Dhanmondi
2711,2025-03-13,Thursday,3,1547,Ice Cream,Dessert,6,120,720,23,6,17,5,Excellent food and fast service,Positive,Cash,Dhanmondi
2712,2025-06-07,Saturday,6,1792,Noodles,Main Course,7,260,1820,13,7,6,2,Loved the food,Positive,Cash,Uttara
2713,2025-05-15,Thursday,5,1357,Pasta,Main Course,3,350,1050,22,3,19,5,Highly recommended,Positive,Cash,Uttara
2714,2025-11-25,Tuesday,11,1748,Burger,Fast Food,3,250,750,14,3,11,3,Excellent food and fast service,Positive,Bkash,Dhanmondi
2715,2025-02-02,Sunday,2,1585,Noodles,Main Course,7,260,1820,13,7,6,2,Very tasty and fresh,Positive,Nagad,Mirpur
2716,2025-03-18,Tuesday,3,1619,Biryani,Main Course,3,320,960,15,3,12,3,Not worth the price,Negative,Cash,Dhanmondi
2717,2025-07-16,Wednesday,7,1654,Biryani,Main Course,1,320,320,6,1,5,3,Nothing special,Neutral,Cash,Uttara
2718,2025-05-14,Wednesday,5,1462,Biryani,Main Course,7,320,2240,25,7,18,4,Amazing quality,Positive,Card,Banani
2719,2025-11-22,Saturday,11,1826,Pasta,Main Course,1,350,350,16,1,15,4,Excellent food and fast service,Positive,Bkash,Banani
2720,2025-12-06,Saturday,12,1261,Ice Cream,Dessert,6,120,720,24,6,18,2,Nothing special,Neutral,Nagad,Banani
2721,2025-04-17,Thursday,4,1260,Coffee,Beverage,5,180,900,18,5,13,4,Delivery was late,Negative,Cash,Mirpur
2722,2025-07-14,Monday,7,1203,Juice,Beverage,7,150,1050,23,7,16,4,Bad experience,Negative,Card,Mirpur
2723,2025-10-15,Wednesday,10,1852,Fried Rice,Main Course,6,280,1680,24,6,18,5,Nothing special,Neutral,Card,Banani
2724,2025-07-20,Sunday,7,1484,Pasta,Main Course,6,350,2100,18,6,12,4,Highly recommended,Positive,Nagad,Dhanmondi
2725,2025-09-18,Thursday,9,1789,Ice Cream,Dessert,5,120,600,17,5,12,3,Highly recommended,Positive,Bkash,Mirpur
2726,2025-05-05,Monday,5,1326,Juice,Beverage,6,150,900,12,6,6,2,Loved the food,Positive,Bkash,Dhanmondi
2727,2025-11-02,Sunday,11,1052,Biryani,Main Course,5,320,1600,22,5,17,5,Excellent food and fast service,Positive,Card,Mirpur
2728,2025-03-30,Sunday,3,1232,Ice Cream,Dessert,4,120,480,10,4,6,5,Nothing special,Neutral,Card,Mirpur
2729,2025-05-19,Monday,5,1064,Coffee,Beverage,1,180,180,13,1,12,5,Excellent food and fast service,Positive,Card,Mirpur
2730,2025-10-14,Tuesday,10,1705,Coffee,Beverage,2,180,360,18,2,16,2,Very tasty and fresh,Positive,Bkash,Mirpur
2731,2025-01-12,Sunday,1,1905,Biryani,Main Course,2,320,640,16,2,14,2,Very tasty and fresh,Positive,Card,Banani
2732,2025-11-02,Sunday,11,1879,Pasta,Main Course,4,350,1400,16,4,12,4,Acceptable,Neutral,Card,Dhanmondi
2733,2025-02-21,Friday,2,1029,Pizza,Fast Food,3,550,1650,15,3,12,4,Acceptable,Neutral,Card,Banani
2734,2025-07-03,Thursday,7,1860,Biryani,Main Course,8,320,2560,21,8,13,5,Highly recommended,Positive,Card,Mirpur
2735,2025-02-26,Wednesday,2,1567,Burger,Fast Food,6,250,1500,26,6,20,4,Very tasty and fresh,Positive,Bkash,Mirpur
2736,2025-06-25,Wednesday,6,1843,Pizza,Fast Food,5,550,2750,23,5,18,2,Bad experience,Negative,Card,Mirpur
2737,2025-02-18,Tuesday,2,1320,Pizza,Fast Food,8,550,4400,22,8,14,3,Loved the food,Positive,Nagad,Dhanmondi
2738,2025-08-02,Saturday,8,1425,Biryani,Main Course,8,320,2560,18,8,10,5,Excellent food and fast service,Positive,Card,Uttara
2739,2025-08-15,Friday,8,1866,Pasta,Main Course,7,350,2450,15,7,8,2,Delivery was late,Negative,Bkash,Banani
2740,2025-07-11,Friday,7,1177,Juice,Beverage,3,150,450,21,3,18,5,Excellent food and fast service,Positive,Cash,Mirpur
2741,2025-09-27,Saturday,9,1636,Pizza,Fast Food,8,550,4400,25,8,17,2,Amazing quality,Positive,Nagad,Uttara
2742,2025-02-12,Wednesday,2,1945,Ice Cream,Dessert,7,120,840,19,7,12,4,Very tasty and fresh,Positive,Cash,Banani
2743,2025-09-10,Wednesday,9,1738,Burger,Fast Food,5,250,1250,20,5,15,3,Loved the food,Positive,Card,Banani
2744,2025-08-14,Thursday,8,1287,Fried Rice,Main Course,2,280,560,12,2,10,3,Delivery was late,Negative,Cash,Mirpur
2745,2025-09-15,Monday,9,1148,Coffee,Beverage,2,180,360,16,2,14,4,Average taste,Neutral,Card,Banani
2746,2025-06-02,Monday,6,1109,Coffee,Beverage,1,180,180,10,1,9,3,Very tasty and fresh,Positive,Bkash,Uttara
2747,2025-08-30,Saturday,8,1620,Coffee,Beverage,6,180,1080,25,6,19,2,Very tasty and fresh,Positive,Cash,Mirpur
2748,2025-05-30,Friday,5,1916,Ice Cream,Dessert,1,120,120,15,1,14,2,It was okay,Neutral,Card,Mirpur
2749,2025-05-08,Thursday,5,1907,Juice,Beverage,6,150,900,18,6,12,2,Food was cold,Negative,Card,Banani
2750,2025-09-05,Friday,9,1699,Pizza,Fast Food,2,550,1100,17,2,15,2,Very tasty and fresh,Positive,Nagad,Uttara
2751,2025-07-19,Saturday,7,1521,Coffee,Beverage,2,180,360,21,2,19,2,Very tasty and fresh,Positive,Nagad,Uttara
2752,2025-12-17,Wednesday,12,1234,Ice Cream,Dessert,2,120,240,8,2,6,3,Nothing special,Neutral,Card,Dhanmondi
2753,2025-10-31,Friday,10,1805,Noodles,Main Course,4,260,1040,21,4,17,4,Excellent food and fast service,Positive,Nagad,Uttara
2754,2025-12-14,Sunday,12,1367,Sandwich,Fast Food,7,220,1540,27,7,20,3,Excellent food and fast service,Positive,Nagad,Banani
2755,2025-01-01,Wednesday,1,1860,Sandwich,Fast Food,5,220,1100,21,5,16,2,Bad experience,Negative,Bkash,Uttara
2756,2025-01-29,Wednesday,1,1006,Pasta,Main Course,5,350,1750,20,5,15,3,Very tasty and fresh,Positive,Nagad,Uttara
2757,2025-10-14,Tuesday,10,1653,Sandwich,Fast Food,1,220,220,12,1,11,4,Service was normal,Neutral,Cash,Uttara
2758,2025-11-01,Saturday,11,1243,Coffee,Beverage,7,180,1260,26,7,19,2,Average taste,Neutral,Bkash,Dhanmondi
2759,2025-11-06,Thursday,11,1695,Fried Rice,Main Course,5,280,1400,23,5,18,4,Nothing special,Neutral,Bkash,Dhanmondi
2760,2025-10-02,Thursday,10,1045,Biryani,Main Course,4,320,1280,22,4,18,2,Excellent food and fast service,Positive,Card,Uttara
2761,2025-08-17,Sunday,8,1102,Biryani,Main Course,2,320,640,8,2,6,3,Too salty,Negative,Card,Mirpur
2762,2025-07-12,Saturday,7,1100,Burger,Fast Food,2,250,500,16,2,14,3,Excellent food and fast service,Positive,Card,Mirpur
2763,2025-05-01,Thursday,5,1902,Biryani,Main Course,1,320,320,12,1,11,5,Average taste,Neutral,Cash,Banani
2764,2025-04-24,Thursday,4,1664,Juice,Beverage,1,150,150,13,1,12,5,Excellent food and fast service,Positive,Card,Banani
2765,2025-11-04,Tuesday,11,1493,Burger,Fast Food,8,250,2000,22,8,14,3,Nothing special,Neutral,Cash,Dhanmondi
2766,2025-01-12,Sunday,1,1799,Coffee,Beverage,3,180,540,10,3,7,2,Excellent food and fast service,Positive,Nagad,Dhanmondi
2767,2025-08-22,Friday,8,1892,Pizza,Fast Food,7,550,3850,19,7,12,2,Loved the food,Positive,Bkash,Dhanmondi
2768,2025-04-03,Thursday,4,1783,Fried Rice,Main Course,8,280,2240,13,8,5,2,Excellent food and fast service,Positive,Cash,Mirpur
2769,2025-11-26,Wednesday,11,1620,Pasta,Main Course,6,350,2100,19,6,13,5,Not worth the price,Negative,Card,Banani
2770,2025-06-26,Thursday,6,1438,Coffee,Beverage,7,180,1260,15,7,8,5,Nothing special,Neutral,Cash,Uttara
2771,2025-08-13,Wednesday,8,1246,Sandwich,Fast Food,2,220,440,20,2,18,4,Nothing special,Neutral,Nagad,Dhanmondi
2772,2025-03-10,Monday,3,1381,Juice,Beverage,7,150,1050,26,7,19,4,Excellent food and fast service,Positive,Nagad,Uttara
2773,2025-08-23,Saturday,8,1169,Pizza,Fast Food,4,550,2200,24,4,20,3,Average taste,Neutral,Card,Mirpur
2774,2025-12-08,Monday,12,1907,Juice,Beverage,2,150,300,16,2,14,5,Highly recommended,Positive,Card,Banani
2775,2025-08-06,Wednesday,8,1073,Fried Rice,Main Course,4,280,1120,9,4,5,5,Excellent food and fast service,Positive,Nagad,Dhanmondi
2776,2025-12-17,Wednesday,12,1523,Pasta,Main Course,3,350,1050,11,3,8,3,Loved the food,Positive,Cash,Banani
2777,2025-09-30,Tuesday,9,1861,Juice,Beverage,4,150,600,22,4,18,4,Excellent food and fast service,Positive,Nagad,Mirpur
2778,2025-07-13,Sunday,7,1386,Noodles,Main Course,7,260,1820,27,7,20,3,Delivery was late,Negative,Cash,Dhanmondi
2779,2025-05-23,Friday,5,1411,Noodles,Main Course,4,260,1040,24,4,20,3,It was okay,Neutral,Cash,Mirpur
2780,2025-10-23,Thursday,10,1494,Biryani,Main Course,3,320,960,11,3,8,2,It was okay,Neutral,Nagad,Mirpur
2781,2025-11-03,Monday,11,1051,Fried Rice,Main Course,5,280,1400,12,5,7,5,Loved the food,Positive,Card,Dhanmondi
2782,2025-02-11,Tuesday,2,1287,Noodles,Main Course,8,260,2080,18,8,10,5,Very tasty and fresh,Positive,Cash,Uttara
2783,2025-01-11,Saturday,1,1667,Pizza,Fast Food,2,550,1100,21,2,19,2,Nothing special,Neutral,Nagad,Mirpur
2784,2025-12-13,Saturday,12,1629,Sandwich,Fast Food,5,220,1100,25,5,20,5,Bad experience,Negative,Cash,Mirpur
2785,2025-03-24,Monday,3,1559,Biryani,Main Course,2,320,640,22,2,20,5,Loved the food,Positive,Bkash,Banani
2786,2025-07-02,Wednesday,7,1443,Noodles,Main Course,2,260,520,10,2,8,2,Food was cold,Negative,Nagad,Uttara
2787,2025-11-20,Thursday,11,1204,Coffee,Beverage,7,180,1260,19,7,12,2,Highly recommended,Positive,Card,Banani
2788,2025-07-07,Monday,7,1105,Coffee,Beverage,8,180,1440,18,8,10,5,Nothing special,Neutral,Bkash,Banani
2789,2025-04-22,Tuesday,4,1538,Sandwich,Fast Food,2,220,440,9,2,7,2,Very tasty and fresh,Positive,Nagad,Uttara
2790,2025-12-24,Wednesday,12,1511,Burger,Fast Food,2,250,500,13,2,11,2,Average taste,Neutral,Nagad,Banani
2791,2025-06-28,Saturday,6,1431,Fried Rice,Main Course,3,280,840,11,3,8,2,Very tasty and fresh,Positive,Card,Dhanmondi
2792,2025-08-29,Friday,8,1317,Ice Cream,Dessert,6,120,720,19,6,13,2,Excellent food and fast service,Positive,Card,Banani
2793,2025-12-11,Thursday,12,1515,Biryani,Main Course,6,320,1920,20,6,14,3,Loved the food,Positive,Bkash,Banani
2794,2025-05-01,Thursday,5,1750,Ice Cream,Dessert,2,120,240,11,2,9,3,Loved the food,Positive,Card,Uttara
2795,2025-06-14,Saturday,6,1853,Coffee,Beverage,2,180,360,21,2,19,3,Food was cold,Negative,Bkash,Dhanmondi
2796,2025-11-19,Wednesday,11,1838,Pasta,Main Course,8,350,2800,26,8,18,3,Food was cold,Negative,Card,Banani
2797,2025-01-20,Monday,1,1366,Pizza,Fast Food,7,550,3850,19,7,12,4,Loved the food,Positive,Cash,Uttara
2798,2025-10-12,Sunday,10,1222,Pasta,Main Course,6,350,2100,18,6,12,2,Highly recommended,Positive,Card,Dhanmondi
2799,2025-08-29,Friday,8,1047,Ice Cream,Dessert,7,120,840,22,7,15,5,Acceptable,Neutral,Bkash,Mirpur
2800,2025-10-24,Friday,10,1575,Noodles,Main Course,8,260,2080,17,8,9,3,Average taste,Neutral,Cash,Banani
2801,2025-09-05,Friday,9,1065,Fried Rice,Main Course,6,280,1680,13,6,7,2,Amazing quality,Positive,Card,Uttara
2802,2025-11-15,Saturday,11,1709,Sandwich,Fast Food,4,220,880,22,4,18,3,Highly recommended,Positive,Cash,Banani
2803,2025-12-03,Wednesday,12,1312,Fried Rice,Main Course,5,280,1400,10,5,5,3,It was okay,Neutral,Card,Uttara
2804,2025-05-19,Monday,5,1189,Pizza,Fast Food,4,550,2200,10,4,6,3,Very tasty and fresh,Positive,Nagad,Mirpur
2805,2025-06-07,Saturday,6,1297,Burger,Fast Food,2,250,500,10,2,8,4,Service was normal,Neutral,Card,Mirpur
2806,2025-10-11,Saturday,10,1250,Pasta,Main Course,3,350,1050,8,3,5,4,Loved the food,Positive,Cash,Mirpur
2807,2025-08-13,Wednesday,8,1436,Juice,Beverage,6,150,900,13,6,7,2,Amazing quality,Positive,Bkash,Banani
2808,2025-05-21,Wednesday,5,1197,Burger,Fast Food,5,250,1250,13,5,8,2,Loved the food,Positive,Card,Banani
2809,2025-01-20,Monday,1,1095,Coffee,Beverage,5,180,900,14,5,9,2,Loved the food,Positive,Card,Banani
2810,2025-02-08,Saturday,2,1631,Pizza,Fast Food,1,550,550,12,1,11,4,Loved the food,Positive,Card,Uttara
2811,2025-01-19,Sunday,1,1443,Biryani,Main Course,4,320,1280,24,4,20,5,Highly recommended,Positive,Card,Uttara
2812,2025-10-19,Sunday,10,1582,Coffee,Beverage,4,180,720,16,4,12,4,Excellent food and fast service,Positive,Cash,Dhanmondi
2813,2025-11-17,Monday,11,1802,Noodles,Main Course,4,260,1040,9,4,5,4,Delivery was late,Negative,Card,Mirpur
2814,2025-12-01,Monday,12,1524,Biryani,Main Course,5,320,1600,10,5,5,3,Very tasty and fresh,Positive,Bkash,Banani
2815,2025-04-08,Tuesday,4,1213,Fried Rice,Main Course,5,280,1400,17,5,12,5,Too salty,Negative,Bkash,Dhanmondi
2816,2025-09-27,Saturday,9,1445,Juice,Beverage,7,150,1050,20,7,13,4,Acceptable,Neutral,Bkash,Uttara
2817,2025-05-26,Monday,5,1567,Fried Rice,Main Course,3,280,840,20,3,17,4,Delivery was late,Negative,Bkash,Dhanmondi
2818,2025-08-19,Tuesday,8,1591,Pasta,Main Course,4,350,1400,19,4,15,4,Food was cold,Negative,Card,Mirpur
2819,2025-11-08,Saturday,11,1826,Pasta,Main Course,8,350,2800,13,8,5,5,Highly recommended,Positive,Bkash,Mirpur
2820,2025-04-18,Friday,4,1264,Coffee,Beverage,2,180,360,22,2,20,5,Excellent food and fast service,Positive,Cash,Uttara
2821,2025-01-03,Friday,1,1972,Burger,Fast Food,6,250,1500,19,6,13,5,Amazing quality,Positive,Card,Mirpur
2822,2025-05-26,Monday,5,1440,Ice Cream,Dessert,7,120,840,24,7,17,5,Highly recommended,Positive,Bkash,Banani
2823,2025-01-09,Thursday,1,1893,Juice,Beverage,2,150,300,21,2,19,5,Average taste,Neutral,Cash,Dhanmondi
2824,2025-05-14,Wednesday,5,1817,Ice Cream,Dessert,8,120,960,15,8,7,4,Very tasty and fresh,Positive,Nagad,Dhanmondi
2825,2025-06-22,Sunday,6,1000,Juice,Beverage,8,150,1200,24,8,16,4,Loved the food,Positive,Cash,Banani
2826,2025-01-11,Saturday,1,1576,Pizza,Fast Food,7,550,3850,27,7,20,3,Service was normal,Neutral,Card,Mirpur
2827,2025-12-22,Monday,12,1019,Fried Rice,Main Course,6,280,1680,24,6,18,4,Loved the food,Positive,Bkash,Dhanmondi
2828,2025-11-27,Thursday,11,1809,Coffee,Beverage,7,180,1260,25,7,18,3,Bad experience,Negative,Nagad,Mirpur
2829,2025-06-09,Monday,6,1445,Burger,Fast Food,3,250,750,16,3,13,2,Bad experience,Negative,Nagad,Uttara
2830,2025-06-19,Thursday,6,1338,Sandwich,Fast Food,2,220,440,16,2,14,2,Delivery was late,Negative,Card,Mirpur
2831,2025-12-28,Sunday,12,1526,Sandwich,Fast Food,7,220,1540,17,7,10,2,Service was normal,Neutral,Nagad,Uttara
2832,2025-09-22,Monday,9,1687,Pasta,Main Course,4,350,1400,22,4,18,5,Food was cold,Negative,Card,Mirpur
2833,2025-09-20,Saturday,9,1022,Coffee,Beverage,4,180,720,9,4,5,2,Average taste,Neutral,Card,Banani
2834,2025-10-09,Thursday,10,1664,Ice Cream,Dessert,7,120,840,22,7,15,3,Amazing quality,Positive,Cash,Mirpur
2835,2025-11-26,Wednesday,11,1470,Noodles,Main Course,6,260,1560,15,6,9,4,Not worth the price,Negative,Nagad,Banani
2836,2025-01-25,Saturday,1,1968,Fried Rice,Main Course,7,280,1960,22,7,15,3,Excellent food and fast service,Positive,Nagad,Uttara
2837,2025-05-10,Saturday,5,1412,Pasta,Main Course,5,350,1750,16,5,11,5,Service was normal,Neutral,Card,Uttara
2838,2025-02-23,Sunday,2,1450,Noodles,Main Course,2,260,520,11,2,9,5,Loved the food,Positive,Cash,Banani
2839,2025-01-25,Saturday,1,1286,Sandwich,Fast Food,4,220,880,12,4,8,4,Too salty,Negative,Nagad,Banani
2840,2025-08-08,Friday,8,1455,Biryani,Main Course,7,320,2240,16,7,9,4,Highly recommended,Positive,Cash,Banani
2841,2025-09-11,Thursday,9,1665,Pasta,Main Course,8,350,2800,24,8,16,3,Service was normal,Neutral,Bkash,Mirpur
2842,2025-03-12,Wednesday,3,1806,Ice Cream,Dessert,6,120,720,17,6,11,4,Highly recommended,Positive,Cash,Uttara
2843,2025-09-01,Monday,9,1025,Juice,Beverage,8,150,1200,26,8,18,4,Loved the food,Positive,Card,Dhanmondi
2844,2025-09-03,Wednesday,9,1455,Juice,Beverage,8,150,1200,24,8,16,4,Amazing quality,Positive,Card,Mirpur
2845,2025-02-15,Saturday,2,1060,Pizza,Fast Food,6,550,3300,26,6,20,2,It was okay,Neutral,Cash,Dhanmondi
2846,2025-10-20,Monday,10,1743,Pasta,Main Course,1,350,350,19,1,18,3,Loved the food,Positive,Card,Mirpur
2847,2025-05-15,Thursday,5,1374,Coffee,Beverage,4,180,720,19,4,15,3,Nothing special,Neutral,Bkash,Uttara
2848,2025-04-13,Sunday,4,1882,Biryani,Main Course,7,320,2240,25,7,18,2,Food was cold,Negative,Bkash,Banani
2849,2025-01-15,Wednesday,1,1834,Ice Cream,Dessert,2,120,240,9,2,7,4,Very tasty and fresh,Positive,Bkash,Banani
2850,2025-02-09,Sunday,2,1560,Pizza,Fast Food,7,550,3850,22,7,15,2,Food was cold,Negative,Bkash,Uttara
2851,2025-08-18,Monday,8,1481,Pasta,Main Course,7,350,2450,25,7,18,5,Loved the food,Positive,Nagad,Dhanmondi
2852,2025-09-19,Friday,9,1750,Juice,Beverage,8,150,1200,13,8,5,5,Highly recommended,Positive,Nagad,Banani
2853,2025-10-08,Wednesday,10,1413,Biryani,Main Course,1,320,320,17,1,16,4,Service was normal,Neutral,Bkash,Dhanmondi
2854,2025-09-27,Saturday,9,1708,Ice Cream,Dessert,2,120,240,15,2,13,3,It was okay,Neutral,Cash,Uttara
2855,2025-10-22,Wednesday,10,1323,Biryani,Main Course,8,320,2560,26,8,18,4,Food was cold,Negative,Nagad,Uttara
2856,2025-11-16,Sunday,11,1259,Noodles,Main Course,7,260,1820,17,7,10,2,Food was cold,Negative,Bkash,Dhanmondi
2857,2025-04-21,Monday,4,1314,Pizza,Fast Food,7,550,3850,24,7,17,5,Highly recommended,Positive,Card,Uttara
2858,2025-10-10,Friday,10,1347,Ice Cream,Dessert,2,120,240,15,2,13,3,Amazing quality,Positive,Bkash,Banani
2859,2025-06-03,Tuesday,6,1268,Pasta,Main Course,3,350,1050,8,3,5,4,Amazing quality,Positive,Cash,Dhanmondi
2860,2025-12-11,Thursday,12,1084,Biryani,Main Course,4,320,1280,24,4,20,5,Service was normal,Neutral,Nagad,Mirpur
2861,2025-09-12,Friday,9,1940,Sandwich,Fast Food,5,220,1100,13,5,8,4,Very tasty and fresh,Positive,Cash,Uttara
2862,2025-01-05,Sunday,1,1790,Biryani,Main Course,6,320,1920,22,6,16,4,Highly recommended,Positive,Cash,Mirpur
2863,2025-04-18,Friday,4,1563,Ice Cream,Dessert,6,120,720,16,6,10,4,Nothing special,Neutral,Bkash,Dhanmondi
2864,2025-10-23,Thursday,10,1384,Noodles,Main Course,5,260,1300,12,5,7,4,Bad experience,Negative,Bkash,Dhanmondi
2865,2025-07-12,Saturday,7,1965,Sandwich,Fast Food,6,220,1320,16,6,10,2,Very tasty and fresh,Positive,Card,Mirpur
2866,2025-09-30,Tuesday,9,1983,Ice Cream,Dessert,2,120,240,8,2,6,2,It was okay,Neutral,Bkash,Banani
2867,2025-04-07,Monday,4,1105,Pasta,Main Course,3,350,1050,13,3,10,4,Very tasty and fresh,Positive,Nagad,Uttara
2868,2025-01-27,Monday,1,1158,Ice Cream,Dessert,2,120,240,12,2,10,5,Loved the food,Positive,Card,Mirpur
2869,2025-02-16,Sunday,2,1085,Pizza,Fast Food,5,550,2750,22,5,17,4,Very tasty and fresh,Positive,Bkash,Mirpur
2870,2025-04-11,Friday,4,1060,Burger,Fast Food,2,250,500,17,2,15,4,Very tasty and fresh,Positive,Bkash,Dhanmondi
2871,2025-08-19,Tuesday,8,1909,Sandwich,Fast Food,2,220,440,10,2,8,5,Bad experience,Negative,Bkash,Mirpur
2872,2025-12-06,Saturday,12,1243,Coffee,Beverage,6,180,1080,25,6,19,4,Highly recommended,Positive,Bkash,Mirpur
2873,2025-03-03,Monday,3,1878,Noodles,Main Course,3,260,780,11,3,8,4,Amazing quality,Positive,Bkash,Uttara
2874,2025-01-29,Wednesday,1,1023,Juice,Beverage,5,150,750,12,5,7,5,Food was cold,Negative,Cash,Banani
2875,2025-11-25,Tuesday,11,1651,Juice,Beverage,2,150,300,7,2,5,3,Amazing quality,Positive,Card,Mirpur
2876,2025-03-10,Monday,3,1947,Pizza,Fast Food,7,550,3850,16,7,9,3,Amazing quality,Positive,Card,Dhanmondi
2877,2025-11-21,Friday,11,1855,Sandwich,Fast Food,6,220,1320,23,6,17,5,Highly recommended,Positive,Card,Dhanmondi
2878,2025-09-28,Sunday,9,1763,Fried Rice,Main Course,5,280,1400,25,5,20,2,Excellent food and fast service,Positive,Cash,Mirpur
2879,2025-10-19,Sunday,10,1564,Fried Rice,Main Course,3,280,840,19,3,16,5,Very tasty and fresh,Positive,Cash,Uttara
2880,2025-03-22,Saturday,3,1934,Biryani,Main Course,1,320,320,7,1,6,4,Not worth the price,Negative,Bkash,Banani
2881,2025-03-07,Friday,3,1624,Pasta,Main Course,4,350,1400,23,4,19,4,Delivery was late,Negative,Cash,Mirpur
2882,2025-06-21,Saturday,6,1905,Biryani,Main Course,1,320,320,16,1,15,2,Acceptable,Neutral,Card,Banani
2883,2025-01-09,Thursday,1,1810,Juice,Beverage,1,150,150,15,1,14,3,Very tasty and fresh,Positive,Bkash,Dhanmondi
2884,2025-08-03,Sunday,8,1709,Coffee,Beverage,5,180,900,25,5,20,4,Highly recommended,Positive,Cash,Dhanmondi
2885,2025-05-12,Monday,5,1209,Pizza,Fast Food,6,550,3300,24,6,18,2,Loved the food,Positive,Cash,Banani
2886,2025-06-18,Wednesday,6,1503,Coffee,Beverage,7,180,1260,16,7,9,5,Amazing quality,Positive,Nagad,Mirpur
2887,2025-08-06,Wednesday,8,1426,Ice Cream,Dessert,4,120,480,11,4,7,3,Excellent food and fast service,Positive,Card,Dhanmondi
2888,2025-02-15,Saturday,2,1493,Pizza,Fast Food,4,550,2200,21,4,17,4,Loved the food,Positive,Nagad,Dhanmondi
2889,2025-10-23,Thursday,10,1337,Ice Cream,Dessert,1,120,120,12,1,11,2,Very tasty and fresh,Positive,Bkash,Mirpur
2890,2025-05-06,Tuesday,5,1728,Noodles,Main Course,3,260,780,17,3,14,2,Amazing quality,Positive,Bkash,Banani
2891,2025-10-16,Thursday,10,1574,Burger,Fast Food,6,250,1500,18,6,12,3,Very tasty and fresh,Positive,Bkash,Dhanmondi
2892,2025-07-29,Tuesday,7,1746,Sandwich,Fast Food,4,220,880,10,4,6,3,Too salty,Negative,Card,Banani
2893,2025-09-10,Wednesday,9,1766,Burger,Fast Food,5,250,1250,22,5,17,5,Bad experience,Negative,Bkash,Banani
2894,2025-12-19,Friday,12,1679,Biryani,Main Course,3,320,960,19,3,16,3,Acceptable,Neutral,Card,Uttara
2895,2025-10-02,Thursday,10,1214,Burger,Fast Food,2,250,500,13,2,11,2,Loved the food,Positive,Nagad,Mirpur
2896,2025-08-07,Thursday,8,1654,Noodles,Main Course,5,260,1300,23,5,18,5,Highly recommended,Positive,Cash,Banani
2897,2025-05-23,Friday,5,1588,Coffee,Beverage,4,180,720,24,4,20,4,Too salty,Negative,Nagad,Mirpur
2898,2025-03-17,Monday,3,1960,Pizza,Fast Food,4,550,2200,20,4,16,5,Average taste,Neutral,Bkash,Mirpur
2899,2025-12-17,Wednesday,12,1988,Coffee,Beverage,3,180,540,23,3,20,4,Highly recommended,Positive,Cash,Dhanmondi
2900,2025-12-28,Sunday,12,1778,Pasta,Main Course,7,350,2450,17,7,10,2,Loved the food,Positive,Cash,Banani
2901,2025-08-06,Wednesday,8,1364,Pasta,Main Course,6,350,2100,18,6,12,4,Highly recommended,Positive,Cash,Mirpur
2902,2025-11-25,Tuesday,11,1542,Juice,Beverage,5,150,750,13,5,8,5,Nothing special,Neutral,Card,Dhanmondi
2903,2025-01-26,Sunday,1,1062,Ice Cream,Dessert,4,120,480,20,4,16,2,It was okay,Neutral,Nagad,Uttara
2904,2025-01-20,Monday,1,1176,Pizza,Fast Food,6,550,3300,26,6,20,4,It was okay,Neutral,Card,Uttara
2905,2025-09-26,Friday,9,1171,Pasta,Main Course,4,350,1400,18,4,14,5,Acceptable,Neutral,Nagad,Banani
2906,2025-10-11,Saturday,10,1977,Burger,Fast Food,5,250,1250,23,5,18,2,Average taste,Neutral,Cash,Mirpur
2907,2025-01-05,Sunday,1,1858,Fried Rice,Main Course,4,280,1120,18,4,14,4,Excellent food and fast service,Positive,Card,Banani
2908,2025-05-04,Sunday,5,1106,Coffee,Beverage,7,180,1260,24,7,17,4,Not worth the price,Negative,Bkash,Mirpur
2909,2025-05-20,Tuesday,5,1913,Juice,Beverage,1,150,150,17,1,16,5,Very tasty and fresh,Positive,Cash,Banani
2910,2025-09-06,Saturday,9,1644,Pasta,Main Course,7,350,2450,16,7,9,4,Excellent food and fast service,Positive,Card,Banani
2911,2025-12-23,Tuesday,12,1727,Pasta,Main Course,2,350,700,10,2,8,4,Very tasty and fresh,Positive,Nagad,Banani
2912,2025-11-17,Monday,11,1900,Biryani,Main Course,6,320,1920,12,6,6,4,Excellent food and fast service,Positive,Bkash,Uttara
2913,2025-10-13,Monday,10,1562,Fried Rice,Main Course,1,280,280,21,1,20,3,Loved the food,Positive,Cash,Uttara
2914,2025-07-17,Thursday,7,1379,Biryani,Main Course,7,320,2240,20,7,13,5,Amazing quality,Positive,Nagad,Mirpur
2915,2025-05-28,Wednesday,5,1851,Juice,Beverage,1,150,150,20,1,19,5,Excellent food and fast service,Positive,Bkash,Dhanmondi
2916,2025-12-08,Monday,12,1379,Ice Cream,Dessert,2,120,240,9,2,7,2,Loved the food,Positive,Card,Mirpur
2917,2025-06-03,Tuesday,6,1439,Pizza,Fast Food,5,550,2750,15,5,10,4,Excellent food and fast service,Positive,Card,Uttara
2918,2025-09-22,Monday,9,1358,Coffee,Beverage,8,180,1440,21,8,13,5,Highly recommended,Positive,Bkash,Dhanmondi
2919,2025-09-04,Thursday,9,1269,Burger,Fast Food,6,250,1500,21,6,15,3,Amazing quality,Positive,Bkash,Uttara
2920,2025-08-10,Sunday,8,1819,Noodles,Main Course,8,260,2080,28,8,20,3,Highly recommended,Positive,Card,Dhanmondi
2921,2025-10-26,Sunday,10,1305,Pasta,Main Course,1,350,350,21,1,20,2,Very tasty and fresh,Positive,Bkash,Uttara
2922,2025-07-04,Friday,7,1679,Ice Cream,Dessert,8,120,960,27,8,19,2,Excellent food and fast service,Positive,Cash,Dhanmondi
2923,2025-06-20,Friday,6,1629,Pasta,Main Course,8,350,2800,27,8,19,4,Too salty,Negative,Card,Dhanmondi
2924,2025-12-04,Thursday,12,1479,Pasta,Main Course,8,350,2800,17,8,9,4,Loved the food,Positive,Nagad,Mirpur
2925,2025-02-23,Sunday,2,1316,Fried Rice,Main Course,6,280,1680,19,6,13,2,Nothing special,Neutral,Nagad,Mirpur
2926,2025-11-29,Saturday,11,1155,Coffee,Beverage,8,180,1440,19,8,11,3,Service was normal,Neutral,Card,Mirpur
2927,2025-07-10,Thursday,7,1308,Coffee,Beverage,1,180,180,17,1,16,5,Amazing quality,Positive,Bkash,Dhanmondi
2928,2025-12-01,Monday,12,1791,Juice,Beverage,7,150,1050,13,7,6,4,Amazing quality,Positive,Cash,Uttara
2929,2025-07-30,Wednesday,7,1454,Biryani,Main Course,4,320,1280,15,4,11,2,Service was normal,Neutral,Bkash,Dhanmondi
2930,2025-08-27,Wednesday,8,1648,Pizza,Fast Food,5,550,2750,22,5,17,2,Not worth the price,Negative,Bkash,Banani
2931,2025-12-09,Tuesday,12,1569,Ice Cream,Dessert,8,120,960,20,8,12,4,Food was cold,Negative,Bkash,Mirpur
2932,2025-01-22,Wednesday,1,1731,Noodles,Main Course,4,260,1040,24,4,20,5,Too salty,Negative,Cash,Dhanmondi
2933,2025-08-25,Monday,8,1471,Burger,Fast Food,4,250,1000,21,4,17,4,Excellent food and fast service,Positive,Cash,Dhanmondi
2934,2025-02-23,Sunday,2,1588,Sandwich,Fast Food,1,220,220,18,1,17,2,Loved the food,Positive,Nagad,Banani
2935,2025-12-25,Thursday,12,1407,Ice Cream,Dessert,3,120,360,18,3,15,3,Excellent food and fast service,Positive,Cash,Mirpur
2936,2025-10-24,Friday,10,1361,Fried Rice,Main Course,7,280,1960,26,7,19,3,Very tasty and fresh,Positive,Nagad,Banani
2937,2025-05-03,Saturday,5,1465,Coffee,Beverage,6,180,1080,24,6,18,3,Excellent food and fast service,Positive,Card,Uttara
2938,2025-05-19,Monday,5,1771,Pizza,Fast Food,4,550,2200,16,4,12,3,Food was cold,Negative,Cash,Dhanmondi
2939,2025-05-20,Tuesday,5,1168,Fried Rice,Main Course,1,280,280,20,1,19,5,Too salty,Negative,Bkash,Uttara
2940,2025-08-10,Sunday,8,1423,Juice,Beverage,4,150,600,19,4,15,5,Amazing quality,Positive,Cash,Mirpur
2941,2025-09-24,Wednesday,9,1689,Burger,Fast Food,4,250,1000,9,4,5,3,Nothing special,Neutral,Bkash,Banani
2942,2025-07-06,Sunday,7,1178,Noodles,Main Course,3,260,780,20,3,17,4,Bad experience,Negative,Card,Banani
2943,2025-05-02,Friday,5,1884,Sandwich,Fast Food,5,220,1100,12,5,7,5,Amazing quality,Positive,Nagad,Dhanmondi
2944,2025-02-15,Saturday,2,1077,Biryani,Main Course,3,320,960,14,3,11,4,It was okay,Neutral,Card,Mirpur
2945,2025-03-23,Sunday,3,1581,Juice,Beverage,2,150,300,10,2,8,3,Amazing quality,Positive,Bkash,Mirpur
2946,2025-07-21,Monday,7,1386,Coffee,Beverage,8,180,1440,21,8,13,4,Service was normal,Neutral,Card,Uttara
2947,2025-07-11,Friday,7,1533,Coffee,Beverage,5,180,900,19,5,14,2,Food was cold,Negative,Bkash,Dhanmondi
2948,2025-04-20,Sunday,4,1703,Juice,Beverage,8,150,1200,19,8,11,4,Excellent food and fast service,Positive,Card,Dhanmondi
2949,2025-04-16,Wednesday,4,1525,Noodles,Main Course,2,260,520,13,2,11,4,Highly recommended,Positive,Cash,Mirpur
2950,2025-09-12,Friday,9,1028,Pizza,Fast Food,5,550,2750,22,5,17,2,It was okay,Neutral,Bkash,Uttara
2951,2025-04-12,Saturday,4,1113,Fried Rice,Main Course,6,280,1680,19,6,13,3,Food was cold,Negative,Nagad,Uttara
2952,2025-10-05,Sunday,10,1493,Fried Rice,Main Course,7,280,1960,12,7,5,5,Amazing quality,Positive,Bkash,Banani
2953,2025-09-05,Friday,9,1445,Burger,Fast Food,1,250,250,19,1,18,2,Nothing special,Neutral,Card,Banani
2954,2025-07-13,Sunday,7,1705,Biryani,Main Course,6,320,1920,11,6,5,2,Highly recommended,Positive,Nagad,Uttara
2955,2025-02-18,Tuesday,2,1865,Sandwich,Fast Food,3,220,660,9,3,6,5,Amazing quality,Positive,Cash,Mirpur
2956,2025-02-22,Saturday,2,1396,Noodles,Main Course,7,260,1820,19,7,12,4,Very tasty and fresh,Positive,Bkash,Banani
2957,2025-05-12,Monday,5,1627,Ice Cream,Dessert,7,120,840,26,7,19,2,Amazing quality,Positive,Nagad,Dhanmondi
2958,2025-06-15,Sunday,6,1815,Fried Rice,Main Course,1,280,280,18,1,17,2,Service was normal,Neutral,Nagad,Dhanmondi
2959,2025-04-28,Monday,4,1722,Pasta,Main Course,3,350,1050,18,3,15,5,Food was cold,Negative,Cash,Dhanmondi
2960,2025-10-10,Friday,10,1145,Pizza,Fast Food,6,550,3300,14,6,8,5,Amazing quality,Positive,Nagad,Dhanmondi
2961,2025-08-25,Monday,8,1068,Pasta,Main Course,3,350,1050,11,3,8,3,Delivery was late,Negative,Nagad,Uttara
2962,2025-06-24,Tuesday,6,1433,Biryani,Main Course,7,320,2240,12,7,5,2,Excellent food and fast service,Positive,Nagad,Mirpur
2963,2025-05-22,Thursday,5,1237,Noodles,Main Course,1,260,260,10,1,9,3,Bad experience,Negative,Bkash,Uttara
2964,2025-09-15,Monday,9,1459,Pasta,Main Course,4,350,1400,11,4,7,3,Loved the food,Positive,Bkash,Dhanmondi
2965,2025-09-03,Wednesday,9,1790,Pasta,Main Course,6,350,2100,19,6,13,4,Very tasty and fresh,Positive,Cash,Dhanmondi
2966,2025-03-25,Tuesday,3,1154,Pizza,Fast Food,5,550,2750,11,5,6,3,Food was cold,Negative,Card,Dhanmondi
2967,2025-10-20,Monday,10,1954,Coffee,Beverage,6,180,1080,26,6,20,3,Excellent food and fast service,Positive,Bkash,Banani
2968,2025-02-21,Friday,2,1196,Sandwich,Fast Food,8,220,1760,15,8,7,2,Food was cold,Negative,Bkash,Banani
2969,2025-09-14,Sunday,9,1931,Sandwich,Fast Food,1,220,220,15,1,14,5,Loved the food,Positive,Cash,Mirpur
2970,2025-02-17,Monday,2,1604,Juice,Beverage,5,150,750,17,5,12,4,Acceptable,Neutral,Card,Uttara
2971,2025-08-18,Monday,8,1782,Juice,Beverage,5,150,750,13,5,8,5,Nothing special,Neutral,Nagad,Banani
2972,2025-12-08,Monday,12,1317,Juice,Beverage,1,150,150,6,1,5,4,Very tasty and fresh,Positive,Nagad,Uttara
2973,2025-02-10,Monday,2,1270,Sandwich,Fast Food,4,220,880,10,4,6,5,Very tasty and fresh,Positive,Nagad,Mirpur
2974,2025-09-13,Saturday,9,1555,Pasta,Main Course,6,350,2100,14,6,8,4,Service was normal,Neutral,Cash,Mirpur
2975,2025-12-25,Thursday,12,1396,Sandwich,Fast Food,4,220,880,12,4,8,2,Loved the food,Positive,Bkash,Mirpur
2976,2025-03-25,Tuesday,3,1912,Sandwich,Fast Food,1,220,220,20,1,19,4,Amazing quality,Positive,Bkash,Banani
2977,2025-07-31,Thursday,7,1484,Pizza,Fast Food,2,550,1100,10,2,8,5,Amazing quality,Positive,Bkash,Banani
2978,2025-07-05,Saturday,7,1524,Pasta,Main Course,6,350,2100,24,6,18,5,Very tasty and fresh,Positive,Card,Uttara
2979,2025-07-18,Friday,7,1965,Ice Cream,Dessert,4,120,480,18,4,14,2,Loved the food,Positive,Card,Dhanmondi
2980,2025-11-08,Saturday,11,1759,Noodles,Main Course,5,260,1300,22,5,17,5,Loved the food,Positive,Cash,Banani
2981,2025-07-14,Monday,7,1135,Ice Cream,Dessert,3,120,360,21,3,18,5,Amazing quality,Positive,Nagad,Dhanmondi
2982,2025-11-16,Sunday,11,1479,Sandwich,Fast Food,8,220,1760,27,8,19,2,Loved the food,Positive,Card,Banani
2983,2025-03-15,Saturday,3,1900,Juice,Beverage,4,150,600,24,4,20,5,Very tasty and fresh,Positive,Cash,Dhanmondi
2984,2025-01-29,Wednesday,1,1611,Sandwich,Fast Food,4,220,880,20,4,16,5,Amazing quality,Positive,Card,Uttara
2985,2025-12-05,Friday,12,1237,Burger,Fast Food,7,250,1750,17,7,10,3,Very tasty and fresh,Positive,Card,Dhanmondi
2986,2025-03-15,Saturday,3,1806,Fried Rice,Main Course,4,280,1120,17,4,13,5,Excellent food and fast service,Positive,Cash,Banani
2987,2025-10-17,Friday,10,1670,Pasta,Main Course,4,350,1400,9,4,5,3,Loved the food,Positive,Card,Mirpur
2988,2025-08-13,Wednesday,8,1312,Noodles,Main Course,7,260,1820,22,7,15,2,Acceptable,Neutral,Card,Mirpur
2989,2025-05-05,Monday,5,1259,Sandwich,Fast Food,1,220,220,7,1,6,4,Service was normal,Neutral,Bkash,Banani
2990,2025-06-24,Tuesday,6,1802,Fried Rice,Main Course,2,280,560,10,2,8,2,Bad experience,Negative,Bkash,Uttara
2991,2025-07-05,Saturday,7,1331,Coffee,Beverage,5,180,900,14,5,9,3,Excellent food and fast service,Positive,Nagad,Banani
2992,2025-06-04,Wednesday,6,1570,Biryani,Main Course,6,320,1920,21,6,15,5,Not worth the price,Negative,Nagad,Banani
2993,2025-01-15,Wednesday,1,1172,Biryani,Main Course,1,320,320,13,1,12,2,It was okay,Neutral,Card,Dhanmondi
2994,2025-09-04,Thursday,9,1944,Burger,Fast Food,2,250,500,17,2,15,3,Highly recommended,Positive,Card,Banani
2995,2025-10-17,Friday,10,1508,Noodles,Main Course,8,260,2080,18,8,10,3,Bad experience,Negative,Cash,Mirpur
2996,2025-03-22,Saturday,3,1485,Pasta,Main Course,6,350,2100,24,6,18,5,Excellent food and fast service,Positive,Bkash,Mirpur
2997,2025-02-28,Friday,2,1554,Juice,Beverage,1,150,150,13,1,12,2,Very tasty and fresh,Positive,Nagad,Dhanmondi
2998,2025-01-10,Friday,1,1319,Coffee,Beverage,2,180,360,8,2,6,4,Highly recommended,Positive,Cash,Uttara
2999,2025-01-11,Saturday,1,1369,Biryani,Main Course,3,320,960,8,3,5,4,Highly recommended,Positive,Bkash,Mirpur
3000,2025-02-04,Tuesday,2,1056,Juice,Beverage,5,150,750,25,5,20,4,Average taste,Neutral,Nagad,Banani
3001,2025-03-09,Sunday,3,1175,Sandwich,Fast Food,6,220,1320,11,6,5,5,Service was normal,Neutral,Nagad,Mirpur
3002,2025-05-22,Thursday,5,1056,Biryani,Main Course,1,320,320,13,1,12,5,Not worth the price,Negative,Bkash,Mirpur
3003,2025-10-05,Sunday,10,1519,Fried Rice,Main Course,4,280,1120,9,4,5,5,Loved the food,Positive,Card,Uttara
3004,2025-12-19,Friday,12,1436,Noodles,Main Course,4,260,1040,21,4,17,2,Excellent food and fast service,Positive,Cash,Mirpur
3005,2025-06-21,Saturday,6,1077,Sandwich,Fast Food,3,220,660,15,3,12,4,Highly recommended,Positive,Bkash,Dhanmondi
3006,2025-11-14,Friday,11,1579,Sandwich,Fast Food,1,220,220,9,1,8,5,Excellent food and fast service,Positive,Nagad,Banani
3007,2025-12-09,Tuesday,12,1133,Biryani,Main Course,1,320,320,10,1,9,2,Amazing quality,Positive,Cash,Uttara
3008,2025-10-09,Thursday,10,1992,Coffee,Beverage,3,180,540,15,3,12,5,Very tasty and fresh,Positive,Cash,Mirpur
3009,2025-10-22,Wednesday,10,1931,Fried Rice,Main Course,8,280,2240,23,8,15,2,Amazing quality,Positive,Bkash,Mirpur
3010,2025-06-15,Sunday,6,1661,Pizza,Fast Food,2,550,1100,20,2,18,5,Bad experience,Negative,Cash,Mirpur
3011,2025-11-04,Tuesday,11,1309,Biryani,Main Course,1,320,320,20,1,19,2,Highly recommended,Positive,Bkash,Uttara
3012,2025-06-03,Tuesday,6,1394,Noodles,Main Course,8,260,2080,20,8,12,3,Very tasty and fresh,Positive,Bkash,Dhanmondi
3013,2025-09-22,Monday,9,1975,Noodles,Main Course,4,260,1040,11,4,7,5,Amazing quality,Positive,Nagad,Uttara
3014,2025-11-27,Thursday,11,1304,Juice,Beverage,8,150,1200,28,8,20,3,Loved the food,Positive,Bkash,Uttara
3015,2025-11-19,Wednesday,11,1618,Coffee,Beverage,5,180,900,24,5,19,5,Very tasty and fresh,Positive,Bkash,Banani
3016,2025-02-26,Wednesday,2,1887,Coffee,Beverage,7,180,1260,21,7,14,2,Amazing quality,Positive,Card,Dhanmondi
3017,2025-04-26,Saturday,4,1595,Pasta,Main Course,1,350,350,15,1,14,5,Highly recommended,Positive,Cash,Dhanmondi
3018,2025-01-26,Sunday,1,1715,Ice Cream,Dessert,5,120,600,10,5,5,4,Nothing special,Neutral,Nagad,Uttara
3019,2025-09-02,Tuesday,9,1391,Juice,Beverage,3,150,450,17,3,14,3,Not worth the price,Negative,Card,Mirpur
3020,2025-05-14,Wednesday,5,1236,Ice Cream,Dessert,3,120,360,9,3,6,2,Amazing quality,Positive,Cash,Mirpur
3021,2025-11-19,Wednesday,11,1111,Burger,Fast Food,2,250,500,17,2,15,2,Very tasty and fresh,Positive,Nagad,Uttara
3022,2025-04-04,Friday,4,1431,Juice,Beverage,5,150,750,12,5,7,2,Loved the food,Positive,Cash,Dhanmondi
3023,2025-09-25,Thursday,9,1625,Pasta,Main Course,3,350,1050,15,3,12,4,Loved the food,Positive,Nagad,Mirpur
3024,2025-03-25,Tuesday,3,1933,Biryani,Main Course,4,320,1280,19,4,15,5,Nothing special,Neutral,Nagad,Dhanmondi
3025,2025-06-30,Monday,6,1759,Fried Rice,Main Course,1,280,280,11,1,10,4,Very tasty and fresh,Positive,Nagad,Uttara
3026,2025-07-26,Saturday,7,1619,Coffee,Beverage,1,180,180,7,1,6,2,It was okay,Neutral,Cash,Dhanmondi
3027,2025-08-10,Sunday,8,1308,Pasta,Main Course,8,350,2800,26,8,18,3,Loved the food,Positive,Nagad,Banani
3028,2025-05-08,Thursday,5,1731,Coffee,Beverage,6,180,1080,19,6,13,4,Average taste,Neutral,Card,Uttara
3029,2025-03-05,Wednesday,3,1752,Juice,Beverage,8,150,1200,17,8,9,5,Average taste,Neutral,Nagad,Mirpur
3030,2025-05-18,Sunday,5,1700,Ice Cream,Dessert,4,120,480,15,4,11,5,Very tasty and fresh,Positive,Cash,Mirpur
3031,2025-06-13,Friday,6,1571,Fried Rice,Main Course,3,280,840,19,3,16,3,Highly recommended,Positive,Bkash,Banani
3032,2025-04-12,Saturday,4,1238,Fried Rice,Main Course,2,280,560,14,2,12,4,Highly recommended,Positive,Bkash,Uttara
3033,2025-11-19,Wednesday,11,1317,Fried Rice,Main Course,1,280,280,11,1,10,2,Not worth the price,Negative,Card,Uttara
3034,2025-05-31,Saturday,5,1383,Sandwich,Fast Food,5,220,1100,10,5,5,3,Acceptable,Neutral,Nagad,Uttara
3035,2025-01-29,Wednesday,1,1409,Fried Rice,Main Course,4,280,1120,20,4,16,2,Excellent food and fast service,Positive,Card,Uttara
3036,2025-03-09,Sunday,3,1374,Coffee,Beverage,2,180,360,7,2,5,4,Excellent food and fast service,Positive,Bkash,Banani
3037,2025-01-28,Tuesday,1,1916,Ice Cream,Dessert,5,120,600,11,5,6,4,Very tasty and fresh,Positive,Bkash,Banani
3038,2025-06-06,Friday,6,1876,Pizza,Fast Food,2,550,1100,12,2,10,2,Loved the food,Positive,Card,Mirpur
3039,2025-04-30,Wednesday,4,1600,Noodles,Main Course,1,260,260,21,1,20,2,Average taste,Neutral,Card,Mirpur
3040,2025-01-11,Saturday,1,1953,Coffee,Beverage,4,180,720,18,4,14,2,Service was normal,Neutral,Nagad,Dhanmondi
3041,2025-06-20,Friday,6,1915,Sandwich,Fast Food,6,220,1320,22,6,16,5,Excellent food and fast service,Positive,Nagad,Uttara
3042,2025-03-30,Sunday,3,1860,Noodles,Main Course,3,260,780,16,3,13,5,Excellent food and fast service,Positive,Cash,Banani
3043,2025-03-10,Monday,3,1009,Pizza,Fast Food,6,550,3300,24,6,18,2,Very tasty and fresh,Positive,Nagad,Banani
3044,2025-02-07,Friday,2,1621,Coffee,Beverage,1,180,180,15,1,14,5,Loved the food,Positive,Bkash,Banani
3045,2025-11-01,Saturday,11,1709,Sandwich,Fast Food,8,220,1760,15,8,7,5,Very tasty and fresh,Positive,Cash,Dhanmondi
3046,2025-10-31,Friday,10,1783,Burger,Fast Food,2,250,500,8,2,6,5,Loved the food,Positive,Cash,Dhanmondi
3047,2025-04-21,Monday,4,1512,Ice Cream,Dessert,3,120,360,23,3,20,2,Bad experience,Negative,Card,Dhanmondi
3048,2025-05-24,Saturday,5,1535,Juice,Beverage,2,150,300,19,2,17,2,Bad experience,Negative,Nagad,Banani
3049,2025-12-29,Monday,12,1954,Noodles,Main Course,6,260,1560,13,6,7,5,Loved the food,Positive,Cash,Mirpur
3050,2025-11-18,Tuesday,11,1549,Burger,Fast Food,7,250,1750,22,7,15,3,Bad experience,Negative,Nagad,Banani
3051,2025-04-01,Tuesday,4,1731,Noodles,Main Course,1,260,260,6,1,5,5,Very tasty and fresh,Positive,Card,Dhanmondi
3052,2025-11-23,Sunday,11,1469,Noodles,Main Course,2,260,520,16,2,14,3,Very tasty and fresh,Positive,Bkash,Banani
3053,2025-05-25,Sunday,5,1982,Burger,Fast Food,8,250,2000,20,8,12,3,Average taste,Neutral,Cash,Banani
3054,2025-11-06,Thursday,11,2000,Sandwich,Fast Food,6,220,1320,14,6,8,4,Service was normal,Neutral,Card,Banani
3055,2025-08-25,Monday,8,1036,Pizza,Fast Food,5,550,2750,22,5,17,5,Amazing quality,Positive,Nagad,Banani
3056,2025-08-19,Tuesday,8,1086,Coffee,Beverage,2,180,360,17,2,15,5,Average taste,Neutral,Bkash,Mirpur
3057,2025-08-09,Saturday,8,1310,Burger,Fast Food,6,250,1500,22,6,16,3,Delivery was late,Negative,Cash,Dhanmondi
3058,2025-11-17,Monday,11,1137,Sandwich,Fast Food,4,220,880,13,4,9,4,Excellent food and fast service,Positive,Bkash,Banani
3059,2025-06-19,Thursday,6,1813,Fried Rice,Main Course,4,280,1120,24,4,20,3,Nothing special,Neutral,Cash,Uttara
3060,2025-02-20,Thursday,2,1859,Juice,Beverage,8,150,1200,28,8,20,5,Very tasty and fresh,Positive,Cash,Mirpur
3061,2025-05-25,Sunday,5,1147,Noodles,Main Course,8,260,2080,17,8,9,4,Excellent food and fast service,Positive,Cash,Uttara
3062,2025-07-11,Friday,7,1350,Pasta,Main Course,6,350,2100,21,6,15,4,Excellent food and fast service,Positive,Cash,Dhanmondi
3063,2025-12-07,Sunday,12,1242,Ice Cream,Dessert,4,120,480,24,4,20,5,Highly recommended,Positive,Card,Mirpur
3064,2025-07-13,Sunday,7,1254,Pizza,Fast Food,7,550,3850,18,7,11,3,Loved the food,Positive,Cash,Dhanmondi
3065,2025-01-16,Thursday,1,1629,Ice Cream,Dessert,2,120,240,16,2,14,4,Very tasty and fresh,Positive,Card,Dhanmondi
3066,2025-09-09,Tuesday,9,1984,Pasta,Main Course,2,350,700,21,2,19,5,Bad experience,Negative,Bkash,Mirpur
3067,2025-07-31,Thursday,7,1102,Juice,Beverage,3,150,450,23,3,20,5,Service was normal,Neutral,Card,Uttara
3068,2025-06-22,Sunday,6,1004,Biryani,Main Course,8,320,2560,23,8,15,3,Average taste,Neutral,Card,Uttara
3069,2025-01-20,Monday,1,1761,Biryani,Main Course,4,320,1280,18,4,14,5,Highly recommended,Positive,Nagad,Dhanmondi
3070,2025-04-05,Saturday,4,1845,Coffee,Beverage,2,180,360,18,2,16,4,Excellent food and fast service,Positive,Cash,Uttara
3071,2025-09-17,Wednesday,9,1044,Burger,Fast Food,6,250,1500,13,6,7,2,Highly recommended,Positive,Card,Uttara
3072,2025-10-24,Friday,10,1650,Biryani,Main Course,8,320,2560,22,8,14,2,Nothing special,Neutral,Nagad,Uttara
3073,2025-08-02,Saturday,8,1330,Pizza,Fast Food,6,550,3300,15,6,9,4,Amazing quality,Positive,Bkash,Mirpur
3074,2025-03-21,Friday,3,1710,Burger,Fast Food,3,250,750,13,3,10,3,Service was normal,Neutral,Bkash,Banani
3075,2025-04-08,Tuesday,4,1307,Pizza,Fast Food,4,550,2200,23,4,19,4,Excellent food and fast service,Positive,Cash,Uttara
3076,2025-02-07,Friday,2,1646,Pizza,Fast Food,1,550,550,10,1,9,2,Highly recommended,Positive,Bkash,Dhanmondi
3077,2025-11-06,Thursday,11,1270,Fried Rice,Main Course,7,280,1960,12,7,5,5,Excellent food and fast service,Positive,Cash,Dhanmondi
3078,2025-02-22,Saturday,2,1979,Ice Cream,Dessert,3,120,360,18,3,15,3,Not worth the price,Negative,Bkash,Banani
3079,2025-07-29,Tuesday,7,1225,Noodles,Main Course,4,260,1040,18,4,14,4,Excellent food and fast service,Positive,Cash,Mirpur
3080,2025-02-17,Monday,2,1648,Fried Rice,Main Course,2,280,560,10,2,8,2,Amazing quality,Positive,Bkash,Dhanmondi
3081,2025-06-25,Wednesday,6,1455,Pizza,Fast Food,4,550,2200,14,4,10,2,Excellent food and fast service,Positive,Bkash,Mirpur
3082,2025-08-19,Tuesday,8,1811,Burger,Fast Food,6,250,1500,24,6,18,2,Loved the food,Positive,Nagad,Banani
3083,2025-02-21,Friday,2,1107,Pasta,Main Course,8,350,2800,19,8,11,4,Very tasty and fresh,Positive,Bkash,Banani
3084,2025-05-20,Tuesday,5,1468,Coffee,Beverage,8,180,1440,17,8,9,4,Delivery was late,Negative,Nagad,Mirpur
3085,2025-01-28,Tuesday,1,1271,Sandwich,Fast Food,5,220,1100,10,5,5,4,Highly recommended,Positive,Nagad,Dhanmondi
3086,2025-11-06,Thursday,11,1765,Fried Rice,Main Course,4,280,1120,12,4,8,4,Nothing special,Neutral,Cash,Uttara
3087,2025-11-19,Wednesday,11,1017,Juice,Beverage,5,150,750,12,5,7,3,Highly recommended,Positive,Card,Banani
3088,2025-08-19,Tuesday,8,1046,Coffee,Beverage,4,180,720,11,4,7,4,Acceptable,Neutral,Nagad,Banani
3089,2025-05-04,Sunday,5,1617,Pizza,Fast Food,1,550,550,8,1,7,5,Amazing quality,Positive,Bkash,Mirpur
3090,2025-07-28,Monday,7,1397,Pizza,Fast Food,3,550,1650,18,3,15,4,Excellent food and fast service,Positive,Cash,Dhanmondi
3091,2025-05-24,Saturday,5,1897,Sandwich,Fast Food,5,220,1100,22,5,17,5,Loved the food,Positive,Bkash,Mirpur
3092,2025-09-22,Monday,9,1415,Pizza,Fast Food,8,550,4400,13,8,5,2,Delivery was late,Negative,Cash,Dhanmondi
3093,2025-08-22,Friday,8,1669,Sandwich,Fast Food,1,220,220,8,1,7,5,Very tasty and fresh,Positive,Bkash,Mirpur
3094,2025-11-01,Saturday,11,1113,Fried Rice,Main Course,4,280,1120,10,4,6,2,Excellent food and fast service,Positive,Nagad,Dhanmondi
3095,2025-10-21,Tuesday,10,1174,Juice,Beverage,1,150,150,7,1,6,2,Excellent food and fast service,Positive,Bkash,Mirpur
3096,2025-05-31,Saturday,5,1458,Pizza,Fast Food,6,550,3300,21,6,15,4,Not worth the price,Negative,Card,Uttara
3097,2025-04-30,Wednesday,4,1383,Noodles,Main Course,5,260,1300,23,5,18,3,Too salty,Negative,Card,Dhanmondi
3098,2025-09-03,Wednesday,9,1897,Burger,Fast Food,4,250,1000,16,4,12,2,Excellent food and fast service,Positive,Bkash,Uttara
3099,2025-07-16,Wednesday,7,1980,Juice,Beverage,6,150,900,17,6,11,5,Average taste,Neutral,Nagad,Uttara
3100,2025-02-23,Sunday,2,1279,Sandwich,Fast Food,4,220,880,18,4,14,5,It was okay,Neutral,Card,Uttara
3101,2025-10-14,Tuesday,10,1855,Coffee,Beverage,7,180,1260,22,7,15,3,Delivery was late,Negative,Nagad,Banani
3102,2025-10-11,Saturday,10,1280,Sandwich,Fast Food,2,220,440,15,2,13,3,It was okay,Neutral,Cash,Banani
3103,2025-11-08,Saturday,11,1372,Juice,Beverage,8,150,1200,14,8,6,2,Loved the food,Positive,Nagad,Uttara
3104,2025-06-13,Friday,6,1397,Sandwich,Fast Food,3,220,660,11,3,8,3,Food was cold,Negative,Bkash,Dhanmondi
3105,2025-07-21,Monday,7,1309,Ice Cream,Dessert,4,120,480,20,4,16,5,Nothing special,Neutral,Card,Banani
3106,2025-01-08,Wednesday,1,1867,Pizza,Fast Food,5,550,2750,20,5,15,3,Excellent food and fast service,Positive,Card,Mirpur
3107,2025-12-05,Friday,12,1407,Biryani,Main Course,8,320,2560,16,8,8,3,Nothing special,Neutral,Bkash,Mirpur
3108,2025-03-06,Thursday,3,1398,Ice Cream,Dessert,1,120,120,16,1,15,2,Very tasty and fresh,Positive,Cash,Dhanmondi
3109,2025-12-08,Monday,12,1434,Pizza,Fast Food,2,550,1100,8,2,6,2,Loved the food,Positive,Nagad,Dhanmondi
3110,2025-10-27,Monday,10,1641,Sandwich,Fast Food,4,220,880,17,4,13,2,Acceptable,Neutral,Card,Dhanmondi
3111,2025-04-29,Tuesday,4,1543,Burger,Fast Food,1,250,250,10,1,9,4,It was okay,Neutral,Nagad,Dhanmondi
3112,2025-12-15,Monday,12,1075,Noodles,Main Course,7,260,1820,27,7,20,2,Very tasty and fresh,Positive,Bkash,Mirpur
3113,2025-09-28,Sunday,9,1643,Pizza,Fast Food,8,550,4400,27,8,19,5,Delivery was late,Negative,Bkash,Mirpur
3114,2025-08-03,Sunday,8,1560,Pizza,Fast Food,3,550,1650,12,3,9,3,Bad experience,Negative,Card,Dhanmondi
3115,2025-07-30,Wednesday,7,1492,Fried Rice,Main Course,2,280,560,19,2,17,5,Food was cold,Negative,Cash,Uttara
3116,2025-01-15,Wednesday,1,1706,Biryani,Main Course,4,320,1280,22,4,18,5,Excellent food and fast service,Positive,Card,Banani
3117,2025-09-17,Wednesday,9,1444,Fried Rice,Main Course,6,280,1680,13,6,7,4,Highly recommended,Positive,Cash,Uttara
3118,2025-03-17,Monday,3,1143,Fried Rice,Main Course,2,280,560,14,2,12,3,Service was normal,Neutral,Nagad,Banani
3119,2025-02-22,Saturday,2,1619,Biryani,Main Course,7,320,2240,19,7,12,4,Loved the food,Positive,Card,Uttara
3120,2025-06-10,Tuesday,6,1285,Biryani,Main Course,7,320,2240,20,7,13,3,Amazing quality,Positive,Nagad,Banani
3121,2025-09-17,Wednesday,9,1226,Pizza,Fast Food,2,550,1100,9,2,7,2,Very tasty and fresh,Positive,Nagad,Mirpur
3122,2025-01-13,Monday,1,1087,Ice Cream,Dessert,1,120,120,16,1,15,4,Highly recommended,Positive,Bkash,Mirpur
3123,2025-11-01,Saturday,11,1490,Burger,Fast Food,7,250,1750,17,7,10,2,Acceptable,Neutral,Card,Mirpur
3124,2025-10-23,Thursday,10,1977,Pizza,Fast Food,3,550,1650,8,3,5,5,Service was normal,Neutral,Card,Banani
3125,2025-03-28,Friday,3,1404,Pizza,Fast Food,7,550,3850,17,7,10,2,Not worth the price,Negative,Card,Uttara
3126,2025-04-08,Tuesday,4,1179,Coffee,Beverage,5,180,900,12,5,7,4,Excellent food and fast service,Positive,Bkash,Banani
3127,2025-08-28,Thursday,8,2000,Fried Rice,Main Course,8,280,2240,19,8,11,5,Service was normal,Neutral,Bkash,Mirpur
3128,2025-02-04,Tuesday,2,1698,Ice Cream,Dessert,3,120,360,16,3,13,2,Service was normal,Neutral,Cash,Dhanmondi
3129,2025-09-03,Wednesday,9,1435,Fried Rice,Main Course,7,280,1960,26,7,19,3,Amazing quality,Positive,Bkash,Banani
3130,2025-12-01,Monday,12,1970,Sandwich,Fast Food,7,220,1540,15,7,8,4,Loved the food,Positive,Card,Uttara
3131,2025-04-17,Thursday,4,1032,Burger,Fast Food,1,250,250,7,1,6,3,Very tasty and fresh,Positive,Card,Mirpur
3132,2025-11-23,Sunday,11,1818,Noodles,Main Course,3,260,780,22,3,19,2,Very tasty and fresh,Positive,Cash,Banani
3133,2025-12-16,Tuesday,12,1235,Noodles,Main Course,4,260,1040,11,4,7,5,Highly recommended,Positive,Bkash,Mirpur
3134,2025-10-06,Monday,10,1006,Coffee,Beverage,3,180,540,13,3,10,2,Very tasty and fresh,Positive,Nagad,Dhanmondi
3135,2025-10-09,Thursday,10,1447,Pasta,Main Course,3,350,1050,23,3,20,3,Excellent food and fast service,Positive,Nagad,Banani
3136,2025-04-18,Friday,4,1361,Juice,Beverage,6,150,900,13,6,7,4,Loved the food,Positive,Cash,Dhanmondi
3137,2025-01-10,Friday,1,1310,Coffee,Beverage,2,180,360,8,2,6,4,Amazing quality,Positive,Card,Uttara
3138,2025-08-08,Friday,8,1010,Biryani,Main Course,4,320,1280,10,4,6,5,Highly recommended,Positive,Card,Uttara
3139,2025-05-04,Sunday,5,1236,Coffee,Beverage,1,180,180,10,1,9,2,Acceptable,Neutral,Card,Mirpur
3140,2025-12-16,Tuesday,12,1826,Biryani,Main Course,5,320,1600,16,5,11,3,Too salty,Negative,Cash,Banani
3141,2025-10-21,Tuesday,10,1226,Biryani,Main Course,1,320,320,9,1,8,2,Not worth the price,Negative,Nagad,Banani
3142,2025-11-10,Monday,11,1878,Juice,Beverage,8,150,1200,22,8,14,2,Very tasty and fresh,Positive,Bkash,Mirpur
3143,2025-05-23,Friday,5,1400,Pasta,Main Course,2,350,700,7,2,5,4,Highly recommended,Positive,Nagad,Dhanmondi
3144,2025-01-16,Thursday,1,1565,Noodles,Main Course,5,260,1300,19,5,14,2,Service was normal,Neutral,Cash,Mirpur
3145,2025-12-02,Tuesday,12,1968,Pizza,Fast Food,8,550,4400,26,8,18,5,Amazing quality,Positive,Card,Dhanmondi
3146,2025-10-28,Tuesday,10,1325,Biryani,Main Course,5,320,1600,13,5,8,2,Excellent food and fast service,Positive,Nagad,Banani
3147,2025-02-20,Thursday,2,1381,Fried Rice,Main Course,2,280,560,17,2,15,3,Too salty,Negative,Card,Uttara
3148,2025-03-10,Monday,3,1197,Noodles,Main Course,1,260,260,16,1,15,5,Amazing quality,Positive,Nagad,Mirpur
3149,2025-05-01,Thursday,5,1508,Coffee,Beverage,5,180,900,11,5,6,5,Too salty,Negative,Card,Mirpur
3150,2025-12-13,Saturday,12,1118,Fried Rice,Main Course,6,280,1680,12,6,6,4,Average taste,Neutral,Card,Mirpur
3151,2025-06-13,Friday,6,1565,Noodles,Main Course,7,260,1820,17,7,10,3,Amazing quality,Positive,Nagad,Dhanmondi
3152,2025-04-24,Thursday,4,1992,Pizza,Fast Food,8,550,4400,21,8,13,3,Excellent food and fast service,Positive,Cash,Mirpur
3153,2025-07-03,Thursday,7,1442,Noodles,Main Course,1,260,260,21,1,20,2,Amazing quality,Positive,Bkash,Uttara
3154,2025-04-02,Wednesday,4,1982,Ice Cream,Dessert,4,120,480,20,4,16,4,Too salty,Negative,Bkash,Uttara
3155,2025-01-24,Friday,1,1507,Coffee,Beverage,6,180,1080,24,6,18,2,Highly recommended,Positive,Cash,Uttara
3156,2025-08-18,Monday,8,1478,Ice Cream,Dessert,4,120,480,9,4,5,5,Service was normal,Neutral,Card,Banani
3157,2025-05-09,Friday,5,1562,Coffee,Beverage,2,180,360,9,2,7,4,Food was cold,Negative,Nagad,Dhanmondi
3158,2025-02-25,Tuesday,2,1206,Coffee,Beverage,3,180,540,13,3,10,5,Very tasty and fresh,Positive,Nagad,Dhanmondi
3159,2025-01-04,Saturday,1,1133,Noodles,Main Course,4,260,1040,17,4,13,3,Excellent food and fast service,Positive,Cash,Banani
3160,2025-05-24,Saturday,5,1618,Juice,Beverage,2,150,300,10,2,8,5,Acceptable,Neutral,Card,Banani
3161,2025-02-23,Sunday,2,1216,Coffee,Beverage,7,180,1260,13,7,6,5,Delivery was late,Negative,Bkash,Uttara
3162,2025-09-20,Saturday,9,1794,Coffee,Beverage,7,180,1260,15,7,8,3,Loved the food,Positive,Nagad,Banani
3163,2025-12-23,Tuesday,12,1242,Fried Rice,Main Course,1,280,280,6,1,5,5,Nothing special,Neutral,Bkash,Mirpur
3164,2025-05-22,Thursday,5,1283,Coffee,Beverage,8,180,1440,21,8,13,2,Too salty,Negative,Cash,Banani
3165,2025-07-26,Saturday,7,1291,Ice Cream,Dessert,3,120,360,21,3,18,3,Loved the food,Positive,Bkash,Banani
3166,2025-07-01,Tuesday,7,1255,Ice Cream,Dessert,2,120,240,19,2,17,4,Loved the food,Positive,Card,Mirpur
3167,2025-11-17,Monday,11,1989,Ice Cream,Dessert,1,120,120,20,1,19,5,Bad experience,Negative,Bkash,Mirpur
3168,2025-08-19,Tuesday,8,1073,Noodles,Main Course,4,260,1040,24,4,20,5,Amazing quality,Positive,Nagad,Mirpur
3169,2025-04-22,Tuesday,4,1058,Pasta,Main Course,1,350,350,21,1,20,5,Delivery was late,Negative,Cash,Banani
3170,2025-08-27,Wednesday,8,1657,Juice,Beverage,2,150,300,13,2,11,2,Excellent food and fast service,Positive,Nagad,Uttara
3171,2025-07-18,Friday,7,1329,Ice Cream,Dessert,3,120,360,12,3,9,4,Amazing quality,Positive,Cash,Uttara
3172,2025-04-07,Monday,4,1698,Juice,Beverage,6,150,900,15,6,9,2,Too salty,Negative,Card,Uttara
3173,2025-02-14,Friday,2,1243,Biryani,Main Course,7,320,2240,22,7,15,4,Highly recommended,Positive,Bkash,Dhanmondi
3174,2025-05-26,Monday,5,1192,Ice Cream,Dessert,8,120,960,17,8,9,3,Excellent food and fast service,Positive,Card,Uttara
3175,2025-05-18,Sunday,5,1337,Sandwich,Fast Food,8,220,1760,15,8,7,2,Amazing quality,Positive,Card,Mirpur
3176,2025-06-10,Tuesday,6,1935,Coffee,Beverage,6,180,1080,25,6,19,3,Food was cold,Negative,Cash,Dhanmondi
3177,2025-07-30,Wednesday,7,1997,Pizza,Fast Food,8,550,4400,21,8,13,4,Highly recommended,Positive,Bkash,Mirpur
3178,2025-10-16,Thursday,10,1110,Pasta,Main Course,8,350,2800,25,8,17,3,Very tasty and fresh,Positive,Cash,Uttara
3179,2025-09-02,Tuesday,9,1105,Burger,Fast Food,7,250,1750,22,7,15,3,Highly recommended,Positive,Card,Uttara
3180,2025-10-05,Sunday,10,1429,Fried Rice,Main Course,1,280,280,17,1,16,4,Loved the food,Positive,Card,Dhanmondi
3181,2025-05-12,Monday,5,1594,Coffee,Beverage,6,180,1080,21,6,15,4,Too salty,Negative,Cash,Uttara
3182,2025-07-28,Monday,7,1498,Fried Rice,Main Course,6,280,1680,24,6,18,4,Highly recommended,Positive,Card,Uttara
3183,2025-11-27,Thursday,11,1590,Biryani,Main Course,8,320,2560,26,8,18,2,Delivery was late,Negative,Bkash,Banani
3184,2025-01-19,Sunday,1,1738,Burger,Fast Food,3,250,750,15,3,12,3,Highly recommended,Positive,Nagad,Dhanmondi
3185,2025-04-05,Saturday,4,1971,Biryani,Main Course,3,320,960,9,3,6,4,Loved the food,Positive,Cash,Banani
3186,2025-02-23,Sunday,2,1024,Sandwich,Fast Food,1,220,220,19,1,18,2,Nothing special,Neutral,Bkash,Dhanmondi
3187,2025-03-30,Sunday,3,1258,Burger,Fast Food,1,250,250,12,1,11,4,Very tasty and fresh,Positive,Cash,Banani
3188,2025-08-12,Tuesday,8,1186,Ice Cream,Dessert,8,120,960,18,8,10,2,Not worth the price,Negative,Card,Uttara
3189,2025-12-18,Thursday,12,1801,Fried Rice,Main Course,2,280,560,12,2,10,3,Highly recommended,Positive,Cash,Dhanmondi
3190,2025-06-22,Sunday,6,1941,Fried Rice,Main Course,1,280,280,21,1,20,5,Very tasty and fresh,Positive,Cash,Dhanmondi
3191,2025-10-14,Tuesday,10,1766,Biryani,Main Course,3,320,960,15,3,12,4,Nothing special,Neutral,Card,Banani
3192,2025-01-28,Tuesday,1,1548,Coffee,Beverage,5,180,900,20,5,15,5,Amazing quality,Positive,Card,Uttara
3193,2025-02-01,Saturday,2,1850,Juice,Beverage,4,150,600,13,4,9,2,Amazing quality,Positive,Cash,Uttara
3194,2025-08-04,Monday,8,1374,Ice Cream,Dessert,1,120,120,15,1,14,4,Highly recommended,Positive,Card,Mirpur
3195,2025-09-09,Tuesday,9,1662,Juice,Beverage,1,150,150,19,1,18,5,Food was cold,Negative,Bkash,Banani
3196,2025-03-21,Friday,3,1463,Pasta,Main Course,6,350,2100,16,6,10,5,Very tasty and fresh,Positive,Bkash,Banani
3197,2025-09-11,Thursday,9,1279,Noodles,Main Course,5,260,1300,10,5,5,5,Amazing quality,Positive,Bkash,Banani
3198,2025-08-28,Thursday,8,1526,Sandwich,Fast Food,1,220,220,19,1,18,5,Amazing quality,Positive,Card,Mirpur
3199,2025-03-21,Friday,3,1915,Juice,Beverage,1,150,150,10,1,9,5,Very tasty and fresh,Positive,Cash,Banani
3200,2025-05-12,Monday,5,1886,Pizza,Fast Food,8,550,4400,13,8,5,5,Very tasty and fresh,Positive,Cash,Banani
3201,2025-01-18,Saturday,1,1813,Coffee,Beverage,7,180,1260,24,7,17,3,Excellent food and fast service,Positive,Cash,Banani
3202,2025-07-13,Sunday,7,1477,Pasta,Main Course,8,350,2800,24,8,16,3,It was okay,Neutral,Cash,Uttara
3203,2025-05-15,Thursday,5,1085,Biryani,Main Course,6,320,1920,18,6,12,5,Too salty,Negative,Cash,Dhanmondi
3204,2025-10-23,Thursday,10,1450,Ice Cream,Dessert,2,120,240,15,2,13,2,Amazing quality,Positive,Cash,Banani
3205,2025-01-01,Wednesday,1,1375,Noodles,Main Course,7,260,1820,27,7,20,3,Food was cold,Negative,Cash,Banani
3206,2025-08-28,Thursday,8,1291,Pizza,Fast Food,1,550,550,21,1,20,3,Food was cold,Negative,Card,Banani
3207,2025-10-08,Wednesday,10,1716,Ice Cream,Dessert,6,120,720,25,6,19,3,Highly recommended,Positive,Bkash,Banani
3208,2025-02-12,Wednesday,2,1947,Burger,Fast Food,6,250,1500,13,6,7,2,Amazing quality,Positive,Cash,Banani
3209,2025-01-27,Monday,1,1012,Pizza,Fast Food,8,550,4400,24,8,16,4,Very tasty and fresh,Positive,Cash,Uttara
3210,2025-06-28,Saturday,6,1720,Pasta,Main Course,8,350,2800,18,8,10,3,It was okay,Neutral,Cash,Dhanmondi
3211,2025-01-07,Tuesday,1,1484,Biryani,Main Course,8,320,2560,24,8,16,4,Bad experience,Negative,Nagad,Mirpur
3212,2025-11-24,Monday,11,1766,Fried Rice,Main Course,7,280,1960,22,7,15,4,Highly recommended,Positive,Bkash,Uttara
3213,2025-06-27,Friday,6,1057,Biryani,Main Course,7,320,2240,20,7,13,4,It was okay,Neutral,Cash,Banani
3214,2025-05-26,Monday,5,1963,Pizza,Fast Food,6,550,3300,17,6,11,4,Excellent food and fast service,Positive,Cash,Uttara
3215,2025-05-03,Saturday,5,1759,Sandwich,Fast Food,4,220,880,23,4,19,5,Nothing special,Neutral,Nagad,Dhanmondi
3216,2025-12-13,Saturday,12,1827,Juice,Beverage,1,150,150,16,1,15,5,Excellent food and fast service,Positive,Bkash,Dhanmondi
3217,2025-07-05,Saturday,7,1281,Noodles,Main Course,5,260,1300,22,5,17,4,Excellent food and fast service,Positive,Cash,Dhanmondi
3218,2025-04-19,Saturday,4,1690,Coffee,Beverage,7,180,1260,17,7,10,4,Excellent food and fast service,Positive,Nagad,Mirpur
3219,2025-05-16,Friday,5,1382,Coffee,Beverage,1,180,180,19,1,18,3,Loved the food,Positive,Bkash,Uttara
3220,2025-08-14,Thursday,8,1708,Ice Cream,Dessert,2,120,240,10,2,8,2,Food was cold,Negative,Bkash,Dhanmondi
3221,2025-10-01,Wednesday,10,1567,Pasta,Main Course,7,350,2450,25,7,18,4,Bad experience,Negative,Card,Uttara
3222,2025-02-09,Sunday,2,1053,Fried Rice,Main Course,6,280,1680,24,6,18,5,Very tasty and fresh,Positive,Card,Mirpur
3223,2025-12-21,Sunday,12,1672,Noodles,Main Course,1,260,260,7,1,6,5,Delivery was late,Negative,Bkash,Uttara
3224,2025-06-27,Friday,6,1303,Ice Cream,Dessert,8,120,960,17,8,9,3,Loved the food,Positive,Nagad,Dhanmondi
3225,2025-11-09,Sunday,11,1623,Biryani,Main Course,2,320,640,16,2,14,4,Loved the food,Positive,Nagad,Mirpur
3226,2025-07-17,Thursday,7,1981,Burger,Fast Food,5,250,1250,15,5,10,2,Highly recommended,Positive,Nagad,Mirpur
3227,2025-12-16,Tuesday,12,1469,Sandwich,Fast Food,3,220,660,10,3,7,3,Excellent food and fast service,Positive,Nagad,Mirpur
3228,2025-10-02,Thursday,10,1852,Burger,Fast Food,5,250,1250,21,5,16,3,Bad experience,Negative,Nagad,Banani
3229,2025-08-08,Friday,8,1300,Ice Cream,Dessert,8,120,960,27,8,19,4,Too salty,Negative,Bkash,Mirpur
3230,2025-08-20,Wednesday,8,1940,Pasta,Main Course,2,350,700,14,2,12,3,Excellent food and fast service,Positive,Card,Banani
3231,2025-01-02,Thursday,1,1679,Coffee,Beverage,7,180,1260,17,7,10,2,Service was normal,Neutral,Card,Mirpur
3232,2025-07-12,Saturday,7,1861,Fried Rice,Main Course,1,280,280,9,1,8,4,Loved the food,Positive,Bkash,Banani
3233,2025-11-06,Thursday,11,1368,Fried Rice,Main Course,7,280,1960,23,7,16,5,Excellent food and fast service,Positive,Nagad,Uttara
3234,2025-12-28,Sunday,12,1028,Biryani,Main Course,4,320,1280,10,4,6,5,Not worth the price,Negative,Bkash,Mirpur
3235,2025-09-23,Tuesday,9,1134,Burger,Fast Food,6,250,1500,18,6,12,3,Excellent food and fast service,Positive,Nagad,Mirpur
3236,2025-05-04,Sunday,5,1827,Fried Rice,Main Course,1,280,280,12,1,11,5,Delivery was late,Negative,Cash,Banani
3237,2025-11-22,Saturday,11,1428,Biryani,Main Course,5,320,1600,19,5,14,3,Loved the food,Positive,Cash,Dhanmondi
3238,2025-03-08,Saturday,3,1570,Pizza,Fast Food,4,550,2200,9,4,5,5,Very tasty and fresh,Positive,Cash,Banani
3239,2025-08-02,Saturday,8,1339,Pizza,Fast Food,6,550,3300,20,6,14,5,Amazing quality,Positive,Nagad,Uttara
3240,2025-07-01,Tuesday,7,1169,Juice,Beverage,6,150,900,20,6,14,3,Excellent food and fast service,Positive,Bkash,Uttara
3241,2025-02-08,Saturday,2,1854,Biryani,Main Course,7,320,2240,25,7,18,4,Loved the food,Positive,Nagad,Mirpur
3242,2025-03-31,Monday,3,1336,Noodles,Main Course,3,260,780,17,3,14,3,Excellent food and fast service,Positive,Cash,Uttara
3243,2025-02-10,Monday,2,1214,Fried Rice,Main Course,3,280,840,22,3,19,3,Very tasty and fresh,Positive,Cash,Uttara
3244,2025-08-10,Sunday,8,1951,Juice,Beverage,7,150,1050,21,7,14,5,Highly recommended,Positive,Nagad,Uttara
3245,2025-08-07,Thursday,8,1473,Noodles,Main Course,6,260,1560,16,6,10,5,Amazing quality,Positive,Cash,Uttara
3246,2025-03-18,Tuesday,3,1448,Burger,Fast Food,8,250,2000,27,8,19,2,Loved the food,Positive,Cash,Banani
3247,2025-04-04,Friday,4,1832,Noodles,Main Course,4,260,1040,16,4,12,4,Loved the food,Positive,Nagad,Uttara
3248,2025-06-25,Wednesday,6,1879,Juice,Beverage,3,150,450,14,3,11,5,Delivery was late,Negative,Nagad,Dhanmondi
3249,2025-01-29,Wednesday,1,1722,Pasta,Main Course,6,350,2100,17,6,11,5,Loved the food,Positive,Card,Dhanmondi
3250,2025-03-06,Thursday,3,1835,Sandwich,Fast Food,4,220,880,13,4,9,5,Loved the food,Positive,Cash,Mirpur
3251,2025-12-30,Tuesday,12,1339,Biryani,Main Course,5,320,1600,11,5,6,4,It was okay,Neutral,Bkash,Mirpur
3252,2025-07-30,Wednesday,7,1664,Noodles,Main Course,4,260,1040,23,4,19,2,Not worth the price,Negative,Bkash,Dhanmondi
3253,2025-02-23,Sunday,2,1431,Juice,Beverage,8,150,1200,15,8,7,4,Amazing quality,Positive,Nagad,Banani
3254,2025-04-30,Wednesday,4,1304,Noodles,Main Course,7,260,1820,22,7,15,4,Excellent food and fast service,Positive,Bkash,Banani
3255,2025-09-13,Saturday,9,1868,Fried Rice,Main Course,4,280,1120,14,4,10,2,Acceptable,Neutral,Card,Mirpur
3256,2025-10-06,Monday,10,1029,Ice Cream,Dessert,6,120,720,22,6,16,2,Highly recommended,Positive,Nagad,Uttara
3257,2025-05-03,Saturday,5,1693,Ice Cream,Dessert,5,120,600,20,5,15,4,Amazing quality,Positive,Card,Banani
3258,2025-05-21,Wednesday,5,1608,Burger,Fast Food,8,250,2000,26,8,18,4,Amazing quality,Positive,Card,Dhanmondi
3259,2025-02-13,Thursday,2,1589,Biryani,Main Course,1,320,320,13,1,12,2,Delivery was late,Negative,Cash,Uttara
3260,2025-09-16,Tuesday,9,1253,Sandwich,Fast Food,2,220,440,19,2,17,4,Very tasty and fresh,Positive,Nagad,Dhanmondi
3261,2025-06-14,Saturday,6,1969,Noodles,Main Course,2,260,520,8,2,6,2,Excellent food and fast service,Positive,Bkash,Uttara
3262,2025-04-16,Wednesday,4,1021,Sandwich,Fast Food,5,220,1100,16,5,11,3,Highly recommended,Positive,Nagad,Banani
3263,2025-03-26,Wednesday,3,1374,Noodles,Main Course,8,260,2080,15,8,7,5,Not worth the price,Negative,Bkash,Banani
3264,2025-12-23,Tuesday,12,1581,Ice Cream,Dessert,5,120,600,21,5,16,4,Too salty,Negative,Bkash,Mirpur
3265,2025-01-14,Tuesday,1,1137,Coffee,Beverage,6,180,1080,18,6,12,2,Nothing special,Neutral,Nagad,Dhanmondi
3266,2025-06-03,Tuesday,6,1229,Noodles,Main Course,6,260,1560,20,6,14,4,Bad experience,Negative,Card,Mirpur
3267,2025-03-09,Sunday,3,1660,Coffee,Beverage,3,180,540,9,3,6,3,Bad experience,Negative,Cash,Banani
3268,2025-11-29,Saturday,11,1094,Coffee,Beverage,2,180,360,9,2,7,4,It was okay,Neutral,Bkash,Banani
3269,2025-06-01,Sunday,6,1041,Pasta,Main Course,6,350,2100,15,6,9,3,Very tasty and fresh,Positive,Nagad,Banani
3270,2025-11-15,Saturday,11,1144,Pasta,Main Course,8,350,2800,19,8,11,4,Amazing quality,Positive,Cash,Uttara
3271,2025-07-05,Saturday,7,1899,Fried Rice,Main Course,3,280,840,10,3,7,4,Service was normal,Neutral,Cash,Uttara
3272,2025-10-26,Sunday,10,1589,Fried Rice,Main Course,7,280,1960,19,7,12,4,Excellent food and fast service,Positive,Cash,Uttara
3273,2025-02-15,Saturday,2,1362,Noodles,Main Course,1,260,260,17,1,16,5,It was okay,Neutral,Bkash,Dhanmondi
3274,2025-12-29,Monday,12,1090,Burger,Fast Food,5,250,1250,25,5,20,3,Service was normal,Neutral,Card,Uttara
3275,2025-06-16,Monday,6,1089,Pasta,Main Course,7,350,2450,12,7,5,2,Amazing quality,Positive,Card,Mirpur
3276,2025-04-30,Wednesday,4,1615,Pasta,Main Course,6,350,2100,26,6,20,5,Very tasty and fresh,Positive,Card,Banani
3277,2025-08-07,Thursday,8,1297,Noodles,Main Course,7,260,1820,14,7,7,3,Very tasty and fresh,Positive,Cash,Dhanmondi
3278,2025-03-19,Wednesday,3,1514,Burger,Fast Food,3,250,750,10,3,7,2,Delivery was late,Negative,Card,Dhanmondi
3279,2025-02-17,Monday,2,1973,Pasta,Main Course,5,350,1750,11,5,6,2,Amazing quality,Positive,Cash,Banani
3280,2025-12-13,Saturday,12,1844,Juice,Beverage,5,150,750,21,5,16,2,Excellent food and fast service,Positive,Cash,Uttara
3281,2025-02-05,Wednesday,2,1744,Fried Rice,Main Course,4,280,1120,19,4,15,3,Amazing quality,Positive,Cash,Banani
3282,2025-03-19,Wednesday,3,1997,Fried Rice,Main Course,7,280,1960,24,7,17,2,Loved the food,Positive,Nagad,Dhanmondi
3283,2025-01-06,Monday,1,1297,Fried Rice,Main Course,2,280,560,10,2,8,2,Not worth the price,Negative,Bkash,Dhanmondi
3284,2025-02-27,Thursday,2,1278,Fried Rice,Main Course,4,280,1120,14,4,10,4,Very tasty and fresh,Positive,Bkash,Banani
3285,2025-01-15,Wednesday,1,1788,Sandwich,Fast Food,2,220,440,15,2,13,5,Not worth the price,Negative,Bkash,Dhanmondi
3286,2025-09-11,Thursday,9,1155,Sandwich,Fast Food,6,220,1320,15,6,9,3,Highly recommended,Positive,Cash,Banani
3287,2025-04-17,Thursday,4,1982,Pizza,Fast Food,7,550,3850,12,7,5,2,Not worth the price,Negative,Cash,Dhanmondi
3288,2025-06-11,Wednesday,6,1626,Sandwich,Fast Food,1,220,220,12,1,11,5,Acceptable,Neutral,Card,Dhanmondi
3289,2025-08-06,Wednesday,8,1622,Juice,Beverage,8,150,1200,13,8,5,4,Amazing quality,Positive,Nagad,Banani
3290,2025-07-23,Wednesday,7,1223,Ice Cream,Dessert,4,120,480,13,4,9,5,Delivery was late,Negative,Cash,Dhanmondi
3291,2025-09-10,Wednesday,9,1507,Pizza,Fast Food,6,550,3300,11,6,5,2,Acceptable,Neutral,Bkash,Dhanmondi
3292,2025-10-14,Tuesday,10,1220,Juice,Beverage,4,150,600,16,4,12,2,Loved the food,Positive,Nagad,Mirpur
3293,2025-10-01,Wednesday,10,1710,Sandwich,Fast Food,5,220,1100,19,5,14,3,Bad experience,Negative,Card,Uttara
3294,2025-08-28,Thursday,8,1871,Coffee,Beverage,1,180,180,21,1,20,4,Amazing quality,Positive,Card,Mirpur
3295,2025-10-09,Thursday,10,1216,Coffee,Beverage,5,180,900,21,5,16,2,Excellent food and fast service,Positive,Nagad,Dhanmondi
3296,2025-04-20,Sunday,4,1574,Pasta,Main Course,3,350,1050,15,3,12,3,Amazing quality,Positive,Nagad,Uttara
3297,2025-07-22,Tuesday,7,1017,Ice Cream,Dessert,4,120,480,13,4,9,2,Bad experience,Negative,Bkash,Uttara
3298,2025-07-30,Wednesday,7,1431,Pasta,Main Course,8,350,2800,24,8,16,4,Highly recommended,Positive,Nagad,Banani
3299,2025-12-31,Wednesday,12,1133,Pasta,Main Course,2,350,700,19,2,17,2,Excellent food and fast service,Positive,Nagad,Uttara
3300,2025-02-24,Monday,2,1452,Sandwich,Fast Food,6,220,1320,22,6,16,5,Bad experience,Negative,Nagad,Dhanmondi
3301,2025-03-04,Tuesday,3,1113,Pasta,Main Course,6,350,2100,20,6,14,4,Excellent food and fast service,Positive,Bkash,Dhanmondi
3302,2025-07-09,Wednesday,7,1719,Sandwich,Fast Food,3,220,660,11,3,8,5,It was okay,Neutral,Cash,Dhanmondi
3303,2025-08-01,Friday,8,1939,Noodles,Main Course,7,260,1820,15,7,8,2,Highly recommended,Positive,Card,Banani
3304,2025-02-08,Saturday,2,1801,Pizza,Fast Food,3,550,1650,20,3,17,4,Average taste,Neutral,Bkash,Mirpur
3305,2025-12-30,Tuesday,12,1759,Pasta,Main Course,7,350,2450,23,7,16,5,Delivery was late,Negative,Card,Banani
3306,2025-09-17,Wednesday,9,1826,Pasta,Main Course,4,350,1400,24,4,20,2,Loved the food,Positive,Card,Mirpur
3307,2025-12-13,Saturday,12,1362,Pasta,Main Course,6,350,2100,19,6,13,5,Bad experience,Negative,Nagad,Dhanmondi
3308,2025-01-05,Sunday,1,1658,Fried Rice,Main Course,1,280,280,8,1,7,3,Highly recommended,Positive,Card,Banani
3309,2025-03-18,Tuesday,3,1707,Fried Rice,Main Course,7,280,1960,27,7,20,2,Delivery was late,Negative,Nagad,Uttara
3310,2025-07-19,Saturday,7,1964,Noodles,Main Course,4,260,1040,20,4,16,4,Average taste,Neutral,Nagad,Dhanmondi
3311,2025-10-27,Monday,10,1587,Fried Rice,Main Course,5,280,1400,10,5,5,2,Acceptable,Neutral,Nagad,Mirpur
3312,2025-01-17,Friday,1,1876,Noodles,Main Course,2,260,520,9,2,7,2,Loved the food,Positive,Card,Mirpur
3313,2025-09-28,Sunday,9,1832,Pasta,Main Course,5,350,1750,16,5,11,5,Not worth the price,Negative,Cash,Dhanmondi
3314,2025-12-20,Saturday,12,1729,Juice,Beverage,3,150,450,23,3,20,4,Too salty,Negative,Cash,Mirpur
3315,2025-04-03,Thursday,4,1438,Ice Cream,Dessert,6,120,720,19,6,13,4,Highly recommended,Positive,Bkash,Uttara
3316,2025-02-13,Thursday,2,1172,Sandwich,Fast Food,6,220,1320,24,6,18,2,Loved the food,Positive,Cash,Dhanmondi
3317,2025-08-01,Friday,8,1593,Pizza,Fast Food,8,550,4400,19,8,11,4,Highly recommended,Positive,Bkash,Uttara
3318,2025-04-30,Wednesday,4,1233,Coffee,Beverage,2,180,360,20,2,18,3,Acceptable,Neutral,Nagad,Mirpur
3319,2025-09-21,Sunday,9,1054,Ice Cream,Dessert,8,120,960,15,8,7,2,Average taste,Neutral,Nagad,Dhanmondi
3320,2025-08-27,Wednesday,8,1290,Noodles,Main Course,2,260,520,11,2,9,4,Acceptable,Neutral,Nagad,Banani
3321,2025-02-08,Saturday,2,1308,Fried Rice,Main Course,1,280,280,14,1,13,4,Bad experience,Negative,Cash,Mirpur
3322,2025-03-30,Sunday,3,1206,Fried Rice,Main Course,6,280,1680,22,6,16,3,Acceptable,Neutral,Nagad,Uttara
3323,2025-12-12,Friday,12,1587,Noodles,Main Course,8,260,2080,24,8,16,2,Not worth the price,Negative,Card,Dhanmondi
3324,2025-03-12,Wednesday,3,1973,Juice,Beverage,6,150,900,23,6,17,5,Highly recommended,Positive,Cash,Dhanmondi
3325,2025-06-24,Tuesday,6,1982,Noodles,Main Course,3,260,780,10,3,7,2,Not worth the price,Negative,Bkash,Dhanmondi
3326,2025-01-02,Thursday,1,1077,Sandwich,Fast Food,2,220,440,10,2,8,4,Food was cold,Negative,Nagad,Mirpur
3327,2025-05-11,Sunday,5,1246,Juice,Beverage,2,150,300,10,2,8,2,Bad experience,Negative,Nagad,Mirpur
3328,2025-06-05,Thursday,6,1939,Biryani,Main Course,5,320,1600,25,5,20,4,Amazing quality,Positive,Card,Uttara
3329,2025-09-12,Friday,9,1480,Sandwich,Fast Food,5,220,1100,25,5,20,2,Excellent food and fast service,Positive,Card,Mirpur
3330,2025-05-05,Monday,5,1848,Biryani,Main Course,6,320,1920,14,6,8,2,Amazing quality,Positive,Card,Uttara
3331,2025-07-27,Sunday,7,1745,Sandwich,Fast Food,1,220,220,19,1,18,2,Nothing special,Neutral,Card,Banani
3332,2025-07-04,Friday,7,1314,Fried Rice,Main Course,4,280,1120,20,4,16,5,Highly recommended,Positive,Card,Dhanmondi
3333,2025-01-01,Wednesday,1,1863,Burger,Fast Food,4,250,1000,24,4,20,2,Amazing quality,Positive,Nagad,Dhanmondi
3334,2025-05-06,Tuesday,5,1769,Sandwich,Fast Food,1,220,220,19,1,18,3,Not worth the price,Negative,Card,Dhanmondi
3335,2025-09-13,Saturday,9,1158,Burger,Fast Food,4,250,1000,17,4,13,5,Amazing quality,Positive,Nagad,Mirpur
3336,2025-10-04,Saturday,10,1060,Sandwich,Fast Food,7,220,1540,17,7,10,5,Service was normal,Neutral,Bkash,Mirpur
3337,2025-06-24,Tuesday,6,1404,Juice,Beverage,6,150,900,25,6,19,4,Highly recommended,Positive,Bkash,Dhanmondi
3338,2025-11-03,Monday,11,1277,Noodles,Main Course,3,260,780,11,3,8,5,Amazing quality,Positive,Nagad,Mirpur
3339,2025-01-02,Thursday,1,1772,Burger,Fast Food,4,250,1000,18,4,14,3,Very tasty and fresh,Positive,Cash,Uttara
3340,2025-08-12,Tuesday,8,1865,Biryani,Main Course,7,320,2240,19,7,12,5,Very tasty and fresh,Positive,Bkash,Mirpur
3341,2025-03-29,Saturday,3,1932,Coffee,Beverage,8,180,1440,20,8,12,2,Amazing quality,Positive,Nagad,Mirpur
3342,2025-01-21,Tuesday,1,1351,Juice,Beverage,4,150,600,19,4,15,3,Amazing quality,Positive,Card,Mirpur
3343,2025-08-27,Wednesday,8,1725,Juice,Beverage,8,150,1200,24,8,16,3,Loved the food,Positive,Nagad,Dhanmondi
3344,2025-02-01,Saturday,2,1614,Coffee,Beverage,4,180,720,21,4,17,3,Nothing special,Neutral,Card,Uttara
3345,2025-09-10,Wednesday,9,1153,Juice,Beverage,4,150,600,15,4,11,4,Delivery was late,Negative,Nagad,Uttara
3346,2025-09-24,Wednesday,9,1509,Fried Rice,Main Course,8,280,2240,17,8,9,3,Delivery was late,Negative,Card,Mirpur
3347,2025-10-24,Friday,10,1734,Fried Rice,Main Course,2,280,560,8,2,6,5,Very tasty and fresh,Positive,Cash,Dhanmondi
3348,2025-10-06,Monday,10,1958,Ice Cream,Dessert,5,120,600,14,5,9,2,Service was normal,Neutral,Card,Banani
3349,2025-01-06,Monday,1,1699,Pasta,Main Course,4,350,1400,15,4,11,2,Very tasty and fresh,Positive,Card,Mirpur
3350,2025-07-07,Monday,7,1912,Juice,Beverage,2,150,300,11,2,9,2,Highly recommended,Positive,Bkash,Banani
3351,2025-04-23,Wednesday,4,1488,Sandwich,Fast Food,2,220,440,18,2,16,5,Average taste,Neutral,Nagad,Dhanmondi
3352,2025-12-01,Monday,12,1314,Juice,Beverage,5,150,750,21,5,16,4,Too salty,Negative,Card,Dhanmondi
3353,2025-07-08,Tuesday,7,1445,Sandwich,Fast Food,4,220,880,23,4,19,4,It was okay,Neutral,Cash,Mirpur
3354,2025-04-16,Wednesday,4,1438,Biryani,Main Course,8,320,2560,19,8,11,4,Acceptable,Neutral,Card,Mirpur
3355,2025-03-09,Sunday,3,1628,Noodles,Main Course,4,260,1040,10,4,6,5,Highly recommended,Positive,Card,Uttara
3356,2025-02-11,Tuesday,2,1522,Coffee,Beverage,1,180,180,13,1,12,4,Amazing quality,Positive,Nagad,Mirpur
3357,2025-07-05,Saturday,7,1446,Pizza,Fast Food,1,550,550,10,1,9,5,Highly recommended,Positive,Nagad,Dhanmondi
3358,2025-07-26,Saturday,7,1095,Sandwich,Fast Food,4,220,880,18,4,14,4,Highly recommended,Positive,Nagad,Uttara
3359,2025-03-14,Friday,3,1236,Noodles,Main Course,6,260,1560,13,6,7,4,Food was cold,Negative,Card,Mirpur
3360,2025-03-17,Monday,3,1360,Sandwich,Fast Food,7,220,1540,17,7,10,5,Loved the food,Positive,Card,Banani
3361,2025-06-01,Sunday,6,1629,Fried Rice,Main Course,7,280,1960,19,7,12,4,Loved the food,Positive,Bkash,Dhanmondi
3362,2025-04-13,Sunday,4,1424,Noodles,Main Course,6,260,1560,21,6,15,4,Service was normal,Neutral,Nagad,Mirpur
3363,2025-04-12,Saturday,4,1032,Pizza,Fast Food,8,550,4400,14,8,6,2,Very tasty and fresh,Positive,Card,Dhanmondi
3364,2025-01-09,Thursday,1,1226,Biryani,Main Course,8,320,2560,19,8,11,3,Highly recommended,Positive,Bkash,Banani
3365,2025-12-03,Wednesday,12,1291,Sandwich,Fast Food,4,220,880,14,4,10,5,Very tasty and fresh,Positive,Bkash,Uttara
3366,2025-11-03,Monday,11,1594,Pizza,Fast Food,7,550,3850,24,7,17,2,Excellent food and fast service,Positive,Cash,Dhanmondi
3367,2025-06-04,Wednesday,6,1765,Noodles,Main Course,7,260,1820,24,7,17,5,Average taste,Neutral,Card,Uttara
3368,2025-07-31,Thursday,7,1907,Pasta,Main Course,5,350,1750,24,5,19,3,Acceptable,Neutral,Nagad,Mirpur
3369,2025-11-11,Tuesday,11,1814,Coffee,Beverage,5,180,900,12,5,7,2,Highly recommended,Positive,Cash,Uttara
3370,2025-09-11,Thursday,9,1653,Pizza,Fast Food,7,550,3850,21,7,14,2,Too salty,Negative,Cash,Mirpur
3371,2025-06-29,Sunday,6,1855,Sandwich,Fast Food,4,220,880,17,4,13,4,Amazing quality,Positive,Bkash,Banani
3372,2025-04-20,Sunday,4,1133,Fried Rice,Main Course,8,280,2240,14,8,6,2,Service was normal,Neutral,Bkash,Banani
3373,2025-08-12,Tuesday,8,1757,Coffee,Beverage,2,180,360,13,2,11,5,Loved the food,Positive,Nagad,Dhanmondi
3374,2025-10-31,Friday,10,1363,Noodles,Main Course,4,260,1040,23,4,19,2,Loved the food,Positive,Nagad,Mirpur
3375,2025-11-13,Thursday,11,1059,Fried Rice,Main Course,1,280,280,18,1,17,3,Loved the food,Positive,Card,Dhanmondi
3376,2025-09-19,Friday,9,1975,Ice Cream,Dessert,7,120,840,20,7,13,3,Amazing quality,Positive,Bkash,Uttara
3377,2025-06-02,Monday,6,1337,Fried Rice,Main Course,6,280,1680,19,6,13,3,Amazing quality,Positive,Cash,Uttara
3378,2025-02-22,Saturday,2,1462,Coffee,Beverage,7,180,1260,13,7,6,2,Bad experience,Negative,Cash,Dhanmondi
3379,2025-04-18,Friday,4,1437,Coffee,Beverage,5,180,900,23,5,18,2,Nothing special,Neutral,Bkash,Dhanmondi
3380,2025-04-19,Saturday,4,1440,Sandwich,Fast Food,7,220,1540,20,7,13,2,Highly recommended,Positive,Cash,Banani
3381,2025-02-11,Tuesday,2,1772,Biryani,Main Course,3,320,960,11,3,8,3,Food was cold,Negative,Nagad,Mirpur
3382,2025-06-29,Sunday,6,1043,Noodles,Main Course,7,260,1820,14,7,7,4,Average taste,Neutral,Cash,Mirpur
3383,2025-09-24,Wednesday,9,1865,Ice Cream,Dessert,4,120,480,15,4,11,5,Very tasty and fresh,Positive,Nagad,Dhanmondi
3384,2025-02-21,Friday,2,1171,Fried Rice,Main Course,6,280,1680,21,6,15,4,Average taste,Neutral,Nagad,Uttara
3385,2025-09-23,Tuesday,9,1830,Burger,Fast Food,2,250,500,7,2,5,4,Loved the food,Positive,Nagad,Dhanmondi
3386,2025-10-05,Sunday,10,1612,Pizza,Fast Food,6,550,3300,12,6,6,4,Excellent food and fast service,Positive,Cash,Uttara
3387,2025-07-25,Friday,7,1097,Coffee,Beverage,1,180,180,17,1,16,3,Amazing quality,Positive,Nagad,Banani
3388,2025-02-11,Tuesday,2,1549,Noodles,Main Course,7,260,1820,27,7,20,2,Excellent food and fast service,Positive,Bkash,Uttara
3389,2025-11-02,Sunday,11,1614,Fried Rice,Main Course,3,280,840,19,3,16,5,Excellent food and fast service,Positive,Cash,Uttara
3390,2025-10-30,Thursday,10,1286,Fried Rice,Main Course,4,280,1120,13,4,9,4,Very tasty and fresh,Positive,Card,Uttara
3391,2025-01-22,Wednesday,1,1489,Ice Cream,Dessert,5,120,600,11,5,6,2,It was okay,Neutral,Nagad,Banani
3392,2025-07-05,Saturday,7,1261,Noodles,Main Course,6,260,1560,23,6,17,2,Highly recommended,Positive,Nagad,Banani
3393,2025-02-24,Monday,2,1738,Pizza,Fast Food,3,550,1650,21,3,18,2,It was okay,Neutral,Card,Dhanmondi
3394,2025-07-18,Friday,7,1689,Ice Cream,Dessert,6,120,720,13,6,7,2,Highly recommended,Positive,Card,Dhanmondi
3395,2025-03-02,Sunday,3,1555,Noodles,Main Course,7,260,1820,13,7,6,2,Food was cold,Negative,Cash,Uttara
3396,2025-12-09,Tuesday,12,1365,Fried Rice,Main Course,4,280,1120,15,4,11,5,Loved the food,Positive,Card,Dhanmondi
3397,2025-08-08,Friday,8,1614,Biryani,Main Course,4,320,1280,12,4,8,5,Service was normal,Neutral,Cash,Dhanmondi
3398,2025-10-26,Sunday,10,1990,Juice,Beverage,2,150,300,19,2,17,4,Food was cold,Negative,Bkash,Dhanmondi
3399,2025-06-26,Thursday,6,1862,Biryani,Main Course,2,320,640,9,2,7,3,Excellent food and fast service,Positive,Nagad,Dhanmondi
3400,2025-09-23,Tuesday,9,1787,Pizza,Fast Food,7,550,3850,20,7,13,2,Acceptable,Neutral,Bkash,Mirpur
3401,2025-07-28,Monday,7,1039,Burger,Fast Food,2,250,500,22,2,20,3,Too salty,Negative,Bkash,Banani
3402,2025-10-16,Thursday,10,1030,Coffee,Beverage,5,180,900,18,5,13,5,Loved the food,Positive,Cash,Mirpur
3403,2025-09-14,Sunday,9,1268,Burger,Fast Food,7,250,1750,16,7,9,4,Nothing special,Neutral,Nagad,Banani
3404,2025-11-01,Saturday,11,1498,Noodles,Main Course,4,260,1040,20,4,16,4,Excellent food and fast service,Positive,Card,Mirpur
3405,2025-02-10,Monday,2,1465,Pasta,Main Course,3,350,1050,8,3,5,5,Loved the food,Positive,Nagad,Uttara
3406,2025-06-11,Wednesday,6,1619,Fried Rice,Main Course,5,280,1400,24,5,19,2,Highly recommended,Positive,Bkash,Uttara
3407,2025-01-23,Thursday,1,1645,Pizza,Fast Food,7,550,3850,21,7,14,5,Amazing quality,Positive,Cash,Banani
3408,2025-05-31,Saturday,5,1132,Juice,Beverage,6,150,900,11,6,5,5,Highly recommended,Positive,Nagad,Dhanmondi
3409,2025-03-03,Monday,3,1408,Juice,Beverage,7,150,1050,16,7,9,5,Acceptable,Neutral,Cash,Uttara
3410,2025-06-07,Saturday,6,1897,Ice Cream,Dessert,3,120,360,16,3,13,5,Not worth the price,Negative,Nagad,Dhanmondi
3411,2025-03-05,Wednesday,3,1763,Juice,Beverage,6,150,900,23,6,17,5,Highly recommended,Positive,Bkash,Dhanmondi
3412,2025-03-22,Saturday,3,1088,Pizza,Fast Food,6,550,3300,26,6,20,3,Delivery was late,Negative,Bkash,Uttara
3413,2025-05-21,Wednesday,5,1851,Biryani,Main Course,4,320,1280,19,4,15,2,Highly recommended,Positive,Cash,Mirpur
3414,2025-09-25,Thursday,9,1184,Ice Cream,Dessert,5,120,600,22,5,17,2,Not worth the price,Negative,Bkash,Dhanmondi
3415,2025-06-23,Monday,6,1338,Biryani,Main Course,1,320,320,17,1,16,3,Delivery was late,Negative,Cash,Uttara
3416,2025-03-02,Sunday,3,1337,Noodles,Main Course,5,260,1300,21,5,16,3,Food was cold,Negative,Bkash,Uttara
3417,2025-05-05,Monday,5,1904,Biryani,Main Course,3,320,960,11,3,8,3,Excellent food and fast service,Positive,Bkash,Mirpur
3418,2025-04-26,Saturday,4,1826,Pizza,Fast Food,5,550,2750,12,5,7,5,Excellent food and fast service,Positive,Card,Mirpur
3419,2025-12-22,Monday,12,1154,Fried Rice,Main Course,8,280,2240,28,8,20,4,Amazing quality,Positive,Cash,Uttara
3420,2025-02-19,Wednesday,2,1503,Pizza,Fast Food,7,550,3850,16,7,9,2,Very tasty and fresh,Positive,Cash,Dhanmondi
3421,2025-01-22,Wednesday,1,1996,Ice Cream,Dessert,7,120,840,16,7,9,5,Delivery was late,Negative,Bkash,Banani
3422,2025-09-23,Tuesday,9,1516,Ice Cream,Dessert,7,120,840,18,7,11,5,Service was normal,Neutral,Nagad,Mirpur
3423,2025-06-27,Friday,6,1514,Biryani,Main Course,7,320,2240,18,7,11,3,Service was normal,Neutral,Card,Banani
3424,2025-11-17,Monday,11,1131,Biryani,Main Course,6,320,1920,20,6,14,4,Very tasty and fresh,Positive,Card,Mirpur
3425,2025-03-01,Saturday,3,1047,Pizza,Fast Food,8,550,4400,18,8,10,3,Loved the food,Positive,Bkash,Mirpur
3426,2025-07-07,Monday,7,1451,Fried Rice,Main Course,3,280,840,23,3,20,5,Loved the food,Positive,Nagad,Banani
3427,2025-07-14,Monday,7,1306,Juice,Beverage,1,150,150,10,1,9,4,Highly recommended,Positive,Nagad,Dhanmondi
3428,2025-12-07,Sunday,12,1700,Biryani,Main Course,1,320,320,21,1,20,3,Excellent food and fast service,Positive,Nagad,Mirpur
3429,2025-11-06,Thursday,11,1405,Fried Rice,Main Course,2,280,560,18,2,16,3,It was okay,Neutral,Cash,Dhanmondi
3430,2025-09-04,Thursday,9,1225,Pasta,Main Course,2,350,700,15,2,13,2,Service was normal,Neutral,Cash,Dhanmondi
3431,2025-07-18,Friday,7,1807,Pizza,Fast Food,5,550,2750,19,5,14,5,Amazing quality,Positive,Bkash,Mirpur
3432,2025-12-29,Monday,12,1070,Sandwich,Fast Food,5,220,1100,18,5,13,5,Delivery was late,Negative,Cash,Dhanmondi
3433,2025-12-16,Tuesday,12,1804,Coffee,Beverage,4,180,720,16,4,12,5,Too salty,Negative,Card,Banani
3434,2025-11-12,Wednesday,11,1764,Sandwich,Fast Food,1,220,220,8,1,7,3,Excellent food and fast service,Positive,Bkash,Uttara
3435,2025-05-31,Saturday,5,1717,Pasta,Main Course,8,350,2800,24,8,16,4,Acceptable,Neutral,Nagad,Dhanmondi
3436,2025-09-29,Monday,9,1970,Noodles,Main Course,2,260,520,22,2,20,3,Excellent food and fast service,Positive,Cash,Mirpur
3437,2025-10-21,Tuesday,10,1467,Ice Cream,Dessert,3,120,360,23,3,20,5,It was okay,Neutral,Card,Uttara
3438,2025-09-09,Tuesday,9,1171,Pasta,Main Course,1,350,350,12,1,11,3,Very tasty and fresh,Positive,Card,Mirpur
3439,2025-05-16,Friday,5,1211,Noodles,Main Course,1,260,260,20,1,19,2,Highly recommended,Positive,Bkash,Uttara
3440,2025-07-22,Tuesday,7,1261,Noodles,Main Course,8,260,2080,22,8,14,2,Highly recommended,Positive,Nagad,Dhanmondi
3441,2025-04-24,Thursday,4,1411,Juice,Beverage,7,150,1050,25,7,18,2,Too salty,Negative,Cash,Banani
3442,2025-07-13,Sunday,7,1806,Biryani,Main Course,3,320,960,12,3,9,3,Very tasty and fresh,Positive,Cash,Uttara
3443,2025-09-15,Monday,9,1780,Juice,Beverage,3,150,450,23,3,20,5,Loved the food,Positive,Card,Banani
3444,2025-05-14,Wednesday,5,1739,Fried Rice,Main Course,4,280,1120,15,4,11,4,Too salty,Negative,Nagad,Uttara
3445,2025-12-06,Saturday,12,1033,Burger,Fast Food,7,250,1750,24,7,17,4,Nothing special,Neutral,Bkash,Uttara
3446,2025-02-18,Tuesday,2,1210,Biryani,Main Course,4,320,1280,17,4,13,4,Service was normal,Neutral,Bkash,Dhanmondi
3447,2025-02-27,Thursday,2,1990,Noodles,Main Course,5,260,1300,23,5,18,4,Very tasty and fresh,Positive,Card,Dhanmondi
3448,2025-01-15,Wednesday,1,1485,Juice,Beverage,4,150,600,23,4,19,2,Excellent food and fast service,Positive,Bkash,Uttara
3449,2025-07-12,Saturday,7,1593,Pasta,Main Course,2,350,700,9,2,7,4,Service was normal,Neutral,Bkash,Mirpur
3450,2025-10-21,Tuesday,10,1587,Pasta,Main Course,3,350,1050,10,3,7,3,Nothing special,Neutral,Cash,Uttara
3451,2025-07-29,Tuesday,7,1500,Fried Rice,Main Course,7,280,1960,22,7,15,5,Very tasty and fresh,Positive,Nagad,Banani
3452,2025-09-24,Wednesday,9,1369,Sandwich,Fast Food,8,220,1760,28,8,20,5,Very tasty and fresh,Positive,Cash,Uttara
3453,2025-06-08,Sunday,6,1598,Pizza,Fast Food,8,550,4400,21,8,13,4,Food was cold,Negative,Card,Dhanmondi
3454,2025-10-08,Wednesday,10,1875,Noodles,Main Course,5,260,1300,15,5,10,3,Highly recommended,Positive,Card,Uttara
3455,2025-11-08,Saturday,11,1372,Ice Cream,Dessert,1,120,120,21,1,20,2,Food was cold,Negative,Cash,Dhanmondi
3456,2025-02-08,Saturday,2,1990,Pizza,Fast Food,4,550,2200,12,4,8,2,Amazing quality,Positive,Bkash,Mirpur
3457,2025-04-04,Friday,4,1776,Fried Rice,Main Course,7,280,1960,20,7,13,2,Very tasty and fresh,Positive,Bkash,Dhanmondi
3458,2025-02-14,Friday,2,1795,Burger,Fast Food,7,250,1750,15,7,8,4,Not worth the price,Negative,Nagad,Dhanmondi
3459,2025-06-09,Monday,6,1229,Ice Cream,Dessert,2,120,240,17,2,15,2,Not worth the price,Negative,Nagad,Banani
3460,2025-11-10,Monday,11,1462,Ice Cream,Dessert,7,120,840,26,7,19,3,Nothing special,Neutral,Cash,Banani
3461,2025-03-02,Sunday,3,1312,Burger,Fast Food,3,250,750,14,3,11,3,Highly recommended,Positive,Card,Dhanmondi
3462,2025-07-06,Sunday,7,1933,Noodles,Main Course,7,260,1820,26,7,19,4,Too salty,Negative,Nagad,Dhanmondi
3463,2025-12-07,Sunday,12,1786,Coffee,Beverage,6,180,1080,25,6,19,5,It was okay,Neutral,Nagad,Dhanmondi
3464,2025-03-02,Sunday,3,1853,Pizza,Fast Food,6,550,3300,20,6,14,5,Average taste,Neutral,Nagad,Uttara
3465,2025-11-17,Monday,11,1434,Biryani,Main Course,7,320,2240,12,7,5,4,Bad experience,Negative,Nagad,Banani
3466,2025-02-02,Sunday,2,1512,Burger,Fast Food,6,250,1500,26,6,20,5,Loved the food,Positive,Nagad,Mirpur
3467,2025-04-19,Saturday,4,1052,Fried Rice,Main Course,7,280,1960,20,7,13,3,Highly recommended,Positive,Nagad,Uttara
3468,2025-03-18,Tuesday,3,1608,Sandwich,Fast Food,7,220,1540,27,7,20,5,Service was normal,Neutral,Bkash,Mirpur
3469,2025-09-23,Tuesday,9,1648,Sandwich,Fast Food,7,220,1540,24,7,17,4,Acceptable,Neutral,Nagad,Dhanmondi
3470,2025-06-28,Saturday,6,1884,Coffee,Beverage,4,180,720,17,4,13,4,Too salty,Negative,Cash,Uttara
3471,2025-05-10,Saturday,5,1614,Burger,Fast Food,6,250,1500,18,6,12,2,Very tasty and fresh,Positive,Bkash,Banani
3472,2025-06-11,Wednesday,6,1451,Fried Rice,Main Course,5,280,1400,20,5,15,4,Delivery was late,Negative,Bkash,Dhanmondi
3473,2025-09-04,Thursday,9,1203,Noodles,Main Course,1,260,260,17,1,16,4,Very tasty and fresh,Positive,Nagad,Uttara
3474,2025-04-06,Sunday,4,1310,Ice Cream,Dessert,2,120,240,14,2,12,2,Highly recommended,Positive,Bkash,Dhanmondi
3475,2025-09-01,Monday,9,1089,Fried Rice,Main Course,8,280,2240,19,8,11,4,Loved the food,Positive,Cash,Banani
3476,2025-04-22,Tuesday,4,1821,Biryani,Main Course,5,320,1600,10,5,5,3,Excellent food and fast service,Positive,Nagad,Mirpur
3477,2025-09-22,Monday,9,1946,Fried Rice,Main Course,8,280,2240,26,8,18,5,Loved the food,Positive,Nagad,Mirpur
3478,2025-11-28,Friday,11,1253,Juice,Beverage,5,150,750,22,5,17,3,Food was cold,Negative,Card,Banani
3479,2025-04-11,Friday,4,1150,Ice Cream,Dessert,8,120,960,21,8,13,2,Amazing quality,Positive,Bkash,Dhanmondi
3480,2025-01-28,Tuesday,1,1045,Pizza,Fast Food,1,550,550,11,1,10,5,Nothing special,Neutral,Cash,Mirpur
3481,2025-02-28,Friday,2,1487,Juice,Beverage,5,150,750,18,5,13,5,Highly recommended,Positive,Card,Uttara
3482,2025-05-01,Thursday,5,1910,Burger,Fast Food,7,250,1750,14,7,7,4,Very tasty and fresh,Positive,Nagad,Mirpur
3483,2025-05-19,Monday,5,1684,Sandwich,Fast Food,4,220,880,19,4,15,3,Loved the food,Positive,Nagad,Dhanmondi
3484,2025-04-06,Sunday,4,1342,Sandwich,Fast Food,1,220,220,18,1,17,5,Not worth the price,Negative,Nagad,Dhanmondi
3485,2025-09-04,Thursday,9,1904,Pizza,Fast Food,2,550,1100,12,2,10,5,Very tasty and fresh,Positive,Cash,Uttara
3486,2025-10-19,Sunday,10,1372,Pizza,Fast Food,3,550,1650,14,3,11,4,Loved the food,Positive,Cash,Uttara
3487,2025-05-08,Thursday,5,1797,Sandwich,Fast Food,7,220,1540,26,7,19,2,Amazing quality,Positive,Nagad,Dhanmondi
3488,2025-01-23,Thursday,1,1273,Juice,Beverage,6,150,900,14,6,8,2,Not worth the price,Negative,Nagad,Dhanmondi
3489,2025-08-21,Thursday,8,1524,Noodles,Main Course,4,260,1040,18,4,14,3,Loved the food,Positive,Cash,Uttara
3490,2025-05-11,Sunday,5,1675,Noodles,Main Course,6,260,1560,25,6,19,4,Loved the food,Positive,Cash,Mirpur
3491,2025-05-15,Thursday,5,1629,Ice Cream,Dessert,3,120,360,23,3,20,2,Excellent food and fast service,Positive,Card,Dhanmondi
3492,2025-08-20,Wednesday,8,1251,Noodles,Main Course,4,260,1040,21,4,17,2,Too salty,Negative,Nagad,Banani
3493,2025-09-23,Tuesday,9,1564,Coffee,Beverage,5,180,900,18,5,13,4,Food was cold,Negative,Card,Dhanmondi
3494,2025-04-13,Sunday,4,1446,Biryani,Main Course,1,320,320,20,1,19,2,Service was normal,Neutral,Bkash,Uttara
3495,2025-08-05,Tuesday,8,1211,Ice Cream,Dessert,1,120,120,9,1,8,2,It was okay,Neutral,Card,Banani
3496,2025-07-15,Tuesday,7,1932,Fried Rice,Main Course,4,280,1120,9,4,5,3,Delivery was late,Negative,Bkash,Banani
3497,2025-06-30,Monday,6,1658,Pasta,Main Course,1,350,350,13,1,12,2,Amazing quality,Positive,Bkash,Mirpur
3498,2025-01-31,Friday,1,1120,Biryani,Main Course,8,320,2560,19,8,11,3,Food was cold,Negative,Bkash,Uttara
3499,2025-02-17,Monday,2,1205,Noodles,Main Course,6,260,1560,11,6,5,2,Very tasty and fresh,Positive,Card,Dhanmondi
3500,2025-12-21,Sunday,12,1800,Juice,Beverage,3,150,450,9,3,6,2,Excellent food and fast service,Positive,Card,Dhanmondi
3501,2025-06-27,Friday,6,1367,Pasta,Main Course,5,350,1750,24,5,19,5,Amazing quality,Positive,Nagad,Banani
3502,2025-04-15,Tuesday,4,1653,Ice Cream,Dessert,3,120,360,16,3,13,4,Too salty,Negative,Card,Dhanmondi
3503,2025-07-11,Friday,7,1783,Pizza,Fast Food,3,550,1650,23,3,20,3,Very tasty and fresh,Positive,Nagad,Mirpur
3504,2025-03-09,Sunday,3,1891,Ice Cream,Dessert,6,120,720,14,6,8,4,Very tasty and fresh,Positive,Bkash,Banani
3505,2025-12-18,Thursday,12,1042,Juice,Beverage,2,150,300,17,2,15,3,Bad experience,Negative,Cash,Dhanmondi
3506,2025-10-22,Wednesday,10,1464,Juice,Beverage,6,150,900,20,6,14,5,Amazing quality,Positive,Cash,Mirpur
3507,2025-01-08,Wednesday,1,1754,Pasta,Main Course,5,350,1750,13,5,8,2,Too salty,Negative,Card,Mirpur
3508,2025-05-28,Wednesday,5,1027,Juice,Beverage,5,150,750,11,5,6,5,Loved the food,Positive,Nagad,Mirpur
3509,2025-06-27,Friday,6,1523,Coffee,Beverage,4,180,720,20,4,16,2,Bad experience,Negative,Cash,Uttara
3510,2025-12-06,Saturday,12,1457,Biryani,Main Course,8,320,2560,27,8,19,5,Service was normal,Neutral,Nagad,Banani
3511,2025-05-20,Tuesday,5,1129,Coffee,Beverage,3,180,540,19,3,16,3,Excellent food and fast service,Positive,Nagad,Uttara
3512,2025-05-28,Wednesday,5,1039,Ice Cream,Dessert,4,120,480,24,4,20,2,Amazing quality,Positive,Nagad,Dhanmondi
3513,2025-12-30,Tuesday,12,1560,Pasta,Main Course,6,350,2100,22,6,16,4,Loved the food,Positive,Nagad,Banani
3514,2025-05-16,Friday,5,1349,Pizza,Fast Food,7,550,3850,25,7,18,5,Amazing quality,Positive,Nagad,Dhanmondi
3515,2025-03-20,Thursday,3,1952,Coffee,Beverage,6,180,1080,18,6,12,3,Excellent food and fast service,Positive,Nagad,Banani
3516,2025-08-17,Sunday,8,1933,Pasta,Main Course,1,350,350,18,1,17,3,Very tasty and fresh,Positive,Nagad,Uttara
3517,2025-12-14,Sunday,12,1964,Sandwich,Fast Food,7,220,1540,23,7,16,4,Excellent food and fast service,Positive,Bkash,Dhanmondi
3518,2025-12-22,Monday,12,1057,Fried Rice,Main Course,5,280,1400,13,5,8,4,Excellent food and fast service,Positive,Bkash,Mirpur
3519,2025-06-22,Sunday,6,1986,Noodles,Main Course,4,260,1040,18,4,14,4,Amazing quality,Positive,Bkash,Banani
3520,2025-04-06,Sunday,4,1716,Pizza,Fast Food,7,550,3850,18,7,11,5,Highly recommended,Positive,Nagad,Dhanmondi
3521,2025-10-14,Tuesday,10,1093,Ice Cream,Dessert,6,120,720,11,6,5,2,Amazing quality,Positive,Nagad,Dhanmondi
3522,2025-05-31,Saturday,5,1696,Fried Rice,Main Course,2,280,560,22,2,20,5,Loved the food,Positive,Bkash,Uttara
3523,2025-02-17,Monday,2,1392,Ice Cream,Dessert,8,120,960,20,8,12,2,Amazing quality,Positive,Card,Dhanmondi
3524,2025-12-09,Tuesday,12,1090,Juice,Beverage,1,150,150,17,1,16,2,Average taste,Neutral,Bkash,Mirpur
3525,2025-10-10,Friday,10,1177,Fried Rice,Main Course,2,280,560,9,2,7,2,Very tasty and fresh,Positive,Card,Banani
3526,2025-05-26,Monday,5,1724,Burger,Fast Food,1,250,250,12,1,11,3,It was okay,Neutral,Nagad,Uttara
3527,2025-09-13,Saturday,9,1556,Ice Cream,Dessert,1,120,120,11,1,10,5,Delivery was late,Negative,Card,Dhanmondi
3528,2025-10-14,Tuesday,10,1532,Noodles,Main Course,4,260,1040,18,4,14,2,Highly recommended,Positive,Nagad,Banani
3529,2025-08-10,Sunday,8,1756,Juice,Beverage,4,150,600,17,4,13,2,Delivery was late,Negative,Card,Mirpur
3530,2025-09-20,Saturday,9,1445,Pizza,Fast Food,3,550,1650,17,3,14,4,Highly recommended,Positive,Nagad,Mirpur
3531,2025-03-18,Tuesday,3,1474,Juice,Beverage,5,150,750,18,5,13,3,Too salty,Negative,Card,Banani
3532,2025-11-03,Monday,11,1530,Juice,Beverage,7,150,1050,19,7,12,2,Loved the food,Positive,Nagad,Banani
3533,2025-06-04,Wednesday,6,1679,Pasta,Main Course,3,350,1050,17,3,14,2,Highly recommended,Positive,Bkash,Mirpur
3534,2025-07-16,Wednesday,7,1338,Ice Cream,Dessert,4,120,480,19,4,15,5,Loved the food,Positive,Nagad,Mirpur
3535,2025-12-01,Monday,12,1641,Biryani,Main Course,4,320,1280,17,4,13,5,Very tasty and fresh,Positive,Cash,Banani
3536,2025-05-18,Sunday,5,1065,Ice Cream,Dessert,7,120,840,24,7,17,2,Amazing quality,Positive,Card,Uttara
3537,2025-10-23,Thursday,10,1502,Biryani,Main Course,4,320,1280,13,4,9,3,Amazing quality,Positive,Card,Dhanmondi
3538,2025-04-26,Saturday,4,1792,Sandwich,Fast Food,4,220,880,16,4,12,4,Amazing quality,Positive,Cash,Banani
3539,2025-12-12,Friday,12,1723,Pizza,Fast Food,4,550,2200,22,4,18,4,Loved the food,Positive,Nagad,Uttara
3540,2025-01-27,Monday,1,1691,Pasta,Main Course,6,350,2100,21,6,15,5,Loved the food,Positive,Nagad,Mirpur
3541,2025-08-24,Sunday,8,1345,Noodles,Main Course,7,260,1820,12,7,5,2,Loved the food,Positive,Card,Banani
3542,2025-11-23,Sunday,11,1270,Sandwich,Fast Food,7,220,1540,20,7,13,3,Acceptable,Neutral,Nagad,Uttara
3543,2025-03-26,Wednesday,3,1985,Sandwich,Fast Food,1,220,220,17,1,16,5,Loved the food,Positive,Bkash,Uttara
3544,2025-05-09,Friday,5,1089,Pasta,Main Course,3,350,1050,9,3,6,5,Very tasty and fresh,Positive,Nagad,Mirpur
3545,2025-08-22,Friday,8,1084,Pizza,Fast Food,6,550,3300,15,6,9,2,Loved the food,Positive,Bkash,Dhanmondi
3546,2025-06-24,Tuesday,6,1900,Juice,Beverage,6,150,900,14,6,8,4,Loved the food,Positive,Cash,Dhanmondi
3547,2025-11-17,Monday,11,1512,Pasta,Main Course,4,350,1400,14,4,10,5,Bad experience,Negative,Nagad,Banani
3548,2025-12-30,Tuesday,12,1798,Fried Rice,Main Course,3,280,840,23,3,20,4,Average taste,Neutral,Card,Uttara
3549,2025-04-15,Tuesday,4,1630,Noodles,Main Course,2,260,520,7,2,5,2,Amazing quality,Positive,Nagad,Dhanmondi
3550,2025-01-20,Monday,1,1273,Coffee,Beverage,3,180,540,12,3,9,4,Acceptable,Neutral,Nagad,Mirpur
3551,2025-10-25,Saturday,10,1484,Juice,Beverage,6,150,900,11,6,5,2,Very tasty and fresh,Positive,Card,Mirpur
3552,2025-11-12,Wednesday,11,1220,Ice Cream,Dessert,7,120,840,15,7,8,4,Too salty,Negative,Card,Dhanmondi
3553,2025-06-09,Monday,6,1126,Burger,Fast Food,8,250,2000,28,8,20,3,Service was normal,Neutral,Cash,Banani
3554,2025-02-09,Sunday,2,1601,Burger,Fast Food,3,250,750,12,3,9,5,Amazing quality,Positive,Bkash,Mirpur
3555,2025-04-13,Sunday,4,1989,Sandwich,Fast Food,2,220,440,16,2,14,3,Delivery was late,Negative,Cash,Mirpur
3556,2025-05-06,Tuesday,5,1183,Pizza,Fast Food,3,550,1650,22,3,19,5,Excellent food and fast service,Positive,Nagad,Banani
3557,2025-06-29,Sunday,6,1088,Juice,Beverage,1,150,150,11,1,10,5,Highly recommended,Positive,Bkash,Mirpur
3558,2025-09-19,Friday,9,1339,Burger,Fast Food,7,250,1750,16,7,9,4,Loved the food,Positive,Card,Banani
3559,2025-08-22,Friday,8,1765,Biryani,Main Course,1,320,320,13,1,12,2,Highly recommended,Positive,Card,Banani
3560,2025-06-10,Tuesday,6,1925,Pizza,Fast Food,1,550,550,6,1,5,5,Too salty,Negative,Nagad,Dhanmondi
3561,2025-08-07,Thursday,8,1791,Ice Cream,Dessert,1,120,120,16,1,15,2,Excellent food and fast service,Positive,Card,Dhanmondi
3562,2025-12-24,Wednesday,12,1207,Noodles,Main Course,2,260,520,19,2,17,3,Amazing quality,Positive,Card,Mirpur
3563,2025-04-07,Monday,4,1279,Ice Cream,Dessert,4,120,480,16,4,12,4,Loved the food,Positive,Bkash,Dhanmondi
3564,2025-08-03,Sunday,8,1303,Coffee,Beverage,8,180,1440,14,8,6,3,Bad experience,Negative,Card,Dhanmondi
3565,2025-12-28,Sunday,12,1405,Noodles,Main Course,4,260,1040,10,4,6,4,Very tasty and fresh,Positive,Nagad,Mirpur
3566,2025-11-18,Tuesday,11,1311,Coffee,Beverage,2,180,360,7,2,5,2,Excellent food and fast service,Positive,Cash,Mirpur
3567,2025-12-30,Tuesday,12,1226,Pasta,Main Course,1,350,350,16,1,15,3,Amazing quality,Positive,Bkash,Banani
3568,2025-07-06,Sunday,7,1006,Fried Rice,Main Course,4,280,1120,22,4,18,4,Very tasty and fresh,Positive,Nagad,Mirpur
3569,2025-12-25,Thursday,12,1002,Pasta,Main Course,4,350,1400,23,4,19,4,Average taste,Neutral,Cash,Banani
3570,2025-05-15,Thursday,5,1098,Fried Rice,Main Course,8,280,2240,27,8,19,5,Very tasty and fresh,Positive,Cash,Mirpur
3571,2025-08-14,Thursday,8,1173,Burger,Fast Food,2,250,500,12,2,10,3,Amazing quality,Positive,Card,Banani
3572,2025-02-17,Monday,2,1387,Sandwich,Fast Food,6,220,1320,23,6,17,5,Highly recommended,Positive,Bkash,Dhanmondi
3573,2025-07-01,Tuesday,7,1991,Ice Cream,Dessert,2,120,240,22,2,20,3,Delivery was late,Negative,Cash,Dhanmondi
3574,2025-01-30,Thursday,1,1787,Coffee,Beverage,6,180,1080,13,6,7,3,Acceptable,Neutral,Card,Dhanmondi
3575,2025-09-07,Sunday,9,1028,Ice Cream,Dessert,4,120,480,21,4,17,4,Highly recommended,Positive,Bkash,Dhanmondi
3576,2025-07-17,Thursday,7,1584,Coffee,Beverage,5,180,900,21,5,16,3,Too salty,Negative,Bkash,Banani
3577,2025-01-11,Saturday,1,1401,Sandwich,Fast Food,7,220,1540,23,7,16,3,Loved the food,Positive,Cash,Banani
3578,2025-10-03,Friday,10,1460,Coffee,Beverage,7,180,1260,16,7,9,2,It was okay,Neutral,Card,Banani
3579,2025-01-14,Tuesday,1,1524,Biryani,Main Course,7,320,2240,14,7,7,2,Highly recommended,Positive,Cash,Dhanmondi
3580,2025-11-07,Friday,11,1603,Fried Rice,Main Course,7,280,1960,12,7,5,4,Excellent food and fast service,Positive,Cash,Dhanmondi
3581,2025-12-01,Monday,12,1511,Sandwich,Fast Food,1,220,220,7,1,6,5,Delivery was late,Negative,Card,Dhanmondi
3582,2025-06-26,Thursday,6,1803,Noodles,Main Course,8,260,2080,27,8,19,2,Not worth the price,Negative,Cash,Mirpur
3583,2025-12-10,Wednesday,12,1132,Ice Cream,Dessert,8,120,960,17,8,9,2,Acceptable,Neutral,Cash,Mirpur
3584,2025-08-07,Thursday,8,1460,Ice Cream,Dessert,7,120,840,21,7,14,3,Highly recommended,Positive,Bkash,Mirpur
3585,2025-07-19,Saturday,7,1886,Ice Cream,Dessert,2,120,240,12,2,10,2,Loved the food,Positive,Card,Mirpur
3586,2025-07-25,Friday,7,1178,Fried Rice,Main Course,8,280,2240,22,8,14,4,Acceptable,Neutral,Cash,Dhanmondi
3587,2025-09-11,Thursday,9,1900,Coffee,Beverage,2,180,360,20,2,18,5,Loved the food,Positive,Nagad,Uttara
3588,2025-07-05,Saturday,7,1744,Noodles,Main Course,2,260,520,11,2,9,5,Nothing special,Neutral,Bkash,Banani
3589,2025-05-25,Sunday,5,1950,Sandwich,Fast Food,8,220,1760,20,8,12,4,Amazing quality,Positive,Bkash,Uttara
3590,2025-10-02,Thursday,10,1480,Fried Rice,Main Course,6,280,1680,23,6,17,2,Acceptable,Neutral,Card,Mirpur
3591,2025-03-16,Sunday,3,1913,Burger,Fast Food,2,250,500,13,2,11,4,Highly recommended,Positive,Nagad,Dhanmondi
3592,2025-03-18,Tuesday,3,1430,Juice,Beverage,8,150,1200,16,8,8,3,Amazing quality,Positive,Card,Mirpur
3593,2025-05-03,Saturday,5,1489,Burger,Fast Food,4,250,1000,11,4,7,3,Amazing quality,Positive,Cash,Mirpur
3594,2025-11-25,Tuesday,11,1337,Juice,Beverage,3,150,450,23,3,20,4,Very tasty and fresh,Positive,Card,Banani
3595,2025-12-20,Saturday,12,1794,Biryani,Main Course,1,320,320,10,1,9,5,Loved the food,Positive,Bkash,Banani
3596,2025-09-16,Tuesday,9,1605,Pizza,Fast Food,2,550,1100,12,2,10,3,Highly recommended,Positive,Bkash,Mirpur
3597,2025-03-04,Tuesday,3,1592,Sandwich,Fast Food,4,220,880,14,4,10,3,Delivery was late,Negative,Cash,Banani
3598,2025-11-27,Thursday,11,1812,Sandwich,Fast Food,7,220,1540,22,7,15,3,Food was cold,Negative,Bkash,Banani
3599,2025-07-11,Friday,7,1742,Burger,Fast Food,6,250,1500,21,6,15,5,Not worth the price,Negative,Cash,Banani
3600,2025-06-03,Tuesday,6,1309,Fried Rice,Main Course,2,280,560,11,2,9,4,It was okay,Neutral,Card,Mirpur
3601,2025-05-07,Wednesday,5,1360,Noodles,Main Course,2,260,520,9,2,7,2,Nothing special,Neutral,Card,Banani
3602,2025-03-22,Saturday,3,1389,Burger,Fast Food,5,250,1250,11,5,6,4,It was okay,Neutral,Nagad,Mirpur
3603,2025-08-02,Saturday,8,1416,Biryani,Main Course,5,320,1600,16,5,11,5,Excellent food and fast service,Positive,Nagad,Dhanmondi
3604,2025-09-24,Wednesday,9,1777,Noodles,Main Course,6,260,1560,21,6,15,4,Amazing quality,Positive,Card,Mirpur
3605,2025-05-17,Saturday,5,1878,Pizza,Fast Food,1,550,550,8,1,7,5,Very tasty and fresh,Positive,Nagad,Mirpur
3606,2025-11-15,Saturday,11,1117,Fried Rice,Main Course,6,280,1680,19,6,13,2,Delivery was late,Negative,Cash,Dhanmondi
3607,2025-09-16,Tuesday,9,1780,Noodles,Main Course,7,260,1820,15,7,8,3,Very tasty and fresh,Positive,Bkash,Banani
3608,2025-06-14,Saturday,6,1733,Fried Rice,Main Course,5,280,1400,12,5,7,5,Loved the food,Positive,Cash,Uttara
3609,2025-06-03,Tuesday,6,1891,Sandwich,Fast Food,6,220,1320,23,6,17,5,Excellent food and fast service,Positive,Bkash,Uttara
3610,2025-07-16,Wednesday,7,1426,Biryani,Main Course,5,320,1600,20,5,15,3,Too salty,Negative,Cash,Uttara
3611,2025-03-05,Wednesday,3,1726,Fried Rice,Main Course,6,280,1680,19,6,13,3,Acceptable,Neutral,Card,Uttara
3612,2025-10-19,Sunday,10,1768,Pasta,Main Course,1,350,350,21,1,20,5,Food was cold,Negative,Card,Mirpur
3613,2025-04-28,Monday,4,1948,Pasta,Main Course,7,350,2450,24,7,17,4,Bad experience,Negative,Bkash,Banani
3614,2025-12-17,Wednesday,12,1948,Burger,Fast Food,1,250,250,19,1,18,2,Very tasty and fresh,Positive,Cash,Banani
3615,2025-10-23,Thursday,10,1076,Coffee,Beverage,2,180,360,19,2,17,4,Very tasty and fresh,Positive,Cash,Uttara
3616,2025-01-01,Wednesday,1,1346,Biryani,Main Course,3,320,960,17,3,14,5,Nothing special,Neutral,Cash,Banani
3617,2025-09-21,Sunday,9,1541,Burger,Fast Food,6,250,1500,24,6,18,4,Excellent food and fast service,Positive,Bkash,Dhanmondi
3618,2025-04-09,Wednesday,4,1143,Fried Rice,Main Course,4,280,1120,22,4,18,4,Excellent food and fast service,Positive,Cash,Mirpur
3619,2025-08-09,Saturday,8,1682,Coffee,Beverage,2,180,360,21,2,19,4,Average taste,Neutral,Nagad,Uttara
3620,2025-10-17,Friday,10,1606,Burger,Fast Food,6,250,1500,16,6,10,3,Service was normal,Neutral,Card,Dhanmondi
3621,2025-10-27,Monday,10,1932,Pizza,Fast Food,2,550,1100,16,2,14,4,Amazing quality,Positive,Cash,Mirpur
3622,2025-02-26,Wednesday,2,1984,Pasta,Main Course,1,350,350,8,1,7,4,Amazing quality,Positive,Nagad,Uttara
3623,2025-10-25,Saturday,10,1005,Pizza,Fast Food,5,550,2750,15,5,10,2,Very tasty and fresh,Positive,Card,Dhanmondi
3624,2025-02-25,Tuesday,2,1923,Sandwich,Fast Food,5,220,1100,11,5,6,4,Amazing quality,Positive,Bkash,Banani
3625,2025-11-13,Thursday,11,1556,Noodles,Main Course,7,260,1820,24,7,17,2,Loved the food,Positive,Card,Banani
3626,2025-04-06,Sunday,4,1908,Ice Cream,Dessert,2,120,240,14,2,12,4,Nothing special,Neutral,Cash,Banani
3627,2025-06-09,Monday,6,1736,Pasta,Main Course,2,350,700,17,2,15,2,Very tasty and fresh,Positive,Cash,Dhanmondi
3628,2025-02-20,Thursday,2,1104,Fried Rice,Main Course,1,280,280,16,1,15,4,Delivery was late,Negative,Nagad,Uttara
3629,2025-05-01,Thursday,5,1744,Pasta,Main Course,3,350,1050,16,3,13,3,Food was cold,Negative,Card,Mirpur
3630,2025-07-22,Tuesday,7,1799,Biryani,Main Course,7,320,2240,27,7,20,3,Delivery was late,Negative,Cash,Uttara
3631,2025-06-10,Tuesday,6,1451,Fried Rice,Main Course,5,280,1400,15,5,10,2,Highly recommended,Positive,Nagad,Banani
3632,2025-07-17,Thursday,7,1667,Burger,Fast Food,5,250,1250,14,5,9,5,It was okay,Neutral,Nagad,Banani
3633,2025-08-29,Friday,8,1076,Pasta,Main Course,1,350,350,21,1,20,2,Very tasty and fresh,Positive,Nagad,Mirpur
3634,2025-04-02,Wednesday,4,1715,Pasta,Main Course,1,350,350,6,1,5,2,Very tasty and fresh,Positive,Bkash,Dhanmondi
3635,2025-01-10,Friday,1,1823,Ice Cream,Dessert,8,120,960,17,8,9,3,Highly recommended,Positive,Bkash,Mirpur
3636,2025-04-04,Friday,4,1762,Juice,Beverage,6,150,900,20,6,14,3,Not worth the price,Negative,Card,Banani
3637,2025-08-11,Monday,8,1824,Fried Rice,Main Course,6,280,1680,16,6,10,3,Excellent food and fast service,Positive,Card,Banani
3638,2025-11-28,Friday,11,1528,Fried Rice,Main Course,3,280,840,22,3,19,2,Highly recommended,Positive,Nagad,Dhanmondi
3639,2025-05-21,Wednesday,5,1791,Biryani,Main Course,4,320,1280,20,4,16,3,Not worth the price,Negative,Cash,Mirpur
3640,2025-10-24,Friday,10,1607,Fried Rice,Main Course,2,280,560,9,2,7,3,Acceptable,Neutral,Cash,Uttara
3641,2025-06-13,Friday,6,1007,Fried Rice,Main Course,5,280,1400,24,5,19,5,Service was normal,Neutral,Cash,Banani
3642,2025-09-03,Wednesday,9,1624,Coffee,Beverage,1,180,180,15,1,14,5,Amazing quality,Positive,Card,Mirpur
3643,2025-08-22,Friday,8,1243,Juice,Beverage,7,150,1050,25,7,18,2,Excellent food and fast service,Positive,Bkash,Mirpur
3644,2025-02-07,Friday,2,1766,Ice Cream,Dessert,5,120,600,18,5,13,3,Service was normal,Neutral,Card,Mirpur
3645,2025-10-26,Sunday,10,1724,Coffee,Beverage,6,180,1080,14,6,8,2,Very tasty and fresh,Positive,Bkash,Dhanmondi
3646,2025-06-29,Sunday,6,1112,Pasta,Main Course,2,350,700,20,2,18,2,Loved the food,Positive,Cash,Banani
3647,2025-09-12,Friday,9,1234,Pasta,Main Course,6,350,2100,14,6,8,5,Nothing special,Neutral,Bkash,Dhanmondi
3648,2025-06-21,Saturday,6,1904,Burger,Fast Food,5,250,1250,12,5,7,3,Highly recommended,Positive,Card,Uttara
3649,2025-05-14,Wednesday,5,1889,Biryani,Main Course,7,320,2240,27,7,20,2,Not worth the price,Negative,Card,Uttara
3650,2025-04-21,Monday,4,1064,Noodles,Main Course,2,260,520,11,2,9,3,Highly recommended,Positive,Bkash,Mirpur
3651,2025-12-12,Friday,12,1072,Sandwich,Fast Food,6,220,1320,15,6,9,3,Food was cold,Negative,Nagad,Mirpur
3652,2025-10-25,Saturday,10,1072,Juice,Beverage,4,150,600,24,4,20,2,Delivery was late,Negative,Bkash,Uttara
3653,2025-05-03,Saturday,5,1055,Pizza,Fast Food,1,550,550,18,1,17,5,Very tasty and fresh,Positive,Bkash,Mirpur
3654,2025-12-11,Thursday,12,1097,Burger,Fast Food,1,250,250,13,1,12,2,Bad experience,Negative,Card,Banani
3655,2025-06-02,Monday,6,1132,Noodles,Main Course,6,260,1560,13,6,7,2,Average taste,Neutral,Card,Mirpur
3656,2025-02-08,Saturday,2,1530,Pasta,Main Course,1,350,350,8,1,7,4,Very tasty and fresh,Positive,Nagad,Dhanmondi
3657,2025-08-06,Wednesday,8,1188,Noodles,Main Course,8,260,2080,27,8,19,2,It was okay,Neutral,Bkash,Banani
3658,2025-01-06,Monday,1,1680,Fried Rice,Main Course,3,280,840,8,3,5,5,Loved the food,Positive,Bkash,Uttara
3659,2025-04-15,Tuesday,4,1369,Pasta,Main Course,5,350,1750,14,5,9,2,Highly recommended,Positive,Cash,Dhanmondi
3660,2025-05-31,Saturday,5,1113,Juice,Beverage,1,150,150,8,1,7,3,Loved the food,Positive,Cash,Uttara
3661,2025-06-22,Sunday,6,1048,Coffee,Beverage,6,180,1080,25,6,19,5,Very tasty and fresh,Positive,Card,Uttara
3662,2025-12-14,Sunday,12,1133,Fried Rice,Main Course,6,280,1680,24,6,18,2,Nothing special,Neutral,Nagad,Banani
3663,2025-02-09,Sunday,2,1753,Noodles,Main Course,8,260,2080,27,8,19,5,Highly recommended,Positive,Bkash,Dhanmondi
3664,2025-04-22,Tuesday,4,1808,Noodles,Main Course,8,260,2080,27,8,19,3,It was okay,Neutral,Cash,Uttara
3665,2025-11-11,Tuesday,11,1230,Sandwich,Fast Food,3,220,660,9,3,6,2,Highly recommended,Positive,Bkash,Mirpur
3666,2025-03-01,Saturday,3,1419,Ice Cream,Dessert,5,120,600,20,5,15,2,Amazing quality,Positive,Nagad,Uttara
3667,2025-05-24,Saturday,5,1673,Pizza,Fast Food,1,550,550,21,1,20,5,Bad experience,Negative,Bkash,Dhanmondi
3668,2025-05-07,Wednesday,5,1339,Pizza,Fast Food,6,550,3300,26,6,20,3,Bad experience,Negative,Cash,Mirpur
3669,2025-05-03,Saturday,5,1847,Juice,Beverage,3,150,450,9,3,6,4,Loved the food,Positive,Card,Uttara
3670,2025-10-26,Sunday,10,1257,Biryani,Main Course,8,320,2560,15,8,7,2,Service was normal,Neutral,Nagad,Uttara
3671,2025-09-22,Monday,9,1756,Coffee,Beverage,7,180,1260,26,7,19,5,Excellent food and fast service,Positive,Cash,Mirpur
3672,2025-04-11,Friday,4,1367,Sandwich,Fast Food,5,220,1100,15,5,10,4,Loved the food,Positive,Bkash,Uttara
3673,2025-12-11,Thursday,12,1460,Coffee,Beverage,5,180,900,19,5,14,5,Food was cold,Negative,Nagad,Banani
3674,2025-12-24,Wednesday,12,1780,Noodles,Main Course,3,260,780,12,3,9,2,Food was cold,Negative,Cash,Banani
3675,2025-03-13,Thursday,3,1317,Burger,Fast Food,5,250,1250,10,5,5,5,Acceptable,Neutral,Cash,Dhanmondi
3676,2025-03-30,Sunday,3,1684,Pasta,Main Course,7,350,2450,15,7,8,5,Service was normal,Neutral,Cash,Mirpur
3677,2025-02-18,Tuesday,2,1534,Burger,Fast Food,5,250,1250,23,5,18,5,Excellent food and fast service,Positive,Bkash,Mirpur
3678,2025-03-18,Tuesday,3,1060,Juice,Beverage,3,150,450,17,3,14,4,Highly recommended,Positive,Nagad,Banani
3679,2025-02-12,Wednesday,2,1797,Pizza,Fast Food,1,550,550,9,1,8,2,Highly recommended,Positive,Card,Uttara
3680,2025-03-22,Saturday,3,1229,Coffee,Beverage,8,180,1440,14,8,6,2,Service was normal,Neutral,Nagad,Uttara
3681,2025-03-10,Monday,3,1628,Pasta,Main Course,7,350,2450,25,7,18,5,Acceptable,Neutral,Bkash,Dhanmondi
3682,2025-04-20,Sunday,4,1822,Burger,Fast Food,5,250,1250,17,5,12,5,Excellent food and fast service,Positive,Nagad,Uttara
3683,2025-05-14,Wednesday,5,1875,Juice,Beverage,3,150,450,17,3,14,2,Loved the food,Positive,Cash,Uttara
3684,2025-01-31,Friday,1,1085,Pizza,Fast Food,7,550,3850,21,7,14,4,Very tasty and fresh,Positive,Bkash,Banani
3685,2025-07-10,Thursday,7,1082,Pizza,Fast Food,2,550,1100,12,2,10,5,Amazing quality,Positive,Cash,Dhanmondi
3686,2025-05-06,Tuesday,5,1362,Pasta,Main Course,4,350,1400,23,4,19,5,Very tasty and fresh,Positive,Nagad,Mirpur
3687,2025-01-15,Wednesday,1,1896,Coffee,Beverage,4,180,720,21,4,17,3,Excellent food and fast service,Positive,Card,Dhanmondi
3688,2025-02-07,Friday,2,1606,Coffee,Beverage,5,180,900,13,5,8,2,Average taste,Neutral,Card,Dhanmondi
3689,2025-07-14,Monday,7,1665,Burger,Fast Food,8,250,2000,16,8,8,3,Highly recommended,Positive,Cash,Dhanmondi
3690,2025-07-04,Friday,7,1271,Biryani,Main Course,3,320,960,10,3,7,3,Too salty,Negative,Nagad,Banani
3691,2025-12-01,Monday,12,1323,Fried Rice,Main Course,6,280,1680,17,6,11,5,Very tasty and fresh,Positive,Cash,Dhanmondi
3692,2025-07-29,Tuesday,7,1423,Pizza,Fast Food,6,550,3300,20,6,14,2,Very tasty and fresh,Positive,Bkash,Mirpur
3693,2025-06-11,Wednesday,6,1411,Fried Rice,Main Course,8,280,2240,23,8,15,3,Very tasty and fresh,Positive,Bkash,Dhanmondi
3694,2025-10-01,Wednesday,10,1818,Pizza,Fast Food,5,550,2750,19,5,14,3,Delivery was late,Negative,Card,Uttara
3695,2025-06-27,Friday,6,1057,Noodles,Main Course,6,260,1560,18,6,12,3,Bad experience,Negative,Bkash,Uttara
3696,2025-09-18,Thursday,9,1323,Noodles,Main Course,1,260,260,16,1,15,2,Highly recommended,Positive,Nagad,Dhanmondi
3697,2025-10-27,Monday,10,1933,Sandwich,Fast Food,4,220,880,20,4,16,3,Loved the food,Positive,Bkash,Uttara
3698,2025-05-24,Saturday,5,1797,Sandwich,Fast Food,8,220,1760,28,8,20,4,Loved the food,Positive,Nagad,Mirpur
3699,2025-10-28,Tuesday,10,1049,Fried Rice,Main Course,1,280,280,15,1,14,5,Excellent food and fast service,Positive,Cash,Banani
3700,2025-10-18,Saturday,10,1128,Noodles,Main Course,3,260,780,20,3,17,5,Highly recommended,Positive,Bkash,Mirpur
3701,2025-04-17,Thursday,4,1360,Sandwich,Fast Food,8,220,1760,20,8,12,4,Acceptable,Neutral,Nagad,Dhanmondi
3702,2025-10-26,Sunday,10,1024,Pizza,Fast Food,3,550,1650,11,3,8,5,Loved the food,Positive,Card,Mirpur
3703,2025-05-10,Saturday,5,1061,Coffee,Beverage,4,180,720,22,4,18,3,Highly recommended,Positive,Card,Mirpur
3704,2025-08-28,Thursday,8,1369,Burger,Fast Food,8,250,2000,17,8,9,2,Very tasty and fresh,Positive,Nagad,Mirpur
3705,2025-04-14,Monday,4,1060,Pizza,Fast Food,7,550,3850,13,7,6,3,Loved the food,Positive,Bkash,Uttara
3706,2025-12-12,Friday,12,1570,Ice Cream,Dessert,5,120,600,18,5,13,4,Not worth the price,Negative,Card,Uttara
3707,2025-08-07,Thursday,8,1344,Pizza,Fast Food,8,550,4400,21,8,13,4,Loved the food,Positive,Bkash,Mirpur
3708,2025-08-22,Friday,8,1743,Noodles,Main Course,2,260,520,12,2,10,2,Very tasty and fresh,Positive,Nagad,Mirpur
3709,2025-12-15,Monday,12,1870,Biryani,Main Course,8,320,2560,16,8,8,3,Very tasty and fresh,Positive,Bkash,Dhanmondi
3710,2025-03-24,Monday,3,1487,Fried Rice,Main Course,4,280,1120,21,4,17,5,Delivery was late,Negative,Cash,Banani
3711,2025-07-29,Tuesday,7,1745,Pasta,Main Course,1,350,350,14,1,13,5,Too salty,Negative,Bkash,Mirpur
3712,2025-02-20,Thursday,2,1979,Pizza,Fast Food,3,550,1650,20,3,17,2,Excellent food and fast service,Positive,Cash,Mirpur
3713,2025-01-04,Saturday,1,1695,Biryani,Main Course,3,320,960,13,3,10,4,Loved the food,Positive,Bkash,Uttara
3714,2025-09-27,Saturday,9,1186,Biryani,Main Course,8,320,2560,26,8,18,3,Loved the food,Positive,Card,Mirpur
3715,2025-12-24,Wednesday,12,1198,Pasta,Main Course,4,350,1400,16,4,12,3,Not worth the price,Negative,Nagad,Uttara
3716,2025-11-08,Saturday,11,1122,Juice,Beverage,3,150,450,10,3,7,2,Too salty,Negative,Cash,Uttara
3717,2025-07-14,Monday,7,1263,Burger,Fast Food,8,250,2000,27,8,19,3,Average taste,Neutral,Bkash,Banani
3718,2025-10-19,Sunday,10,1369,Juice,Beverage,6,150,900,17,6,11,4,Food was cold,Negative,Nagad,Uttara
3719,2025-02-27,Thursday,2,1572,Burger,Fast Food,6,250,1500,16,6,10,3,Amazing quality,Positive,Cash,Banani
3720,2025-04-24,Thursday,4,1861,Burger,Fast Food,6,250,1500,12,6,6,3,Very tasty and fresh,Positive,Nagad,Banani
3721,2025-04-27,Sunday,4,1963,Pizza,Fast Food,3,550,1650,23,3,20,2,Too salty,Negative,Bkash,Mirpur
3722,2025-01-27,Monday,1,1538,Biryani,Main Course,8,320,2560,24,8,16,3,Average taste,Neutral,Nagad,Dhanmondi
3723,2025-01-01,Wednesday,1,1574,Ice Cream,Dessert,1,120,120,21,1,20,5,Excellent food and fast service,Positive,Cash,Uttara
3724,2025-03-04,Tuesday,3,1658,Noodles,Main Course,5,260,1300,21,5,16,4,Amazing quality,Positive,Nagad,Dhanmondi
3725,2025-03-09,Sunday,3,1928,Fried Rice,Main Course,4,280,1120,11,4,7,5,Bad experience,Negative,Bkash,Dhanmondi
3726,2025-08-24,Sunday,8,1014,Coffee,Beverage,8,180,1440,13,8,5,2,Very tasty and fresh,Positive,Nagad,Dhanmondi
3727,2025-11-06,Thursday,11,1977,Pasta,Main Course,2,350,700,21,2,19,4,Very tasty and fresh,Positive,Cash,Uttara
3728,2025-01-13,Monday,1,1528,Burger,Fast Food,8,250,2000,26,8,18,5,Loved the food,Positive,Bkash,Mirpur
3729,2025-12-16,Tuesday,12,1771,Noodles,Main Course,6,260,1560,11,6,5,2,Amazing quality,Positive,Bkash,Mirpur
3730,2025-01-23,Thursday,1,1422,Pasta,Main Course,8,350,2800,18,8,10,4,Not worth the price,Negative,Nagad,Uttara
3731,2025-08-17,Sunday,8,1294,Biryani,Main Course,7,320,2240,22,7,15,3,Excellent food and fast service,Positive,Cash,Mirpur
3732,2025-04-26,Saturday,4,1928,Noodles,Main Course,5,260,1300,20,5,15,5,Too salty,Negative,Card,Dhanmondi
3733,2025-09-07,Sunday,9,1890,Juice,Beverage,5,150,750,16,5,11,3,Bad experience,Negative,Bkash,Dhanmondi
3734,2025-08-06,Wednesday,8,1569,Juice,Beverage,8,150,1200,21,8,13,5,Not worth the price,Negative,Bkash,Mirpur
3735,2025-08-17,Sunday,8,1468,Pasta,Main Course,2,350,700,9,2,7,3,Highly recommended,Positive,Nagad,Mirpur
3736,2025-02-16,Sunday,2,1550,Noodles,Main Course,8,260,2080,20,8,12,4,Nothing special,Neutral,Card,Banani
3737,2025-08-31,Sunday,8,1899,Burger,Fast Food,2,250,500,12,2,10,2,Very tasty and fresh,Positive,Nagad,Mirpur
3738,2025-07-02,Wednesday,7,1559,Ice Cream,Dessert,3,120,360,16,3,13,2,Not worth the price,Negative,Bkash,Banani
3739,2025-01-02,Thursday,1,1398,Pasta,Main Course,1,350,350,21,1,20,4,It was okay,Neutral,Cash,Banani
3740,2025-07-11,Friday,7,1142,Juice,Beverage,3,150,450,21,3,18,2,Bad experience,Negative,Card,Uttara
3741,2025-08-29,Friday,8,1398,Fried Rice,Main Course,6,280,1680,26,6,20,5,Loved the food,Positive,Card,Dhanmondi
3742,2025-03-21,Friday,3,1468,Fried Rice,Main Course,1,280,280,6,1,5,4,Loved the food,Positive,Cash,Mirpur
3743,2025-04-30,Wednesday,4,1389,Biryani,Main Course,5,320,1600,15,5,10,2,Highly recommended,Positive,Cash,Dhanmondi
3744,2025-06-20,Friday,6,1714,Sandwich,Fast Food,4,220,880,22,4,18,3,Average taste,Neutral,Cash,Uttara
3745,2025-05-18,Sunday,5,1128,Pizza,Fast Food,4,550,2200,21,4,17,4,Very tasty and fresh,Positive,Nagad,Mirpur
3746,2025-11-12,Wednesday,11,1754,Ice Cream,Dessert,8,120,960,27,8,19,5,Food was cold,Negative,Cash,Banani
3747,2025-01-23,Thursday,1,1851,Burger,Fast Food,8,250,2000,21,8,13,4,Food was cold,Negative,Card,Uttara
3748,2025-08-16,Saturday,8,1747,Burger,Fast Food,1,250,250,14,1,13,5,Average taste,Neutral,Bkash,Mirpur
3749,2025-04-11,Friday,4,1244,Juice,Beverage,8,150,1200,15,8,7,5,Nothing special,Neutral,Nagad,Uttara
3750,2025-02-10,Monday,2,1756,Coffee,Beverage,8,180,1440,28,8,20,4,Average taste,Neutral,Bkash,Mirpur
3751,2025-09-14,Sunday,9,1778,Juice,Beverage,7,150,1050,15,7,8,5,Loved the food,Positive,Bkash,Dhanmondi
3752,2025-05-21,Wednesday,5,1256,Biryani,Main Course,8,320,2560,24,8,16,2,Food was cold,Negative,Nagad,Uttara
3753,2025-08-03,Sunday,8,1139,Fried Rice,Main Course,5,280,1400,15,5,10,3,Very tasty and fresh,Positive,Card,Uttara
3754,2025-03-04,Tuesday,3,1216,Coffee,Beverage,1,180,180,6,1,5,3,Excellent food and fast service,Positive,Cash,Mirpur
3755,2025-05-20,Tuesday,5,1072,Noodles,Main Course,5,260,1300,21,5,16,4,Highly recommended,Positive,Bkash,Dhanmondi
3756,2025-08-26,Tuesday,8,1561,Juice,Beverage,7,150,1050,12,7,5,3,Highly recommended,Positive,Cash,Dhanmondi
3757,2025-07-25,Friday,7,1942,Pasta,Main Course,6,350,2100,25,6,19,5,Nothing special,Neutral,Nagad,Mirpur
3758,2025-08-31,Sunday,8,1996,Juice,Beverage,7,150,1050,24,7,17,5,Not worth the price,Negative,Cash,Mirpur
3759,2025-03-06,Thursday,3,1337,Burger,Fast Food,6,250,1500,15,6,9,4,Loved the food,Positive,Card,Dhanmondi
3760,2025-09-09,Tuesday,9,1531,Coffee,Beverage,1,180,180,15,1,14,5,Amazing quality,Positive,Card,Banani
3761,2025-03-15,Saturday,3,1170,Sandwich,Fast Food,6,220,1320,20,6,14,2,It was okay,Neutral,Nagad,Dhanmondi
3762,2025-12-18,Thursday,12,1174,Noodles,Main Course,6,260,1560,12,6,6,5,Amazing quality,Positive,Card,Banani
3763,2025-12-18,Thursday,12,1143,Pasta,Main Course,1,350,350,7,1,6,4,Highly recommended,Positive,Nagad,Banani
3764,2025-04-14,Monday,4,1263,Ice Cream,Dessert,1,120,120,13,1,12,3,Excellent food and fast service,Positive,Cash,Uttara
3765,2025-02-15,Saturday,2,1918,Noodles,Main Course,4,260,1040,16,4,12,2,Excellent food and fast service,Positive,Cash,Dhanmondi
3766,2025-09-18,Thursday,9,1544,Pasta,Main Course,1,350,350,18,1,17,4,Amazing quality,Positive,Bkash,Banani
3767,2025-06-13,Friday,6,1402,Coffee,Beverage,3,180,540,17,3,14,2,Amazing quality,Positive,Bkash,Dhanmondi
3768,2025-05-22,Thursday,5,1465,Fried Rice,Main Course,7,280,1960,26,7,19,3,Too salty,Negative,Bkash,Dhanmondi
3769,2025-08-20,Wednesday,8,1672,Ice Cream,Dessert,4,120,480,23,4,19,3,Average taste,Neutral,Bkash,Mirpur
3770,2025-07-23,Wednesday,7,1827,Juice,Beverage,7,150,1050,19,7,12,4,It was okay,Neutral,Nagad,Mirpur
3771,2025-02-04,Tuesday,2,1925,Sandwich,Fast Food,3,220,660,18,3,15,2,Not worth the price,Negative,Cash,Dhanmondi
3772,2025-08-10,Sunday,8,1649,Biryani,Main Course,5,320,1600,23,5,18,5,Too salty,Negative,Nagad,Uttara
3773,2025-10-31,Friday,10,1880,Fried Rice,Main Course,7,280,1960,21,7,14,4,Amazing quality,Positive,Cash,Banani
3774,2025-10-30,Thursday,10,1907,Sandwich,Fast Food,4,220,880,22,4,18,2,Amazing quality,Positive,Cash,Dhanmondi
3775,2025-03-09,Sunday,3,1320,Sandwich,Fast Food,2,220,440,8,2,6,3,Acceptable,Neutral,Cash,Uttara
3776,2025-10-04,Saturday,10,1794,Sandwich,Fast Food,3,220,660,11,3,8,4,Food was cold,Negative,Cash,Dhanmondi
3777,2025-11-21,Friday,11,1835,Pasta,Main Course,6,350,2100,23,6,17,4,Loved the food,Positive,Nagad,Uttara
3778,2025-03-19,Wednesday,3,1222,Burger,Fast Food,2,250,500,19,2,17,3,Highly recommended,Positive,Card,Mirpur
3779,2025-01-19,Sunday,1,1392,Noodles,Main Course,3,260,780,17,3,14,3,Very tasty and fresh,Positive,Bkash,Uttara
3780,2025-12-11,Thursday,12,1658,Noodles,Main Course,2,260,520,15,2,13,5,Excellent food and fast service,Positive,Bkash,Mirpur
3781,2025-11-01,Saturday,11,1062,Noodles,Main Course,5,260,1300,12,5,7,3,It was okay,Neutral,Bkash,Mirpur
3782,2025-04-08,Tuesday,4,1778,Coffee,Beverage,1,180,180,21,1,20,3,Excellent food and fast service,Positive,Card,Uttara
3783,2025-09-21,Sunday,9,1004,Burger,Fast Food,8,250,2000,13,8,5,4,Loved the food,Positive,Card,Dhanmondi
3784,2025-01-13,Monday,1,1178,Ice Cream,Dessert,1,120,120,20,1,19,3,Amazing quality,Positive,Bkash,Uttara
3785,2025-03-08,Saturday,3,1351,Sandwich,Fast Food,8,220,1760,20,8,12,4,Loved the food,Positive,Nagad,Banani
3786,2025-02-03,Monday,2,1345,Sandwich,Fast Food,3,220,660,22,3,19,4,Very tasty and fresh,Positive,Bkash,Dhanmondi
3787,2025-05-28,Wednesday,5,1438,Sandwich,Fast Food,2,220,440,12,2,10,2,Not worth the price,Negative,Bkash,Uttara
3788,2025-10-25,Saturday,10,1852,Fried Rice,Main Course,3,280,840,16,3,13,3,Excellent food and fast service,Positive,Cash,Mirpur
3789,2025-01-31,Friday,1,1651,Pizza,Fast Food,4,550,2200,17,4,13,3,Delivery was late,Negative,Cash,Banani
3790,2025-03-22,Saturday,3,1484,Sandwich,Fast Food,6,220,1320,16,6,10,3,Not worth the price,Negative,Card,Dhanmondi
3791,2025-03-09,Sunday,3,1705,Ice Cream,Dessert,1,120,120,13,1,12,2,Excellent food and fast service,Positive,Card,Banani
3792,2025-06-27,Friday,6,1971,Ice Cream,Dessert,4,120,480,20,4,16,4,Excellent food and fast service,Positive,Card,Dhanmondi
3793,2025-02-15,Saturday,2,1876,Juice,Beverage,3,150,450,13,3,10,4,Highly recommended,Positive,Cash,Dhanmondi
3794,2025-01-02,Thursday,1,1401,Pasta,Main Course,5,350,1750,16,5,11,4,Very tasty and fresh,Positive,Bkash,Mirpur
3795,2025-04-18,Friday,4,1706,Biryani,Main Course,7,320,2240,14,7,7,2,Very tasty and fresh,Positive,Cash,Banani
3796,2025-11-19,Wednesday,11,1244,Biryani,Main Course,3,320,960,22,3,19,4,Amazing quality,Positive,Card,Banani
3797,2025-09-18,Thursday,9,1057,Burger,Fast Food,8,250,2000,23,8,15,3,Average taste,Neutral,Card,Mirpur
3798,2025-04-22,Tuesday,4,1681,Burger,Fast Food,1,250,250,7,1,6,5,Excellent food and fast service,Positive,Card,Uttara
3799,2025-06-25,Wednesday,6,1290,Noodles,Main Course,7,260,1820,27,7,20,5,Too salty,Negative,Bkash,Banani
3800,2025-03-03,Monday,3,1247,Sandwich,Fast Food,3,220,660,17,3,14,4,Food was cold,Negative,Bkash,Banani
3801,2025-11-23,Sunday,11,1362,Fried Rice,Main Course,4,280,1120,14,4,10,5,Nothing special,Neutral,Bkash,Dhanmondi
3802,2025-06-21,Saturday,6,1320,Pasta,Main Course,7,350,2450,18,7,11,5,Highly recommended,Positive,Card,Mirpur
3803,2025-02-04,Tuesday,2,1405,Noodles,Main Course,6,260,1560,14,6,8,5,Nothing special,Neutral,Bkash,Mirpur
3804,2025-10-24,Friday,10,1722,Juice,Beverage,6,150,900,24,6,18,3,Very tasty and fresh,Positive,Nagad,Mirpur
3805,2025-03-20,Thursday,3,1090,Biryani,Main Course,7,320,2240,20,7,13,2,Very tasty and fresh,Positive,Card,Uttara
3806,2025-03-07,Friday,3,1939,Coffee,Beverage,2,180,360,15,2,13,4,Highly recommended,Positive,Card,Banani
3807,2025-11-25,Tuesday,11,1279,Biryani,Main Course,4,320,1280,24,4,20,2,Excellent food and fast service,Positive,Bkash,Uttara
3808,2025-08-08,Friday,8,1047,Pasta,Main Course,4,350,1400,10,4,6,2,Highly recommended,Positive,Card,Banani
3809,2025-03-21,Friday,3,1370,Biryani,Main Course,3,320,960,11,3,8,3,Very tasty and fresh,Positive,Bkash,Uttara
3810,2025-11-07,Friday,11,1581,Biryani,Main Course,3,320,960,19,3,16,5,Loved the food,Positive,Card,Mirpur
3811,2025-01-14,Tuesday,1,1943,Sandwich,Fast Food,7,220,1540,22,7,15,5,Excellent food and fast service,Positive,Card,Mirpur
3812,2025-09-13,Saturday,9,1517,Juice,Beverage,8,150,1200,13,8,5,3,Highly recommended,Positive,Bkash,Mirpur
3813,2025-07-24,Thursday,7,1227,Juice,Beverage,7,150,1050,24,7,17,5,Acceptable,Neutral,Cash,Mirpur
3814,2025-04-18,Friday,4,1927,Noodles,Main Course,7,260,1820,17,7,10,2,Too salty,Negative,Bkash,Mirpur
3815,2025-10-24,Friday,10,1811,Biryani,Main Course,6,320,1920,24,6,18,3,Highly recommended,Positive,Nagad,Banani
3816,2025-10-17,Friday,10,1499,Biryani,Main Course,4,320,1280,13,4,9,3,Very tasty and fresh,Positive,Bkash,Banani
3817,2025-10-04,Saturday,10,1478,Ice Cream,Dessert,3,120,360,23,3,20,3,Too salty,Negative,Card,Uttara
3818,2025-05-10,Saturday,5,1361,Pasta,Main Course,7,350,2450,25,7,18,2,Excellent food and fast service,Positive,Bkash,Banani
3819,2025-02-14,Friday,2,1172,Noodles,Main Course,1,260,260,18,1,17,5,Not worth the price,Negative,Nagad,Uttara
3820,2025-05-20,Tuesday,5,1368,Pasta,Main Course,5,350,1750,10,5,5,2,Acceptable,Neutral,Nagad,Mirpur
3821,2025-08-02,Saturday,8,1998,Pizza,Fast Food,4,550,2200,18,4,14,3,Amazing quality,Positive,Card,Dhanmondi
3822,2025-10-06,Monday,10,1274,Fried Rice,Main Course,1,280,280,9,1,8,5,Very tasty and fresh,Positive,Nagad,Dhanmondi
3823,2025-03-11,Tuesday,3,1646,Fried Rice,Main Course,8,280,2240,28,8,20,2,It was okay,Neutral,Cash,Uttara
3824,2025-03-23,Sunday,3,1782,Burger,Fast Food,2,250,500,19,2,17,4,Amazing quality,Positive,Card,Dhanmondi
3825,2025-01-04,Saturday,1,1074,Biryani,Main Course,4,320,1280,12,4,8,3,Very tasty and fresh,Positive,Card,Banani
3826,2025-11-23,Sunday,11,1566,Fried Rice,Main Course,2,280,560,16,2,14,3,Acceptable,Neutral,Cash,Uttara
3827,2025-09-06,Saturday,9,1937,Burger,Fast Food,3,250,750,15,3,12,5,Amazing quality,Positive,Nagad,Uttara
3828,2025-01-18,Saturday,1,1100,Pizza,Fast Food,3,550,1650,19,3,16,5,It was okay,Neutral,Nagad,Mirpur
3829,2025-07-24,Thursday,7,1671,Ice Cream,Dessert,1,120,120,6,1,5,2,Average taste,Neutral,Nagad,Banani
3830,2025-06-25,Wednesday,6,1244,Fried Rice,Main Course,3,280,840,17,3,14,4,Bad experience,Negative,Card,Banani
3831,2025-02-28,Friday,2,1311,Coffee,Beverage,2,180,360,17,2,15,5,Highly recommended,Positive,Cash,Dhanmondi
3832,2025-08-27,Wednesday,8,1545,Burger,Fast Food,8,250,2000,13,8,5,3,Very tasty and fresh,Positive,Cash,Mirpur
3833,2025-01-28,Tuesday,1,1955,Burger,Fast Food,4,250,1000,9,4,5,3,Bad experience,Negative,Bkash,Dhanmondi
3834,2025-04-02,Wednesday,4,1025,Fried Rice,Main Course,3,280,840,11,3,8,4,Excellent food and fast service,Positive,Card,Uttara
3835,2025-05-16,Friday,5,1191,Pizza,Fast Food,4,550,2200,13,4,9,5,Service was normal,Neutral,Nagad,Uttara
3836,2025-07-04,Friday,7,1101,Biryani,Main Course,1,320,320,11,1,10,5,Excellent food and fast service,Positive,Nagad,Mirpur
3837,2025-05-29,Thursday,5,1695,Biryani,Main Course,4,320,1280,14,4,10,2,Not worth the price,Negative,Cash,Dhanmondi
3838,2025-07-25,Friday,7,1813,Sandwich,Fast Food,2,220,440,10,2,8,5,Not worth the price,Negative,Card,Dhanmondi
3839,2025-04-02,Wednesday,4,1895,Coffee,Beverage,2,180,360,17,2,15,4,Highly recommended,Positive,Card,Banani
3840,2025-08-15,Friday,8,1587,Fried Rice,Main Course,1,280,280,11,1,10,4,Amazing quality,Positive,Cash,Banani
3841,2025-12-18,Thursday,12,1369,Coffee,Beverage,4,180,720,9,4,5,3,Excellent food and fast service,Positive,Cash,Mirpur
3842,2025-02-08,Saturday,2,1002,Burger,Fast Food,6,250,1500,11,6,5,4,Loved the food,Positive,Bkash,Uttara
3843,2025-10-08,Wednesday,10,1800,Pasta,Main Course,7,350,2450,27,7,20,5,Very tasty and fresh,Positive,Bkash,Banani
3844,2025-08-20,Wednesday,8,1670,Ice Cream,Dessert,8,120,960,14,8,6,3,Acceptable,Neutral,Cash,Banani
3845,2025-07-21,Monday,7,1237,Pasta,Main Course,5,350,1750,11,5,6,4,Amazing quality,Positive,Bkash,Dhanmondi
3846,2025-02-13,Thursday,2,1453,Sandwich,Fast Food,3,220,660,22,3,19,3,Amazing quality,Positive,Card,Uttara
3847,2025-10-17,Friday,10,1110,Burger,Fast Food,2,250,500,14,2,12,2,Loved the food,Positive,Card,Dhanmondi
3848,2025-04-09,Wednesday,4,1546,Pasta,Main Course,1,350,350,19,1,18,2,Not worth the price,Negative,Cash,Dhanmondi
3849,2025-07-06,Sunday,7,1065,Burger,Fast Food,3,250,750,17,3,14,2,Loved the food,Positive,Nagad,Mirpur
3850,2025-09-01,Monday,9,1278,Pizza,Fast Food,2,550,1100,21,2,19,4,Highly recommended,Positive,Nagad,Banani
3851,2025-09-19,Friday,9,1167,Noodles,Main Course,7,260,1820,18,7,11,4,Average taste,Neutral,Cash,Banani
3852,2025-12-05,Friday,12,1701,Ice Cream,Dessert,1,120,120,15,1,14,2,Acceptable,Neutral,Card,Dhanmondi
3853,2025-10-23,Thursday,10,1840,Burger,Fast Food,2,250,500,10,2,8,4,Too salty,Negative,Nagad,Banani
3854,2025-12-22,Monday,12,1598,Juice,Beverage,8,150,1200,27,8,19,4,Excellent food and fast service,Positive,Card,Mirpur
3855,2025-10-17,Friday,10,1156,Juice,Beverage,1,150,150,9,1,8,2,Amazing quality,Positive,Nagad,Banani
3856,2025-06-06,Friday,6,1776,Coffee,Beverage,2,180,360,22,2,20,2,Not worth the price,Negative,Card,Uttara
3857,2025-12-07,Sunday,12,1980,Fried Rice,Main Course,1,280,280,14,1,13,3,Service was normal,Neutral,Bkash,Banani
3858,2025-09-16,Tuesday,9,1882,Biryani,Main Course,8,320,2560,27,8,19,3,Service was normal,Neutral,Card,Dhanmondi
3859,2025-11-13,Thursday,11,1485,Coffee,Beverage,3,180,540,16,3,13,3,Amazing quality,Positive,Bkash,Banani
3860,2025-03-31,Monday,3,1717,Sandwich,Fast Food,3,220,660,14,3,11,5,Loved the food,Positive,Cash,Uttara
3861,2025-12-25,Thursday,12,1681,Pasta,Main Course,1,350,350,13,1,12,5,Highly recommended,Positive,Card,Mirpur
3862,2025-07-16,Wednesday,7,1254,Pasta,Main Course,5,350,1750,18,5,13,3,Highly recommended,Positive,Bkash,Banani
3863,2025-12-13,Saturday,12,1750,Coffee,Beverage,3,180,540,15,3,12,5,Acceptable,Neutral,Nagad,Banani
3864,2025-03-27,Thursday,3,1850,Biryani,Main Course,8,320,2560,20,8,12,3,Very tasty and fresh,Positive,Bkash,Dhanmondi
3865,2025-07-19,Saturday,7,1251,Biryani,Main Course,1,320,320,9,1,8,4,Very tasty and fresh,Positive,Cash,Dhanmondi
3866,2025-05-15,Thursday,5,1261,Biryani,Main Course,2,320,640,18,2,16,4,Very tasty and fresh,Positive,Card,Banani
3867,2025-04-19,Saturday,4,1199,Juice,Beverage,3,150,450,21,3,18,4,Very tasty and fresh,Positive,Nagad,Dhanmondi
3868,2025-05-26,Monday,5,1757,Pasta,Main Course,5,350,1750,21,5,16,4,Excellent food and fast service,Positive,Card,Mirpur
3869,2025-05-29,Thursday,5,1271,Biryani,Main Course,2,320,640,9,2,7,4,Loved the food,Positive,Bkash,Mirpur
3870,2025-09-02,Tuesday,9,1735,Pasta,Main Course,3,350,1050,10,3,7,4,Acceptable,Neutral,Card,Mirpur
3871,2025-07-13,Sunday,7,1113,Fried Rice,Main Course,2,280,560,18,2,16,2,Amazing quality,Positive,Nagad,Mirpur
3872,2025-09-09,Tuesday,9,1182,Ice Cream,Dessert,3,120,360,16,3,13,5,Service was normal,Neutral,Card,Mirpur
3873,2025-08-14,Thursday,8,1633,Fried Rice,Main Course,6,280,1680,17,6,11,5,Acceptable,Neutral,Bkash,Dhanmondi
3874,2025-07-04,Friday,7,1267,Fried Rice,Main Course,1,280,280,7,1,6,4,Excellent food and fast service,Positive,Cash,Uttara
3875,2025-05-23,Friday,5,1832,Sandwich,Fast Food,3,220,660,15,3,12,3,Highly recommended,Positive,Bkash,Mirpur
3876,2025-04-11,Friday,4,1307,Pizza,Fast Food,1,550,550,8,1,7,3,Highly recommended,Positive,Nagad,Banani
3877,2025-03-28,Friday,3,1943,Pasta,Main Course,4,350,1400,10,4,6,4,Food was cold,Negative,Nagad,Dhanmondi
3878,2025-08-06,Wednesday,8,1828,Juice,Beverage,7,150,1050,15,7,8,5,Nothing special,Neutral,Card,Banani
3879,2025-06-08,Sunday,6,1531,Ice Cream,Dessert,2,120,240,11,2,9,5,Average taste,Neutral,Cash,Banani
3880,2025-06-23,Monday,6,1448,Burger,Fast Food,7,250,1750,14,7,7,2,Too salty,Negative,Bkash,Dhanmondi
3881,2025-02-22,Saturday,2,1083,Pizza,Fast Food,3,550,1650,18,3,15,5,Very tasty and fresh,Positive,Cash,Dhanmondi
3882,2025-05-11,Sunday,5,1554,Burger,Fast Food,3,250,750,23,3,20,5,Amazing quality,Positive,Card,Uttara
3883,2025-02-27,Thursday,2,1765,Biryani,Main Course,1,320,320,18,1,17,4,Too salty,Negative,Card,Mirpur
3884,2025-01-19,Sunday,1,1517,Sandwich,Fast Food,7,220,1540,24,7,17,4,Nothing special,Neutral,Card,Dhanmondi
3885,2025-02-01,Saturday,2,1139,Pizza,Fast Food,5,550,2750,12,5,7,4,Loved the food,Positive,Nagad,Dhanmondi
3886,2025-11-25,Tuesday,11,1939,Sandwich,Fast Food,4,220,880,24,4,20,5,Amazing quality,Positive,Cash,Mirpur
3887,2025-10-24,Friday,10,1279,Coffee,Beverage,3,180,540,18,3,15,5,Acceptable,Neutral,Bkash,Banani
3888,2025-12-24,Wednesday,12,1515,Juice,Beverage,4,150,600,24,4,20,3,Acceptable,Neutral,Card,Dhanmondi
3889,2025-06-24,Tuesday,6,1656,Coffee,Beverage,8,180,1440,28,8,20,3,Amazing quality,Positive,Nagad,Banani
3890,2025-08-11,Monday,8,1041,Burger,Fast Food,8,250,2000,22,8,14,4,Average taste,Neutral,Card,Mirpur
3891,2025-12-11,Thursday,12,1836,Noodles,Main Course,2,260,520,17,2,15,3,Loved the food,Positive,Cash,Uttara
3892,2025-06-24,Tuesday,6,1647,Juice,Beverage,1,150,150,10,1,9,5,Amazing quality,Positive,Nagad,Banani
3893,2025-01-08,Wednesday,1,1928,Ice Cream,Dessert,7,120,840,18,7,11,5,Highly recommended,Positive,Cash,Banani
3894,2025-06-17,Tuesday,6,1297,Pizza,Fast Food,3,550,1650,10,3,7,3,Amazing quality,Positive,Nagad,Uttara
3895,2025-12-06,Saturday,12,1936,Biryani,Main Course,7,320,2240,21,7,14,2,Too salty,Negative,Cash,Uttara
3896,2025-05-23,Friday,5,1648,Coffee,Beverage,5,180,900,11,5,6,3,Amazing quality,Positive,Bkash,Banani
3897,2025-07-11,Friday,7,1481,Fried Rice,Main Course,6,280,1680,16,6,10,5,Delivery was late,Negative,Bkash,Dhanmondi
3898,2025-08-17,Sunday,8,1497,Juice,Beverage,6,150,900,21,6,15,4,Very tasty and fresh,Positive,Bkash,Uttara
3899,2025-06-19,Thursday,6,1849,Pizza,Fast Food,3,550,1650,13,3,10,4,Bad experience,Negative,Nagad,Banani
3900,2025-10-31,Friday,10,1872,Burger,Fast Food,2,250,500,22,2,20,3,Delivery was late,Negative,Nagad,Uttara
3901,2025-11-15,Saturday,11,1805,Pasta,Main Course,7,350,2450,22,7,15,5,Delivery was late,Negative,Nagad,Mirpur
3902,2025-12-14,Sunday,12,1680,Ice Cream,Dessert,1,120,120,10,1,9,4,Very tasty and fresh,Positive,Bkash,Dhanmondi
3903,2025-08-13,Wednesday,8,1584,Burger,Fast Food,1,250,250,14,1,13,2,Service was normal,Neutral,Card,Mirpur
3904,2025-03-15,Saturday,3,1857,Juice,Beverage,6,150,900,26,6,20,4,Delivery was late,Negative,Cash,Uttara
3905,2025-12-12,Friday,12,1164,Ice Cream,Dessert,8,120,960,25,8,17,4,Service was normal,Neutral,Nagad,Dhanmondi
3906,2025-06-09,Monday,6,1523,Biryani,Main Course,7,320,2240,17,7,10,4,Excellent food and fast service,Positive,Card,Dhanmondi
3907,2025-07-23,Wednesday,7,1070,Fried Rice,Main Course,4,280,1120,17,4,13,5,Food was cold,Negative,Nagad,Uttara
3908,2025-08-18,Monday,8,1914,Biryani,Main Course,3,320,960,20,3,17,3,Bad experience,Negative,Card,Dhanmondi
3909,2025-05-27,Tuesday,5,1049,Pizza,Fast Food,2,550,1100,22,2,20,3,Highly recommended,Positive,Card,Uttara
3910,2025-02-01,Saturday,2,1665,Noodles,Main Course,6,260,1560,20,6,14,4,Amazing quality,Positive,Card,Banani
3911,2025-12-01,Monday,12,1940,Juice,Beverage,1,150,150,11,1,10,3,Acceptable,Neutral,Cash,Uttara
3912,2025-08-30,Saturday,8,1032,Noodles,Main Course,1,260,260,11,1,10,3,Average taste,Neutral,Nagad,Banani
3913,2025-07-31,Thursday,7,1350,Sandwich,Fast Food,8,220,1760,27,8,19,5,Highly recommended,Positive,Nagad,Mirpur
3914,2025-07-02,Wednesday,7,1213,Coffee,Beverage,5,180,900,20,5,15,4,Average taste,Neutral,Cash,Mirpur
3915,2025-12-23,Tuesday,12,1110,Pasta,Main Course,4,350,1400,20,4,16,2,Average taste,Neutral,Card,Banani
3916,2025-11-16,Sunday,11,1550,Fried Rice,Main Course,6,280,1680,22,6,16,3,Excellent food and fast service,Positive,Card,Uttara
3917,2025-04-07,Monday,4,1318,Pizza,Fast Food,4,550,2200,20,4,16,4,Average taste,Neutral,Bkash,Dhanmondi
3918,2025-08-26,Tuesday,8,1141,Burger,Fast Food,3,250,750,20,3,17,5,Highly recommended,Positive,Cash,Banani
3919,2025-08-14,Thursday,8,1764,Pasta,Main Course,2,350,700,17,2,15,4,Average taste,Neutral,Bkash,Banani
3920,2025-08-12,Tuesday,8,1250,Biryani,Main Course,2,320,640,20,2,18,4,Bad experience,Negative,Card,Banani
3921,2025-12-23,Tuesday,12,1288,Ice Cream,Dessert,8,120,960,20,8,12,2,Amazing quality,Positive,Nagad,Mirpur
3922,2025-09-02,Tuesday,9,1234,Biryani,Main Course,6,320,1920,16,6,10,4,It was okay,Neutral,Card,Banani
3923,2025-08-25,Monday,8,1270,Pizza,Fast Food,3,550,1650,19,3,16,2,Amazing quality,Positive,Bkash,Mirpur
3924,2025-02-12,Wednesday,2,1282,Juice,Beverage,6,150,900,13,6,7,4,Acceptable,Neutral,Nagad,Mirpur
3925,2025-06-02,Monday,6,1006,Juice,Beverage,5,150,750,20,5,15,2,Amazing quality,Positive,Bkash,Dhanmondi
3926,2025-07-09,Wednesday,7,1384,Biryani,Main Course,5,320,1600,14,5,9,5,Bad experience,Negative,Bkash,Mirpur
3927,2025-05-11,Sunday,5,1780,Sandwich,Fast Food,1,220,220,8,1,7,5,Highly recommended,Positive,Bkash,Dhanmondi
3928,2025-03-05,Wednesday,3,1695,Pasta,Main Course,7,350,2450,26,7,19,3,Bad experience,Negative,Nagad,Banani
3929,2025-03-15,Saturday,3,1058,Coffee,Beverage,1,180,180,10,1,9,4,Food was cold,Negative,Cash,Banani
3930,2025-09-05,Friday,9,1043,Burger,Fast Food,8,250,2000,20,8,12,3,Highly recommended,Positive,Cash,Banani
3931,2025-02-20,Thursday,2,1632,Fried Rice,Main Course,5,280,1400,10,5,5,3,Acceptable,Neutral,Cash,Banani
3932,2025-05-18,Sunday,5,1353,Coffee,Beverage,8,180,1440,23,8,15,4,Not worth the price,Negative,Card,Uttara
3933,2025-03-06,Thursday,3,1346,Noodles,Main Course,7,260,1820,27,7,20,2,Acceptable,Neutral,Bkash,Dhanmondi
3934,2025-08-05,Tuesday,8,1112,Juice,Beverage,2,150,300,18,2,16,4,Highly recommended,Positive,Bkash,Banani
3935,2025-12-13,Saturday,12,1912,Juice,Beverage,2,150,300,20,2,18,4,Amazing quality,Positive,Cash,Uttara
3936,2025-08-04,Monday,8,1349,Fried Rice,Main Course,7,280,1960,20,7,13,4,Excellent food and fast service,Positive,Bkash,Dhanmondi
3937,2025-12-23,Tuesday,12,1342,Juice,Beverage,2,150,300,9,2,7,5,Amazing quality,Positive,Card,Uttara
3938,2025-03-09,Sunday,3,1404,Pasta,Main Course,6,350,2100,13,6,7,5,Loved the food,Positive,Cash,Uttara
3939,2025-02-11,Tuesday,2,1571,Biryani,Main Course,7,320,2240,26,7,19,5,Too salty,Negative,Nagad,Mirpur
3940,2025-09-27,Saturday,9,1952,Sandwich,Fast Food,7,220,1540,18,7,11,3,Highly recommended,Positive,Cash,Mirpur
3941,2025-03-24,Monday,3,1584,Sandwich,Fast Food,1,220,220,14,1,13,3,Nothing special,Neutral,Card,Mirpur
3942,2025-10-16,Thursday,10,1963,Pizza,Fast Food,7,550,3850,20,7,13,2,Excellent food and fast service,Positive,Card,Banani
3943,2025-05-25,Sunday,5,1996,Juice,Beverage,1,150,150,9,1,8,2,Very tasty and fresh,Positive,Cash,Banani
3944,2025-05-05,Monday,5,1831,Sandwich,Fast Food,1,220,220,17,1,16,5,It was okay,Neutral,Cash,Banani
3945,2025-03-18,Tuesday,3,1427,Biryani,Main Course,4,320,1280,9,4,5,5,Loved the food,Positive,Card,Mirpur
3946,2025-09-09,Tuesday,9,1170,Sandwich,Fast Food,6,220,1320,23,6,17,4,Service was normal,Neutral,Cash,Dhanmondi
3947,2025-06-02,Monday,6,1480,Burger,Fast Food,1,250,250,12,1,11,3,Delivery was late,Negative,Cash,Uttara
3948,2025-03-07,Friday,3,1211,Pasta,Main Course,3,350,1050,22,3,19,4,Highly recommended,Positive,Card,Uttara
3949,2025-06-24,Tuesday,6,1013,Juice,Beverage,2,150,300,10,2,8,3,Very tasty and fresh,Positive,Cash,Banani
3950,2025-12-11,Thursday,12,1575,Ice Cream,Dessert,6,120,720,24,6,18,4,Food was cold,Negative,Card,Dhanmondi
3951,2025-12-30,Tuesday,12,1477,Pizza,Fast Food,2,550,1100,12,2,10,5,Excellent food and fast service,Positive,Cash,Uttara
3952,2025-11-23,Sunday,11,1666,Juice,Beverage,7,150,1050,24,7,17,4,Highly recommended,Positive,Nagad,Uttara
3953,2025-09-17,Wednesday,9,1595,Pizza,Fast Food,4,550,2200,14,4,10,4,Loved the food,Positive,Bkash,Dhanmondi
3954,2025-04-09,Wednesday,4,1284,Fried Rice,Main Course,8,280,2240,14,8,6,2,Acceptable,Neutral,Card,Banani
3955,2025-07-04,Friday,7,1675,Fried Rice,Main Course,6,280,1680,17,6,11,3,Average taste,Neutral,Card,Mirpur
3956,2025-06-25,Wednesday,6,1596,Biryani,Main Course,8,320,2560,23,8,15,4,Excellent food and fast service,Positive,Cash,Uttara
3957,2025-01-28,Tuesday,1,1808,Coffee,Beverage,7,180,1260,26,7,19,2,Highly recommended,Positive,Card,Banani
3958,2025-06-18,Wednesday,6,1073,Biryani,Main Course,5,320,1600,19,5,14,4,Acceptable,Neutral,Card,Uttara
3959,2025-09-17,Wednesday,9,1335,Noodles,Main Course,3,260,780,8,3,5,2,Food was cold,Negative,Bkash,Banani
3960,2025-08-15,Friday,8,1409,Sandwich,Fast Food,7,220,1540,20,7,13,2,Very tasty and fresh,Positive,Nagad,Mirpur
3961,2025-08-14,Thursday,8,1981,Juice,Beverage,6,150,900,15,6,9,3,Very tasty and fresh,Positive,Nagad,Dhanmondi
3962,2025-10-18,Saturday,10,1576,Coffee,Beverage,5,180,900,10,5,5,4,Delivery was late,Negative,Bkash,Mirpur
3963,2025-04-08,Tuesday,4,1884,Pasta,Main Course,6,350,2100,25,6,19,5,Highly recommended,Positive,Cash,Uttara
3964,2025-10-05,Sunday,10,1795,Noodles,Main Course,7,260,1820,22,7,15,2,Average taste,Neutral,Cash,Mirpur
3965,2025-11-01,Saturday,11,1968,Coffee,Beverage,7,180,1260,26,7,19,3,Very tasty and fresh,Positive,Bkash,Uttara
3966,2025-07-16,Wednesday,7,1031,Burger,Fast Food,2,250,500,16,2,14,5,Highly recommended,Positive,Nagad,Dhanmondi
3967,2025-10-15,Wednesday,10,1504,Coffee,Beverage,4,180,720,22,4,18,2,Amazing quality,Positive,Nagad,Uttara
3968,2025-01-01,Wednesday,1,1563,Biryani,Main Course,1,320,320,13,1,12,2,Delivery was late,Negative,Cash,Uttara
3969,2025-01-06,Monday,1,1225,Ice Cream,Dessert,7,120,840,24,7,17,5,Not worth the price,Negative,Card,Dhanmondi
3970,2025-04-13,Sunday,4,1229,Sandwich,Fast Food,4,220,880,18,4,14,5,Acceptable,Neutral,Bkash,Banani
3971,2025-09-05,Friday,9,1355,Burger,Fast Food,8,250,2000,16,8,8,5,Excellent food and fast service,Positive,Bkash,Banani
3972,2025-05-27,Tuesday,5,1266,Fried Rice,Main Course,7,280,1960,27,7,20,5,Loved the food,Positive,Nagad,Uttara
3973,2025-11-04,Tuesday,11,1005,Fried Rice,Main Course,2,280,560,19,2,17,4,Amazing quality,Positive,Bkash,Banani
3974,2025-10-09,Thursday,10,1773,Noodles,Main Course,8,260,2080,20,8,12,4,Average taste,Neutral,Nagad,Dhanmondi
3975,2025-01-30,Thursday,1,1990,Biryani,Main Course,6,320,1920,17,6,11,3,Delivery was late,Negative,Nagad,Banani
3976,2025-03-07,Friday,3,1702,Coffee,Beverage,5,180,900,25,5,20,2,Average taste,Neutral,Bkash,Dhanmondi
3977,2025-06-06,Friday,6,1622,Burger,Fast Food,2,250,500,16,2,14,5,Loved the food,Positive,Cash,Dhanmondi
3978,2025-01-14,Tuesday,1,1518,Pizza,Fast Food,1,550,550,7,1,6,4,Amazing quality,Positive,Bkash,Banani
3979,2025-08-14,Thursday,8,1771,Fried Rice,Main Course,5,280,1400,25,5,20,3,Highly recommended,Positive,Cash,Mirpur
3980,2025-02-23,Sunday,2,1509,Fried Rice,Main Course,2,280,560,17,2,15,2,Not worth the price,Negative,Card,Uttara
3981,2025-02-25,Tuesday,2,1652,Fried Rice,Main Course,1,280,280,17,1,16,4,Amazing quality,Positive,Card,Mirpur
3982,2025-11-19,Wednesday,11,1671,Pizza,Fast Food,2,550,1100,9,2,7,2,Bad experience,Negative,Card,Mirpur
3983,2025-11-04,Tuesday,11,1289,Pasta,Main Course,1,350,350,15,1,14,2,Amazing quality,Positive,Card,Mirpur
3984,2025-10-17,Friday,10,1252,Sandwich,Fast Food,1,220,220,13,1,12,5,It was okay,Neutral,Nagad,Banani
3985,2025-07-19,Saturday,7,1591,Juice,Beverage,1,150,150,18,1,17,4,Bad experience,Negative,Cash,Uttara
3986,2025-06-08,Sunday,6,1472,Burger,Fast Food,4,250,1000,24,4,20,4,Amazing quality,Positive,Bkash,Uttara
3987,2025-01-11,Saturday,1,1707,Noodles,Main Course,2,260,520,13,2,11,3,Very tasty and fresh,Positive,Nagad,Dhanmondi
3988,2025-04-03,Thursday,4,1483,Juice,Beverage,7,150,1050,19,7,12,2,Excellent food and fast service,Positive,Bkash,Mirpur
3989,2025-10-14,Tuesday,10,1079,Pizza,Fast Food,6,550,3300,14,6,8,5,Excellent food and fast service,Positive,Nagad,Dhanmondi
3990,2025-06-24,Tuesday,6,1073,Sandwich,Fast Food,8,220,1760,25,8,17,3,Not worth the price,Negative,Card,Dhanmondi
3991,2025-04-27,Sunday,4,1276,Burger,Fast Food,3,250,750,22,3,19,2,Highly recommended,Positive,Bkash,Uttara
3992,2025-05-02,Friday,5,1500,Burger,Fast Food,4,250,1000,22,4,18,5,Highly recommended,Positive,Cash,Uttara
3993,2025-05-17,Saturday,5,1768,Ice Cream,Dessert,8,120,960,18,8,10,5,Loved the food,Positive,Cash,Uttara
3994,2025-07-27,Sunday,7,1097,Pasta,Main Course,7,350,2450,27,7,20,4,Too salty,Negative,Bkash,Uttara
3995,2025-08-20,Wednesday,8,1995,Coffee,Beverage,3,180,540,19,3,16,4,Loved the food,Positive,Card,Mirpur
3996,2025-03-13,Thursday,3,1971,Juice,Beverage,1,150,150,9,1,8,2,Too salty,Negative,Cash,Dhanmondi
3997,2025-06-11,Wednesday,6,1885,Juice,Beverage,8,150,1200,20,8,12,4,Acceptable,Neutral,Cash,Mirpur
3998,2025-08-24,Sunday,8,1664,Juice,Beverage,5,150,750,23,5,18,4,Excellent food and fast service,Positive,Cash,Banani
3999,2025-09-30,Tuesday,9,1228,Burger,Fast Food,4,250,1000,15,4,11,4,Bad experience,Negative,Nagad,Mirpur
4000,2025-12-26,Friday,12,1052,Burger,Fast Food,3,250,750,23,3,20,3,Highly recommended,Positive,Bkash,Mirpur
4001,2025-07-12,Saturday,7,1154,Fried Rice,Main Course,4,280,1120,15,4,11,3,Acceptable,Neutral,Bkash,Mirpur
4002,2025-03-12,Wednesday,3,1324,Pasta,Main Course,6,350,2100,25,6,19,4,Excellent food and fast service,Positive,Nagad,Uttara
4003,2025-07-26,Saturday,7,1693,Fried Rice,Main Course,1,280,280,12,1,11,3,Too salty,Negative,Nagad,Dhanmondi
4004,2025-07-13,Sunday,7,1931,Pizza,Fast Food,7,550,3850,17,7,10,5,Acceptable,Neutral,Nagad,Mirpur
4005,2025-09-04,Thursday,9,1214,Juice,Beverage,3,150,450,14,3,11,4,Average taste,Neutral,Bkash,Banani
4006,2025-10-14,Tuesday,10,1888,Sandwich,Fast Food,3,220,660,21,3,18,3,Amazing quality,Positive,Cash,Uttara
4007,2025-04-02,Wednesday,4,1955,Ice Cream,Dessert,5,120,600,12,5,7,3,It was okay,Neutral,Card,Dhanmondi
4008,2025-07-20,Sunday,7,1888,Biryani,Main Course,6,320,1920,18,6,12,2,Service was normal,Neutral,Bkash,Mirpur
4009,2025-06-24,Tuesday,6,1168,Coffee,Beverage,5,180,900,12,5,7,4,Bad experience,Negative,Card,Dhanmondi
4010,2025-05-14,Wednesday,5,1028,Burger,Fast Food,1,250,250,13,1,12,3,Very tasty and fresh,Positive,Card,Uttara
4011,2025-08-09,Saturday,8,1009,Sandwich,Fast Food,4,220,880,19,4,15,4,Acceptable,Neutral,Nagad,Banani
4012,2025-07-04,Friday,7,1598,Sandwich,Fast Food,2,220,440,20,2,18,5,Bad experience,Negative,Card,Dhanmondi
4013,2025-04-10,Thursday,4,1870,Biryani,Main Course,6,320,1920,12,6,6,5,Very tasty and fresh,Positive,Bkash,Banani
4014,2025-05-30,Friday,5,1843,Fried Rice,Main Course,5,280,1400,24,5,19,3,Amazing quality,Positive,Card,Dhanmondi
4015,2025-10-23,Thursday,10,1810,Biryani,Main Course,6,320,1920,25,6,19,4,Amazing quality,Positive,Nagad,Banani
4016,2025-12-07,Sunday,12,1249,Fried Rice,Main Course,7,280,1960,18,7,11,2,Very tasty and fresh,Positive,Bkash,Banani
4017,2025-01-22,Wednesday,1,1526,Pizza,Fast Food,8,550,4400,18,8,10,2,It was okay,Neutral,Card,Uttara
4018,2025-12-25,Thursday,12,1801,Juice,Beverage,5,150,750,11,5,6,5,Loved the food,Positive,Bkash,Dhanmondi
4019,2025-11-20,Thursday,11,1879,Pizza,Fast Food,7,550,3850,19,7,12,2,Very tasty and fresh,Positive,Card,Dhanmondi
4020,2025-02-01,Saturday,2,1441,Pizza,Fast Food,7,550,3850,25,7,18,3,Highly recommended,Positive,Card,Mirpur
4021,2025-07-05,Saturday,7,1546,Coffee,Beverage,5,180,900,12,5,7,4,Excellent food and fast service,Positive,Nagad,Banani
4022,2025-03-19,Wednesday,3,1649,Biryani,Main Course,6,320,1920,13,6,7,2,Average taste,Neutral,Bkash,Banani
4023,2025-02-10,Monday,2,1187,Burger,Fast Food,7,250,1750,25,7,18,5,Average taste,Neutral,Cash,Mirpur
4024,2025-08-03,Sunday,8,1675,Ice Cream,Dessert,1,120,120,9,1,8,4,Amazing quality,Positive,Card,Dhanmondi
4025,2025-07-14,Monday,7,1426,Biryani,Main Course,5,320,1600,18,5,13,5,Excellent food and fast service,Positive,Nagad,Mirpur
4026,2025-06-13,Friday,6,1357,Sandwich,Fast Food,4,220,880,13,4,9,2,Not worth the price,Negative,Card,Mirpur
4027,2025-03-20,Thursday,3,1867,Fried Rice,Main Course,4,280,1120,20,4,16,2,Loved the food,Positive,Nagad,Dhanmondi
4028,2025-02-04,Tuesday,2,1024,Burger,Fast Food,8,250,2000,18,8,10,3,Service was normal,Neutral,Card,Dhanmondi
4029,2025-06-27,Friday,6,1553,Burger,Fast Food,7,250,1750,25,7,18,4,Loved the food,Positive,Card,Uttara
4030,2025-12-03,Wednesday,12,1466,Fried Rice,Main Course,2,280,560,22,2,20,4,Service was normal,Neutral,Bkash,Mirpur
4031,2025-02-03,Monday,2,1182,Biryani,Main Course,3,320,960,17,3,14,3,Acceptable,Neutral,Cash,Uttara
4032,2025-09-17,Wednesday,9,1048,Noodles,Main Course,2,260,520,18,2,16,4,It was okay,Neutral,Card,Dhanmondi
4033,2025-08-14,Thursday,8,1427,Juice,Beverage,1,150,150,9,1,8,5,Delivery was late,Negative,Card,Mirpur
4034,2025-01-24,Friday,1,1285,Coffee,Beverage,1,180,180,21,1,20,2,It was okay,Neutral,Card,Mirpur
4035,2025-05-03,Saturday,5,1498,Burger,Fast Food,4,250,1000,14,4,10,4,Very tasty and fresh,Positive,Nagad,Uttara
4036,2025-05-03,Saturday,5,1493,Noodles,Main Course,4,260,1040,18,4,14,5,Very tasty and fresh,Positive,Bkash,Mirpur
4037,2025-04-18,Friday,4,1775,Ice Cream,Dessert,5,120,600,14,5,9,4,Bad experience,Negative,Cash,Uttara
4038,2025-04-26,Saturday,4,1569,Burger,Fast Food,7,250,1750,20,7,13,5,Too salty,Negative,Card,Uttara
4039,2025-10-30,Thursday,10,1772,Burger,Fast Food,6,250,1500,11,6,5,4,Excellent food and fast service,Positive,Nagad,Dhanmondi
4040,2025-06-21,Saturday,6,1933,Ice Cream,Dessert,1,120,120,16,1,15,3,Very tasty and fresh,Positive,Nagad,Banani
4041,2025-03-29,Saturday,3,1263,Pizza,Fast Food,1,550,550,7,1,6,5,Loved the food,Positive,Card,Dhanmondi
4042,2025-12-21,Sunday,12,1874,Pizza,Fast Food,8,550,4400,16,8,8,2,Loved the food,Positive,Cash,Uttara
4043,2025-12-30,Tuesday,12,1704,Pasta,Main Course,6,350,2100,23,6,17,4,Amazing quality,Positive,Nagad,Mirpur
4044,2025-12-12,Friday,12,1613,Sandwich,Fast Food,4,220,880,24,4,20,5,Loved the food,Positive,Nagad,Banani
4045,2025-01-03,Friday,1,1785,Sandwich,Fast Food,3,220,660,15,3,12,4,Excellent food and fast service,Positive,Nagad,Mirpur
4046,2025-02-23,Sunday,2,1446,Biryani,Main Course,1,320,320,9,1,8,3,Very tasty and fresh,Positive,Card,Mirpur
4047,2025-03-09,Sunday,3,1252,Noodles,Main Course,5,260,1300,10,5,5,4,Amazing quality,Positive,Cash,Banani
4048,2025-01-10,Friday,1,1382,Biryani,Main Course,7,320,2240,22,7,15,3,Highly recommended,Positive,Nagad,Banani
4049,2025-10-15,Wednesday,10,1437,Pasta,Main Course,1,350,350,12,1,11,3,Average taste,Neutral,Nagad,Banani
4050,2025-09-25,Thursday,9,1068,Pizza,Fast Food,8,550,4400,23,8,15,3,Amazing quality,Positive,Bkash,Uttara
4051,2025-09-07,Sunday,9,1235,Juice,Beverage,5,150,750,15,5,10,3,Acceptable,Neutral,Cash,Uttara
4052,2025-11-16,Sunday,11,1042,Coffee,Beverage,4,180,720,20,4,16,4,Highly recommended,Positive,Card,Uttara
4053,2025-11-04,Tuesday,11,1095,Noodles,Main Course,8,260,2080,20,8,12,2,Excellent food and fast service,Positive,Bkash,Banani
4054,2025-06-05,Thursday,6,1688,Sandwich,Fast Food,6,220,1320,19,6,13,5,It was okay,Neutral,Nagad,Dhanmondi
4055,2025-05-22,Thursday,5,1617,Ice Cream,Dessert,1,120,120,19,1,18,4,Excellent food and fast service,Positive,Bkash,Banani
4056,2025-06-22,Sunday,6,1096,Ice Cream,Dessert,8,120,960,27,8,19,2,Highly recommended,Positive,Card,Mirpur
4057,2025-01-11,Saturday,1,1554,Coffee,Beverage,8,180,1440,19,8,11,2,Not worth the price,Negative,Cash,Dhanmondi
4058,2025-05-31,Saturday,5,1911,Pizza,Fast Food,8,550,4400,23,8,15,3,Loved the food,Positive,Cash,Banani
4059,2025-03-24,Monday,3,1975,Pizza,Fast Food,8,550,4400,27,8,19,2,Not worth the price,Negative,Nagad,Mirpur
4060,2025-09-17,Wednesday,9,1781,Sandwich,Fast Food,3,220,660,15,3,12,2,Loved the food,Positive,Cash,Dhanmondi
4061,2025-05-16,Friday,5,1460,Noodles,Main Course,6,260,1560,25,6,19,2,Not worth the price,Negative,Card,Banani
4062,2025-06-17,Tuesday,6,1861,Sandwich,Fast Food,3,220,660,10,3,7,2,Very tasty and fresh,Positive,Card,Banani
4063,2025-10-15,Wednesday,10,1065,Ice Cream,Dessert,6,120,720,16,6,10,5,Amazing quality,Positive,Cash,Mirpur
4064,2025-02-21,Friday,2,1063,Coffee,Beverage,6,180,1080,22,6,16,4,Very tasty and fresh,Positive,Card,Banani
4065,2025-08-02,Saturday,8,1994,Fried Rice,Main Course,2,280,560,17,2,15,5,Highly recommended,Positive,Cash,Banani
4066,2025-03-05,Wednesday,3,1277,Juice,Beverage,5,150,750,18,5,13,4,Excellent food and fast service,Positive,Cash,Dhanmondi
4067,2025-01-31,Friday,1,1152,Pasta,Main Course,1,350,350,20,1,19,3,Excellent food and fast service,Positive,Cash,Dhanmondi
4068,2025-08-05,Tuesday,8,1497,Pasta,Main Course,1,350,350,20,1,19,3,Acceptable,Neutral,Nagad,Uttara
4069,2025-04-01,Tuesday,4,1760,Noodles,Main Course,6,260,1560,20,6,14,4,Very tasty and fresh,Positive,Bkash,Banani
4070,2025-10-22,Wednesday,10,1491,Ice Cream,Dessert,3,120,360,19,3,16,3,Amazing quality,Positive,Nagad,Banani
4071,2025-11-20,Thursday,11,1520,Coffee,Beverage,5,180,900,24,5,19,5,Service was normal,Neutral,Card,Banani
4072,2025-02-04,Tuesday,2,1363,Burger,Fast Food,6,250,1500,17,6,11,2,Delivery was late,Negative,Nagad,Banani
4073,2025-08-24,Sunday,8,1786,Pizza,Fast Food,6,550,3300,17,6,11,2,Average taste,Neutral,Nagad,Mirpur
4074,2025-04-25,Friday,4,1358,Burger,Fast Food,5,250,1250,11,5,6,5,Delivery was late,Negative,Cash,Dhanmondi
4075,2025-05-31,Saturday,5,1867,Pizza,Fast Food,4,550,2200,12,4,8,5,Highly recommended,Positive,Nagad,Mirpur
4076,2025-03-17,Monday,3,1902,Sandwich,Fast Food,1,220,220,20,1,19,5,Very tasty and fresh,Positive,Nagad,Dhanmondi
4077,2025-08-13,Wednesday,8,1182,Juice,Beverage,4,150,600,19,4,15,5,Loved the food,Positive,Card,Dhanmondi
4078,2025-12-19,Friday,12,1472,Pasta,Main Course,4,350,1400,12,4,8,5,Highly recommended,Positive,Card,Uttara
4079,2025-08-13,Wednesday,8,1405,Burger,Fast Food,3,250,750,19,3,16,3,Excellent food and fast service,Positive,Cash,Mirpur
4080,2025-09-19,Friday,9,1343,Pasta,Main Course,7,350,2450,20,7,13,5,Delivery was late,Negative,Cash,Mirpur
4081,2025-07-16,Wednesday,7,1635,Sandwich,Fast Food,3,220,660,9,3,6,2,Nothing special,Neutral,Nagad,Dhanmondi
4082,2025-06-13,Friday,6,1243,Coffee,Beverage,1,180,180,11,1,10,4,Excellent food and fast service,Positive,Cash,Banani
4083,2025-04-26,Saturday,4,1835,Pizza,Fast Food,3,550,1650,12,3,9,5,Average taste,Neutral,Nagad,Banani
4084,2025-08-11,Monday,8,1239,Juice,Beverage,6,150,900,20,6,14,3,Service was normal,Neutral,Bkash,Uttara
4085,2025-11-18,Tuesday,11,1718,Pizza,Fast Food,7,550,3850,20,7,13,3,Very tasty and fresh,Positive,Nagad,Dhanmondi
4086,2025-08-27,Wednesday,8,1245,Noodles,Main Course,1,260,260,17,1,16,2,Excellent food and fast service,Positive,Bkash,Banani
4087,2025-04-25,Friday,4,1877,Biryani,Main Course,2,320,640,14,2,12,5,Highly recommended,Positive,Bkash,Mirpur
4088,2025-06-20,Friday,6,1030,Coffee,Beverage,3,180,540,21,3,18,5,Excellent food and fast service,Positive,Cash,Mirpur
4089,2025-12-07,Sunday,12,1637,Coffee,Beverage,8,180,1440,13,8,5,4,Very tasty and fresh,Positive,Cash,Banani
4090,2025-09-30,Tuesday,9,1351,Sandwich,Fast Food,5,220,1100,19,5,14,5,Very tasty and fresh,Positive,Card,Mirpur
4091,2025-10-15,Wednesday,10,1025,Juice,Beverage,3,150,450,20,3,17,2,Highly recommended,Positive,Nagad,Uttara
4092,2025-06-21,Saturday,6,1893,Coffee,Beverage,2,180,360,18,2,16,5,Amazing quality,Positive,Bkash,Dhanmondi
4093,2025-10-27,Monday,10,1068,Fried Rice,Main Course,8,280,2240,21,8,13,3,Very tasty and fresh,Positive,Nagad,Uttara
4094,2025-05-17,Saturday,5,1504,Pasta,Main Course,6,350,2100,11,6,5,5,Acceptable,Neutral,Card,Dhanmondi
4095,2025-04-12,Saturday,4,1078,Pasta,Main Course,7,350,2450,14,7,7,4,Highly recommended,Positive,Card,Banani
4096,2025-06-21,Saturday,6,1924,Fried Rice,Main Course,3,280,840,12,3,9,5,Loved the food,Positive,Cash,Dhanmondi
4097,2025-01-02,Thursday,1,1074,Pizza,Fast Food,5,550,2750,13,5,8,4,Highly recommended,Positive,Cash,Mirpur
4098,2025-05-07,Wednesday,5,1527,Sandwich,Fast Food,5,220,1100,13,5,8,2,Not worth the price,Negative,Nagad,Uttara
4099,2025-01-05,Sunday,1,1622,Burger,Fast Food,1,250,250,16,1,15,2,Amazing quality,Positive,Bkash,Dhanmondi
4100,2025-10-07,Tuesday,10,1729,Pizza,Fast Food,5,550,2750,10,5,5,2,Loved the food,Positive,Bkash,Dhanmondi
4101,2025-10-11,Saturday,10,1349,Pizza,Fast Food,1,550,550,16,1,15,5,Very tasty and fresh,Positive,Cash,Uttara
4102,2025-02-24,Monday,2,1582,Fried Rice,Main Course,2,280,560,10,2,8,4,Highly recommended,Positive,Nagad,Dhanmondi
4103,2025-03-12,Wednesday,3,1849,Pizza,Fast Food,3,550,1650,17,3,14,5,Not worth the price,Negative,Bkash,Uttara
4104,2025-09-16,Tuesday,9,1406,Pizza,Fast Food,3,550,1650,19,3,16,3,Very tasty and fresh,Positive,Cash,Banani
4105,2025-05-17,Saturday,5,1398,Ice Cream,Dessert,5,120,600,20,5,15,2,Very tasty and fresh,Positive,Card,Dhanmondi
4106,2025-05-06,Tuesday,5,1427,Fried Rice,Main Course,2,280,560,15,2,13,4,Service was normal,Neutral,Nagad,Dhanmondi
4107,2025-08-03,Sunday,8,1646,Juice,Beverage,6,150,900,26,6,20,2,Bad experience,Negative,Card,Dhanmondi
4108,2025-05-27,Tuesday,5,1583,Ice Cream,Dessert,6,120,720,12,6,6,5,Amazing quality,Positive,Bkash,Dhanmondi
4109,2025-07-23,Wednesday,7,1896,Pasta,Main Course,6,350,2100,12,6,6,4,Very tasty and fresh,Positive,Card,Uttara
4110,2025-03-07,Friday,3,1914,Fried Rice,Main Course,1,280,280,21,1,20,5,Too salty,Negative,Nagad,Mirpur
4111,2025-02-18,Tuesday,2,1372,Biryani,Main Course,7,320,2240,15,7,8,4,Bad experience,Negative,Nagad,Mirpur
4112,2025-06-14,Saturday,6,1704,Noodles,Main Course,7,260,1820,15,7,8,4,Excellent food and fast service,Positive,Card,Uttara
4113,2025-06-09,Monday,6,1860,Burger,Fast Food,4,250,1000,20,4,16,3,Loved the food,Positive,Nagad,Mirpur
4114,2025-10-17,Friday,10,1392,Noodles,Main Course,2,260,520,12,2,10,4,Amazing quality,Positive,Nagad,Uttara
4115,2025-04-02,Wednesday,4,1704,Coffee,Beverage,7,180,1260,16,7,9,3,Not worth the price,Negative,Card,Uttara
4116,2025-08-01,Friday,8,1348,Noodles,Main Course,4,260,1040,11,4,7,3,Not worth the price,Negative,Bkash,Dhanmondi
4117,2025-09-30,Tuesday,9,1855,Fried Rice,Main Course,6,280,1680,21,6,15,2,Nothing special,Neutral,Card,Uttara
4118,2025-09-21,Sunday,9,1430,Burger,Fast Food,2,250,500,21,2,19,3,Excellent food and fast service,Positive,Bkash,Mirpur
4119,2025-01-10,Friday,1,1795,Biryani,Main Course,7,320,2240,21,7,14,4,Very tasty and fresh,Positive,Card,Mirpur
4120,2025-02-18,Tuesday,2,1190,Pasta,Main Course,4,350,1400,11,4,7,3,Very tasty and fresh,Positive,Cash,Banani
4121,2025-12-06,Saturday,12,1655,Juice,Beverage,8,150,1200,14,8,6,5,Not worth the price,Negative,Bkash,Banani
4122,2025-09-04,Thursday,9,1302,Biryani,Main Course,1,320,320,9,1,8,2,Excellent food and fast service,Positive,Card,Mirpur
4123,2025-05-07,Wednesday,5,1657,Sandwich,Fast Food,3,220,660,20,3,17,5,Excellent food and fast service,Positive,Nagad,Banani
4124,2025-11-14,Friday,11,1145,Coffee,Beverage,4,180,720,15,4,11,3,Too salty,Negative,Bkash,Uttara
4125,2025-10-30,Thursday,10,1906,Fried Rice,Main Course,3,280,840,12,3,9,5,Loved the food,Positive,Nagad,Banani
4126,2025-04-03,Thursday,4,1049,Sandwich,Fast Food,8,220,1760,21,8,13,3,Loved the food,Positive,Cash,Mirpur
4127,2025-04-06,Sunday,4,1035,Pizza,Fast Food,2,550,1100,16,2,14,3,Highly recommended,Positive,Nagad,Uttara
4128,2025-09-29,Monday,9,1894,Fried Rice,Main Course,7,280,1960,27,7,20,4,Amazing quality,Positive,Card,Dhanmondi
4129,2025-12-08,Monday,12,1790,Pasta,Main Course,8,350,2800,23,8,15,3,Bad experience,Negative,Bkash,Mirpur
4130,2025-08-17,Sunday,8,1698,Sandwich,Fast Food,1,220,220,18,1,17,3,Very tasty and fresh,Positive,Bkash,Uttara
4131,2025-03-08,Saturday,3,1872,Burger,Fast Food,3,250,750,18,3,15,5,Excellent food and fast service,Positive,Nagad,Mirpur
4132,2025-07-30,Wednesday,7,1529,Sandwich,Fast Food,8,220,1760,15,8,7,5,Amazing quality,Positive,Card,Banani
4133,2025-02-10,Monday,2,1804,Fried Rice,Main Course,6,280,1680,20,6,14,3,Service was normal,Neutral,Cash,Dhanmondi
4134,2025-12-31,Wednesday,12,1984,Noodles,Main Course,6,260,1560,25,6,19,2,Loved the food,Positive,Cash,Mirpur
4135,2025-08-24,Sunday,8,1410,Fried Rice,Main Course,8,280,2240,28,8,20,3,Very tasty and fresh,Positive,Nagad,Mirpur
4136,2025-05-30,Friday,5,1567,Ice Cream,Dessert,8,120,960,27,8,19,3,Highly recommended,Positive,Card,Dhanmondi
4137,2025-01-23,Thursday,1,1760,Noodles,Main Course,2,260,520,7,2,5,4,Average taste,Neutral,Card,Banani
4138,2025-12-08,Monday,12,1329,Juice,Beverage,1,150,150,18,1,17,5,Excellent food and fast service,Positive,Bkash,Mirpur
4139,2025-02-25,Tuesday,2,1679,Pasta,Main Course,1,350,350,18,1,17,2,Excellent food and fast service,Positive,Cash,Mirpur
4140,2025-11-20,Thursday,11,1495,Coffee,Beverage,8,180,1440,18,8,10,4,Very tasty and fresh,Positive,Nagad,Banani
4141,2025-06-28,Saturday,6,1117,Biryani,Main Course,5,320,1600,16,5,11,5,Too salty,Negative,Cash,Banani
4142,2025-03-21,Friday,3,1210,Coffee,Beverage,2,180,360,12,2,10,3,Service was normal,Neutral,Bkash,Uttara
4143,2025-08-10,Sunday,8,1454,Sandwich,Fast Food,6,220,1320,25,6,19,3,Nothing special,Neutral,Bkash,Uttara
4144,2025-07-18,Friday,7,1009,Coffee,Beverage,8,180,1440,23,8,15,4,Excellent food and fast service,Positive,Nagad,Dhanmondi
4145,2025-05-12,Monday,5,1888,Burger,Fast Food,8,250,2000,28,8,20,2,Very tasty and fresh,Positive,Nagad,Dhanmondi
4146,2025-12-05,Friday,12,1402,Ice Cream,Dessert,1,120,120,21,1,20,5,Not worth the price,Negative,Nagad,Mirpur
4147,2025-08-31,Sunday,8,1296,Biryani,Main Course,2,320,640,21,2,19,3,Very tasty and fresh,Positive,Bkash,Banani
4148,2025-08-05,Tuesday,8,1775,Noodles,Main Course,4,260,1040,10,4,6,3,Loved the food,Positive,Nagad,Mirpur
4149,2025-03-15,Saturday,3,1501,Coffee,Beverage,6,180,1080,25,6,19,3,Nothing special,Neutral,Bkash,Dhanmondi
4150,2025-08-31,Sunday,8,1535,Noodles,Main Course,2,260,520,8,2,6,3,It was okay,Neutral,Bkash,Banani
4151,2025-07-17,Thursday,7,1090,Pasta,Main Course,7,350,2450,14,7,7,4,Highly recommended,Positive,Card,Banani
4152,2025-12-10,Wednesday,12,1341,Fried Rice,Main Course,2,280,560,19,2,17,5,Highly recommended,Positive,Bkash,Mirpur
4153,2025-04-25,Friday,4,1856,Ice Cream,Dessert,1,120,120,16,1,15,4,Amazing quality,Positive,Nagad,Banani
4154,2025-04-22,Tuesday,4,1728,Burger,Fast Food,1,250,250,18,1,17,2,Very tasty and fresh,Positive,Cash,Mirpur
4155,2025-12-14,Sunday,12,1473,Pizza,Fast Food,7,550,3850,20,7,13,2,Amazing quality,Positive,Bkash,Dhanmondi
4156,2025-02-16,Sunday,2,1766,Fried Rice,Main Course,6,280,1680,17,6,11,3,Not worth the price,Negative,Nagad,Mirpur
4157,2025-03-23,Sunday,3,1401,Sandwich,Fast Food,3,220,660,18,3,15,5,Amazing quality,Positive,Nagad,Banani
4158,2025-12-23,Tuesday,12,1598,Burger,Fast Food,6,250,1500,22,6,16,2,Amazing quality,Positive,Nagad,Dhanmondi
4159,2025-04-04,Friday,4,1187,Ice Cream,Dessert,7,120,840,15,7,8,5,Amazing quality,Positive,Cash,Dhanmondi
4160,2025-12-03,Wednesday,12,1217,Biryani,Main Course,4,320,1280,15,4,11,3,Average taste,Neutral,Nagad,Uttara
4161,2025-08-30,Saturday,8,1444,Pasta,Main Course,7,350,2450,12,7,5,4,Very tasty and fresh,Positive,Cash,Mirpur
4162,2025-09-13,Saturday,9,1538,Sandwich,Fast Food,2,220,440,11,2,9,4,Average taste,Neutral,Card,Mirpur
4163,2025-02-02,Sunday,2,1446,Ice Cream,Dessert,6,120,720,24,6,18,4,Nothing special,Neutral,Bkash,Uttara
4164,2025-03-21,Friday,3,1330,Fried Rice,Main Course,6,280,1680,22,6,16,5,Bad experience,Negative,Cash,Banani
4165,2025-04-10,Thursday,4,1622,Burger,Fast Food,3,250,750,12,3,9,3,Very tasty and fresh,Positive,Card,Mirpur
4166,2025-03-15,Saturday,3,1359,Noodles,Main Course,8,260,2080,28,8,20,5,Very tasty and fresh,Positive,Bkash,Banani
4167,2025-03-22,Saturday,3,1692,Juice,Beverage,5,150,750,25,5,20,4,Loved the food,Positive,Bkash,Dhanmondi
4168,2025-08-21,Thursday,8,1563,Biryani,Main Course,4,320,1280,12,4,8,4,Average taste,Neutral,Cash,Dhanmondi
4169,2025-10-04,Saturday,10,1768,Sandwich,Fast Food,6,220,1320,23,6,17,2,Service was normal,Neutral,Bkash,Dhanmondi
4170,2025-11-30,Sunday,11,1926,Burger,Fast Food,6,250,1500,11,6,5,5,Amazing quality,Positive,Nagad,Banani
4171,2025-05-14,Wednesday,5,1457,Pasta,Main Course,8,350,2800,26,8,18,5,Very tasty and fresh,Positive,Nagad,Uttara
4172,2025-07-16,Wednesday,7,1239,Pasta,Main Course,7,350,2450,22,7,15,4,Very tasty and fresh,Positive,Nagad,Banani
4173,2025-05-22,Thursday,5,1591,Ice Cream,Dessert,7,120,840,19,7,12,3,Highly recommended,Positive,Card,Banani
4174,2025-03-29,Saturday,3,1223,Noodles,Main Course,2,260,520,9,2,7,5,Very tasty and fresh,Positive,Bkash,Uttara
4175,2025-10-09,Thursday,10,1330,Sandwich,Fast Food,4,220,880,18,4,14,3,Food was cold,Negative,Cash,Mirpur
4176,2025-01-05,Sunday,1,1027,Coffee,Beverage,1,180,180,14,1,13,5,Highly recommended,Positive,Nagad,Uttara
4177,2025-11-01,Saturday,11,1461,Pizza,Fast Food,5,550,2750,21,5,16,3,Not worth the price,Negative,Nagad,Banani
4178,2025-01-09,Thursday,1,1449,Ice Cream,Dessert,6,120,720,14,6,8,4,Average taste,Neutral,Nagad,Uttara
4179,2025-07-19,Saturday,7,1539,Juice,Beverage,6,150,900,17,6,11,4,Acceptable,Neutral,Nagad,Mirpur
4180,2025-09-17,Wednesday,9,1115,Ice Cream,Dessert,6,120,720,22,6,16,4,Very tasty and fresh,Positive,Bkash,Mirpur
4181,2025-11-04,Tuesday,11,1327,Juice,Beverage,2,150,300,20,2,18,3,Amazing quality,Positive,Bkash,Banani
4182,2025-05-09,Friday,5,1655,Sandwich,Fast Food,8,220,1760,28,8,20,3,Highly recommended,Positive,Cash,Uttara
4183,2025-04-24,Thursday,4,1924,Noodles,Main Course,5,260,1300,24,5,19,2,Highly recommended,Positive,Cash,Banani
4184,2025-06-20,Friday,6,1833,Coffee,Beverage,8,180,1440,20,8,12,2,Very tasty and fresh,Positive,Cash,Dhanmondi
4185,2025-06-15,Sunday,6,1448,Ice Cream,Dessert,1,120,120,16,1,15,3,Excellent food and fast service,Positive,Nagad,Mirpur
4186,2025-10-09,Thursday,10,1068,Coffee,Beverage,5,180,900,11,5,6,3,Amazing quality,Positive,Bkash,Mirpur
4187,2025-04-05,Saturday,4,1105,Pasta,Main Course,7,350,2450,16,7,9,3,Not worth the price,Negative,Card,Uttara
4188,2025-05-07,Wednesday,5,1898,Burger,Fast Food,7,250,1750,22,7,15,3,Loved the food,Positive,Bkash,Banani
4189,2025-06-10,Tuesday,6,1515,Ice Cream,Dessert,1,120,120,18,1,17,3,Delivery was late,Negative,Cash,Banani
4190,2025-01-01,Wednesday,1,1648,Noodles,Main Course,8,260,2080,28,8,20,5,Service was normal,Neutral,Card,Banani
4191,2025-04-08,Tuesday,4,1466,Sandwich,Fast Food,7,220,1540,19,7,12,3,Highly recommended,Positive,Card,Banani
4192,2025-07-17,Thursday,7,1515,Juice,Beverage,1,150,150,21,1,20,4,Nothing special,Neutral,Bkash,Dhanmondi
4193,2025-01-29,Wednesday,1,1721,Pasta,Main Course,5,350,1750,21,5,16,3,Nothing special,Neutral,Nagad,Uttara
4194,2025-11-09,Sunday,11,1236,Burger,Fast Food,2,250,500,7,2,5,3,Bad experience,Negative,Card,Banani
4195,2025-07-02,Wednesday,7,1243,Biryani,Main Course,8,320,2560,18,8,10,2,Highly recommended,Positive,Bkash,Mirpur
4196,2025-12-10,Wednesday,12,1469,Pizza,Fast Food,6,550,3300,24,6,18,5,Excellent food and fast service,Positive,Bkash,Uttara
4197,2025-10-27,Monday,10,1566,Noodles,Main Course,8,260,2080,18,8,10,2,Loved the food,Positive,Nagad,Dhanmondi
4198,2025-09-17,Wednesday,9,1783,Noodles,Main Course,5,260,1300,10,5,5,3,Loved the food,Positive,Cash,Mirpur
4199,2025-04-11,Friday,4,1222,Juice,Beverage,6,150,900,26,6,20,4,Amazing quality,Positive,Cash,Banani
4200,2025-12-24,Wednesday,12,1418,Burger,Fast Food,6,250,1500,13,6,7,5,Average taste,Neutral,Nagad,Uttara
4201,2025-02-03,Monday,2,1566,Biryani,Main Course,2,320,640,17,2,15,5,Very tasty and fresh,Positive,Cash,Uttara
4202,2025-09-05,Friday,9,1789,Noodles,Main Course,6,260,1560,18,6,12,3,Amazing quality,Positive,Cash,Mirpur
4203,2025-10-21,Tuesday,10,1490,Biryani,Main Course,5,320,1600,12,5,7,3,Excellent food and fast service,Positive,Cash,Banani
4204,2025-12-19,Friday,12,1417,Fried Rice,Main Course,1,280,280,17,1,16,4,Excellent food and fast service,Positive,Card,Banani
4205,2025-09-22,Monday,9,1404,Pizza,Fast Food,7,550,3850,26,7,19,5,Amazing quality,Positive,Bkash,Banani
4206,2025-01-24,Friday,1,1577,Juice,Beverage,8,150,1200,28,8,20,4,Loved the food,Positive,Nagad,Uttara
4207,2025-06-17,Tuesday,6,1492,Pasta,Main Course,2,350,700,7,2,5,3,Highly recommended,Positive,Bkash,Dhanmondi
4208,2025-05-31,Saturday,5,1666,Burger,Fast Food,3,250,750,18,3,15,2,Acceptable,Neutral,Cash,Mirpur
4209,2025-06-16,Monday,6,1515,Noodles,Main Course,8,260,2080,17,8,9,4,Highly recommended,Positive,Bkash,Banani
4210,2025-11-19,Wednesday,11,1016,Biryani,Main Course,1,320,320,6,1,5,4,Excellent food and fast service,Positive,Cash,Mirpur
4211,2025-01-31,Friday,1,1014,Sandwich,Fast Food,5,220,1100,17,5,12,2,Highly recommended,Positive,Nagad,Dhanmondi
4212,2025-02-14,Friday,2,1236,Coffee,Beverage,6,180,1080,23,6,17,4,Food was cold,Negative,Cash,Mirpur
4213,2025-08-14,Thursday,8,1343,Coffee,Beverage,1,180,180,7,1,6,4,Loved the food,Positive,Cash,Uttara
4214,2025-03-08,Saturday,3,1637,Sandwich,Fast Food,1,220,220,18,1,17,2,Bad experience,Negative,Nagad,Mirpur
4215,2025-11-07,Friday,11,1756,Pasta,Main Course,4,350,1400,19,4,15,2,Loved the food,Positive,Card,Banani
4216,2025-04-19,Saturday,4,1891,Noodles,Main Course,4,260,1040,21,4,17,3,Very tasty and fresh,Positive,Bkash,Mirpur
4217,2025-06-16,Monday,6,1241,Noodles,Main Course,2,260,520,22,2,20,4,Very tasty and fresh,Positive,Cash,Mirpur
4218,2025-11-26,Wednesday,11,1645,Biryani,Main Course,5,320,1600,18,5,13,5,Acceptable,Neutral,Nagad,Uttara
4219,2025-12-10,Wednesday,12,1365,Ice Cream,Dessert,1,120,120,7,1,6,3,Service was normal,Neutral,Cash,Mirpur
4220,2025-12-26,Friday,12,1106,Noodles,Main Course,7,260,1820,27,7,20,4,Service was normal,Neutral,Cash,Banani
4221,2025-02-26,Wednesday,2,1844,Sandwich,Fast Food,1,220,220,20,1,19,2,Highly recommended,Positive,Cash,Banani
4222,2025-07-28,Monday,7,1878,Noodles,Main Course,2,260,520,14,2,12,4,Delivery was late,Negative,Nagad,Dhanmondi
4223,2025-12-14,Sunday,12,1258,Biryani,Main Course,2,320,640,18,2,16,4,Highly recommended,Positive,Bkash,Banani
4224,2025-07-17,Thursday,7,1886,Biryani,Main Course,6,320,1920,25,6,19,4,Very tasty and fresh,Positive,Card,Banani
4225,2025-02-25,Tuesday,2,1404,Biryani,Main Course,8,320,2560,25,8,17,3,Highly recommended,Positive,Card,Mirpur
4226,2025-09-13,Saturday,9,1568,Ice Cream,Dessert,5,120,600,25,5,20,2,Excellent food and fast service,Positive,Nagad,Dhanmondi
4227,2025-08-27,Wednesday,8,1096,Fried Rice,Main Course,4,280,1120,11,4,7,5,Nothing special,Neutral,Cash,Mirpur
4228,2025-03-30,Sunday,3,1458,Juice,Beverage,2,150,300,15,2,13,2,Too salty,Negative,Nagad,Mirpur
4229,2025-01-19,Sunday,1,1267,Pasta,Main Course,5,350,1750,13,5,8,4,Highly recommended,Positive,Bkash,Uttara
4230,2025-11-03,Monday,11,1817,Juice,Beverage,5,150,750,21,5,16,2,Amazing quality,Positive,Card,Banani
4231,2025-10-13,Monday,10,1021,Burger,Fast Food,5,250,1250,25,5,20,3,Delivery was late,Negative,Card,Banani
4232,2025-05-07,Wednesday,5,1920,Ice Cream,Dessert,7,120,840,22,7,15,3,Service was normal,Neutral,Nagad,Banani
4233,2025-01-02,Thursday,1,1865,Sandwich,Fast Food,5,220,1100,13,5,8,4,Loved the food,Positive,Cash,Uttara
4234,2025-08-11,Monday,8,1333,Pizza,Fast Food,4,550,2200,20,4,16,4,Very tasty and fresh,Positive,Bkash,Banani
4235,2025-02-14,Friday,2,1737,Noodles,Main Course,4,260,1040,13,4,9,3,Not worth the price,Negative,Cash,Uttara
4236,2025-10-01,Wednesday,10,1589,Pasta,Main Course,2,350,700,18,2,16,4,Excellent food and fast service,Positive,Bkash,Uttara
4237,2025-11-18,Tuesday,11,1411,Coffee,Beverage,3,180,540,23,3,20,2,Loved the food,Positive,Bkash,Uttara
4238,2025-12-23,Tuesday,12,1400,Burger,Fast Food,8,250,2000,18,8,10,3,Very tasty and fresh,Positive,Card,Mirpur
4239,2025-01-17,Friday,1,1750,Biryani,Main Course,4,320,1280,24,4,20,3,Excellent food and fast service,Positive,Card,Banani
4240,2025-08-29,Friday,8,1128,Biryani,Main Course,8,320,2560,20,8,12,5,Highly recommended,Positive,Nagad,Banani
4241,2025-08-13,Wednesday,8,1880,Pasta,Main Course,7,350,2450,22,7,15,2,Bad experience,Negative,Bkash,Banani
4242,2025-10-03,Friday,10,1999,Sandwich,Fast Food,8,220,1760,22,8,14,4,Very tasty and fresh,Positive,Bkash,Uttara
4243,2025-02-07,Friday,2,1160,Fried Rice,Main Course,7,280,1960,27,7,20,5,Highly recommended,Positive,Nagad,Mirpur
4244,2025-12-30,Tuesday,12,1919,Ice Cream,Dessert,1,120,120,16,1,15,5,Highly recommended,Positive,Card,Uttara
4245,2025-01-17,Friday,1,1895,Fried Rice,Main Course,2,280,560,19,2,17,2,Very tasty and fresh,Positive,Nagad,Banani
4246,2025-11-02,Sunday,11,1567,Burger,Fast Food,6,250,1500,18,6,12,3,Very tasty and fresh,Positive,Card,Uttara
4247,2025-02-22,Saturday,2,1286,Coffee,Beverage,2,180,360,7,2,5,2,Highly recommended,Positive,Card,Uttara
4248,2025-08-05,Tuesday,8,1512,Biryani,Main Course,1,320,320,9,1,8,4,Delivery was late,Negative,Card,Dhanmondi
4249,2025-02-26,Wednesday,2,1930,Coffee,Beverage,5,180,900,17,5,12,2,Amazing quality,Positive,Bkash,Banani
4250,2025-05-06,Tuesday,5,1022,Pasta,Main Course,2,350,700,17,2,15,5,Excellent food and fast service,Positive,Nagad,Dhanmondi
4251,2025-09-14,Sunday,9,1061,Juice,Beverage,3,150,450,15,3,12,4,Service was normal,Neutral,Nagad,Dhanmondi
4252,2025-03-14,Friday,3,1565,Juice,Beverage,3,150,450,12,3,9,3,Highly recommended,Positive,Card,Mirpur
4253,2025-02-23,Sunday,2,1965,Noodles,Main Course,3,260,780,21,3,18,3,Food was cold,Negative,Bkash,Dhanmondi
4254,2025-08-01,Friday,8,1079,Biryani,Main Course,2,320,640,8,2,6,4,Excellent food and fast service,Positive,Nagad,Banani
4255,2025-11-30,Sunday,11,1065,Burger,Fast Food,7,250,1750,16,7,9,2,Acceptable,Neutral,Nagad,Mirpur
4256,2025-04-05,Saturday,4,1546,Juice,Beverage,7,150,1050,25,7,18,3,Food was cold,Negative,Nagad,Dhanmondi
4257,2025-07-20,Sunday,7,1976,Noodles,Main Course,3,260,780,11,3,8,3,Highly recommended,Positive,Nagad,Uttara
4258,2025-01-28,Tuesday,1,1592,Noodles,Main Course,8,260,2080,15,8,7,2,Delivery was late,Negative,Card,Dhanmondi
4259,2025-11-05,Wednesday,11,1181,Biryani,Main Course,1,320,320,7,1,6,5,Highly recommended,Positive,Cash,Banani
4260,2025-01-04,Saturday,1,1914,Biryani,Main Course,5,320,1600,25,5,20,5,Loved the food,Positive,Card,Dhanmondi
4261,2025-04-29,Tuesday,4,1961,Biryani,Main Course,8,320,2560,20,8,12,3,Loved the food,Positive,Card,Uttara
4262,2025-03-30,Sunday,3,1262,Biryani,Main Course,8,320,2560,18,8,10,2,Too salty,Negative,Cash,Mirpur
4263,2025-10-31,Friday,10,1298,Fried Rice,Main Course,5,280,1400,25,5,20,3,Service was normal,Neutral,Cash,Banani
4264,2025-06-09,Monday,6,1486,Coffee,Beverage,5,180,900,24,5,19,3,Excellent food and fast service,Positive,Bkash,Banani
4265,2025-04-21,Monday,4,1368,Juice,Beverage,7,150,1050,19,7,12,4,Loved the food,Positive,Cash,Mirpur
4266,2025-06-22,Sunday,6,1895,Noodles,Main Course,4,260,1040,24,4,20,5,Excellent food and fast service,Positive,Nagad,Dhanmondi
4267,2025-11-12,Wednesday,11,1097,Ice Cream,Dessert,1,120,120,12,1,11,2,Very tasty and fresh,Positive,Card,Mirpur
4268,2025-10-28,Tuesday,10,1112,Noodles,Main Course,1,260,260,15,1,14,4,Very tasty and fresh,Positive,Nagad,Banani
4269,2025-05-16,Friday,5,1031,Burger,Fast Food,2,250,500,8,2,6,2,Highly recommended,Positive,Card,Uttara
4270,2025-06-17,Tuesday,6,1828,Biryani,Main Course,1,320,320,19,1,18,5,Very tasty and fresh,Positive,Cash,Uttara
4271,2025-02-09,Sunday,2,1857,Juice,Beverage,5,150,750,14,5,9,3,Nothing special,Neutral,Card,Dhanmondi
4272,2025-07-14,Monday,7,1194,Pizza,Fast Food,5,550,2750,11,5,6,2,Delivery was late,Negative,Cash,Dhanmondi
4273,2025-09-01,Monday,9,1302,Pizza,Fast Food,8,550,4400,16,8,8,4,Acceptable,Neutral,Nagad,Mirpur
4274,2025-01-24,Friday,1,1612,Coffee,Beverage,2,180,360,18,2,16,2,Excellent food and fast service,Positive,Cash,Mirpur
4275,2025-07-31,Thursday,7,1231,Sandwich,Fast Food,4,220,880,20,4,16,4,Highly recommended,Positive,Bkash,Dhanmondi
4276,2025-08-30,Saturday,8,1245,Juice,Beverage,4,150,600,20,4,16,2,Excellent food and fast service,Positive,Card,Uttara
4277,2025-09-27,Saturday,9,1334,Juice,Beverage,8,150,1200,16,8,8,5,Highly recommended,Positive,Cash,Uttara
4278,2025-05-31,Saturday,5,1450,Ice Cream,Dessert,3,120,360,14,3,11,5,Highly recommended,Positive,Bkash,Dhanmondi
4279,2025-12-07,Sunday,12,1345,Pasta,Main Course,1,350,350,17,1,16,3,Highly recommended,Positive,Card,Uttara
4280,2025-09-11,Thursday,9,1323,Ice Cream,Dessert,8,120,960,24,8,16,5,Excellent food and fast service,Positive,Cash,Banani
4281,2025-10-11,Saturday,10,1886,Fried Rice,Main Course,2,280,560,22,2,20,2,Too salty,Negative,Cash,Dhanmondi
4282,2025-05-13,Tuesday,5,1319,Biryani,Main Course,5,320,1600,13,5,8,4,Amazing quality,Positive,Bkash,Banani
4283,2025-08-14,Thursday,8,1917,Fried Rice,Main Course,2,280,560,13,2,11,4,Highly recommended,Positive,Cash,Dhanmondi
4284,2025-12-16,Tuesday,12,1670,Juice,Beverage,7,150,1050,22,7,15,2,Loved the food,Positive,Bkash,Banani
4285,2025-01-03,Friday,1,1955,Fried Rice,Main Course,5,280,1400,10,5,5,5,Food was cold,Negative,Nagad,Dhanmondi
4286,2025-08-25,Monday,8,1116,Burger,Fast Food,7,250,1750,15,7,8,2,Excellent food and fast service,Positive,Card,Banani
4287,2025-04-20,Sunday,4,1646,Noodles,Main Course,4,260,1040,11,4,7,2,Acceptable,Neutral,Nagad,Uttara
4288,2025-01-16,Thursday,1,1977,Fried Rice,Main Course,6,280,1680,26,6,20,5,Loved the food,Positive,Bkash,Dhanmondi
4289,2025-01-16,Thursday,1,1799,Pizza,Fast Food,2,550,1100,17,2,15,5,Very tasty and fresh,Positive,Cash,Banani
4290,2025-10-11,Saturday,10,1210,Biryani,Main Course,5,320,1600,12,5,7,4,Loved the food,Positive,Card,Mirpur
4291,2025-12-05,Friday,12,1324,Pizza,Fast Food,2,550,1100,15,2,13,4,Not worth the price,Negative,Nagad,Banani
4292,2025-03-15,Saturday,3,1659,Pasta,Main Course,3,350,1050,12,3,9,5,Excellent food and fast service,Positive,Bkash,Uttara
4293,2025-02-07,Friday,2,1530,Pizza,Fast Food,7,550,3850,20,7,13,4,Very tasty and fresh,Positive,Cash,Mirpur
4294,2025-11-11,Tuesday,11,1400,Biryani,Main Course,4,320,1280,17,4,13,4,Not worth the price,Negative,Card,Dhanmondi
4295,2025-09-11,Thursday,9,1100,Pasta,Main Course,7,350,2450,20,7,13,5,Very tasty and fresh,Positive,Bkash,Mirpur
4296,2025-01-05,Sunday,1,1105,Juice,Beverage,1,150,150,16,1,15,2,Service was normal,Neutral,Card,Banani
4297,2025-12-01,Monday,12,1647,Pizza,Fast Food,4,550,2200,18,4,14,2,It was okay,Neutral,Cash,Banani
4298,2025-10-06,Monday,10,1855,Ice Cream,Dessert,1,120,120,21,1,20,4,Amazing quality,Positive,Nagad,Banani
4299,2025-01-28,Tuesday,1,1649,Pizza,Fast Food,4,550,2200,9,4,5,4,Loved the food,Positive,Bkash,Banani
4300,2025-06-06,Friday,6,1380,Sandwich,Fast Food,4,220,880,16,4,12,5,Very tasty and fresh,Positive,Card,Banani
4301,2025-11-05,Wednesday,11,1790,Sandwich,Fast Food,1,220,220,9,1,8,4,Acceptable,Neutral,Card,Mirpur
4302,2025-05-04,Sunday,5,1814,Pizza,Fast Food,8,550,4400,23,8,15,3,Excellent food and fast service,Positive,Nagad,Dhanmondi
4303,2025-02-12,Wednesday,2,1275,Pizza,Fast Food,6,550,3300,23,6,17,2,Highly recommended,Positive,Bkash,Uttara
4304,2025-10-17,Friday,10,1494,Burger,Fast Food,6,250,1500,22,6,16,3,Loved the food,Positive,Cash,Mirpur
4305,2025-08-17,Sunday,8,1969,Biryani,Main Course,7,320,2240,24,7,17,3,Highly recommended,Positive,Card,Mirpur
4306,2025-02-09,Sunday,2,1036,Juice,Beverage,2,150,300,9,2,7,5,Loved the food,Positive,Card,Banani
4307,2025-09-20,Saturday,9,1091,Ice Cream,Dessert,1,120,120,7,1,6,2,Very tasty and fresh,Positive,Card,Dhanmondi
4308,2025-08-24,Sunday,8,1797,Ice Cream,Dessert,6,120,720,15,6,9,3,Delivery was late,Negative,Card,Uttara
4309,2025-02-11,Tuesday,2,1354,Biryani,Main Course,6,320,1920,23,6,17,2,Very tasty and fresh,Positive,Card,Mirpur
4310,2025-08-08,Friday,8,1980,Pizza,Fast Food,7,550,3850,17,7,10,4,Average taste,Neutral,Cash,Uttara
4311,2025-05-23,Friday,5,1323,Biryani,Main Course,8,320,2560,28,8,20,5,Very tasty and fresh,Positive,Card,Banani
4312,2025-05-11,Sunday,5,1623,Biryani,Main Course,2,320,640,16,2,14,4,Average taste,Neutral,Card,Dhanmondi
4313,2025-08-13,Wednesday,8,1665,Ice Cream,Dessert,4,120,480,24,4,20,5,Loved the food,Positive,Cash,Mirpur
4314,2025-03-15,Saturday,3,1679,Coffee,Beverage,1,180,180,16,1,15,4,Delivery was late,Negative,Card,Dhanmondi
4315,2025-10-22,Wednesday,10,1229,Coffee,Beverage,6,180,1080,26,6,20,5,Amazing quality,Positive,Bkash,Uttara
4316,2025-09-08,Monday,9,1533,Fried Rice,Main Course,8,280,2240,24,8,16,2,Very tasty and fresh,Positive,Nagad,Dhanmondi
4317,2025-03-07,Friday,3,1104,Ice Cream,Dessert,3,120,360,10,3,7,2,Excellent food and fast service,Positive,Card,Uttara
4318,2025-01-26,Sunday,1,1968,Pizza,Fast Food,1,550,550,21,1,20,2,Loved the food,Positive,Card,Mirpur
4319,2025-07-27,Sunday,7,1174,Ice Cream,Dessert,5,120,600,19,5,14,3,Average taste,Neutral,Card,Uttara
4320,2025-04-03,Thursday,4,1536,Fried Rice,Main Course,3,280,840,9,3,6,4,Very tasty and fresh,Positive,Nagad,Dhanmondi
4321,2025-10-22,Wednesday,10,1539,Pasta,Main Course,4,350,1400,12,4,8,4,Excellent food and fast service,Positive,Nagad,Uttara
4322,2025-09-03,Wednesday,9,1434,Ice Cream,Dessert,3,120,360,11,3,8,3,Excellent food and fast service,Positive,Card,Banani
4323,2025-11-29,Saturday,11,1109,Burger,Fast Food,1,250,250,12,1,11,3,Loved the food,Positive,Cash,Banani
4324,2025-10-06,Monday,10,1454,Pasta,Main Course,5,350,1750,17,5,12,4,Very tasty and fresh,Positive,Nagad,Uttara
4325,2025-10-06,Monday,10,1062,Pizza,Fast Food,2,550,1100,14,2,12,4,Nothing special,Neutral,Bkash,Banani
4326,2025-03-28,Friday,3,1876,Pasta,Main Course,6,350,2100,21,6,15,5,Highly recommended,Positive,Cash,Dhanmondi
4327,2025-06-14,Saturday,6,1531,Fried Rice,Main Course,6,280,1680,21,6,15,3,Acceptable,Neutral,Card,Mirpur
4328,2025-10-10,Friday,10,1578,Pizza,Fast Food,2,550,1100,7,2,5,3,It was okay,Neutral,Bkash,Dhanmondi
4329,2025-03-11,Tuesday,3,1782,Noodles,Main Course,5,260,1300,25,5,20,3,Amazing quality,Positive,Bkash,Banani
4330,2025-07-01,Tuesday,7,1788,Fried Rice,Main Course,8,280,2240,15,8,7,4,Not worth the price,Negative,Cash,Mirpur
4331,2025-05-01,Thursday,5,1420,Fried Rice,Main Course,1,280,280,20,1,19,5,Nothing special,Neutral,Nagad,Dhanmondi
4332,2025-11-27,Thursday,11,1807,Juice,Beverage,4,150,600,16,4,12,2,Amazing quality,Positive,Nagad,Dhanmondi
4333,2025-02-23,Sunday,2,1609,Ice Cream,Dessert,6,120,720,21,6,15,3,Average taste,Neutral,Nagad,Uttara
4334,2025-02-28,Friday,2,1637,Fried Rice,Main Course,5,280,1400,11,5,6,2,Highly recommended,Positive,Nagad,Dhanmondi
4335,2025-04-21,Monday,4,1594,Sandwich,Fast Food,4,220,880,9,4,5,3,Amazing quality,Positive,Cash,Dhanmondi
4336,2025-05-27,Tuesday,5,1400,Coffee,Beverage,3,180,540,9,3,6,3,Excellent food and fast service,Positive,Bkash,Banani
4337,2025-12-21,Sunday,12,1954,Pasta,Main Course,3,350,1050,17,3,14,5,Loved the food,Positive,Card,Uttara
4338,2025-07-04,Friday,7,1589,Coffee,Beverage,1,180,180,19,1,18,2,Delivery was late,Negative,Bkash,Uttara
4339,2025-07-16,Wednesday,7,1162,Sandwich,Fast Food,2,220,440,11,2,9,2,Highly recommended,Positive,Bkash,Banani
4340,2025-10-08,Wednesday,10,1011,Ice Cream,Dessert,1,120,120,13,1,12,2,Loved the food,Positive,Nagad,Mirpur
4341,2025-05-23,Friday,5,1761,Coffee,Beverage,7,180,1260,22,7,15,2,Not worth the price,Negative,Nagad,Mirpur
4342,2025-05-31,Saturday,5,1925,Biryani,Main Course,1,320,320,16,1,15,2,Loved the food,Positive,Bkash,Mirpur
4343,2025-08-03,Sunday,8,1049,Sandwich,Fast Food,5,220,1100,10,5,5,2,Very tasty and fresh,Positive,Nagad,Banani
4344,2025-06-11,Wednesday,6,1073,Ice Cream,Dessert,4,120,480,10,4,6,3,Food was cold,Negative,Bkash,Dhanmondi
4345,2025-06-05,Thursday,6,1019,Burger,Fast Food,6,250,1500,12,6,6,2,Highly recommended,Positive,Bkash,Mirpur
4346,2025-08-10,Sunday,8,1013,Coffee,Beverage,5,180,900,18,5,13,2,Excellent food and fast service,Positive,Bkash,Dhanmondi
4347,2025-01-12,Sunday,1,1638,Pasta,Main Course,7,350,2450,20,7,13,5,Too salty,Negative,Nagad,Uttara
4348,2025-06-01,Sunday,6,1019,Noodles,Main Course,8,260,2080,24,8,16,4,Highly recommended,Positive,Card,Mirpur
4349,2025-07-22,Tuesday,7,1085,Juice,Beverage,3,150,450,18,3,15,3,Excellent food and fast service,Positive,Cash,Banani
4350,2025-11-05,Wednesday,11,1174,Coffee,Beverage,2,180,360,9,2,7,2,Food was cold,Negative,Nagad,Mirpur
4351,2025-04-01,Tuesday,4,1616,Coffee,Beverage,1,180,180,9,1,8,2,Loved the food,Positive,Bkash,Uttara
4352,2025-02-25,Tuesday,2,1794,Coffee,Beverage,1,180,180,20,1,19,5,Food was cold,Negative,Bkash,Dhanmondi
4353,2025-11-20,Thursday,11,1877,Juice,Beverage,5,150,750,25,5,20,5,Not worth the price,Negative,Card,Dhanmondi
4354,2025-11-17,Monday,11,1597,Burger,Fast Food,4,250,1000,14,4,10,5,Average taste,Neutral,Nagad,Banani
4355,2025-01-30,Thursday,1,1423,Biryani,Main Course,6,320,1920,20,6,14,4,Food was cold,Negative,Bkash,Mirpur
4356,2025-07-14,Monday,7,1621,Ice Cream,Dessert,7,120,840,21,7,14,3,Amazing quality,Positive,Bkash,Mirpur
4357,2025-02-13,Thursday,2,1887,Noodles,Main Course,4,260,1040,14,4,10,2,Excellent food and fast service,Positive,Card,Banani
4358,2025-11-20,Thursday,11,1836,Biryani,Main Course,5,320,1600,18,5,13,3,Acceptable,Neutral,Nagad,Mirpur
4359,2025-10-22,Wednesday,10,1313,Pizza,Fast Food,5,550,2750,19,5,14,2,Bad experience,Negative,Cash,Mirpur
4360,2025-07-16,Wednesday,7,1158,Coffee,Beverage,5,180,900,22,5,17,4,Amazing quality,Positive,Nagad,Dhanmondi
4361,2025-11-26,Wednesday,11,1428,Sandwich,Fast Food,4,220,880,24,4,20,4,Highly recommended,Positive,Nagad,Uttara
4362,2025-08-20,Wednesday,8,1359,Noodles,Main Course,1,260,260,16,1,15,2,Very tasty and fresh,Positive,Cash,Banani
4363,2025-03-04,Tuesday,3,1826,Juice,Beverage,3,150,450,22,3,19,5,Highly recommended,Positive,Nagad,Banani
4364,2025-12-22,Monday,12,1194,Juice,Beverage,1,150,150,8,1,7,4,Amazing quality,Positive,Card,Banani
4365,2025-05-10,Saturday,5,1885,Biryani,Main Course,6,320,1920,17,6,11,5,Highly recommended,Positive,Cash,Mirpur
4366,2025-08-04,Monday,8,1866,Sandwich,Fast Food,6,220,1320,14,6,8,5,Loved the food,Positive,Card,Banani
4367,2025-09-06,Saturday,9,1989,Burger,Fast Food,5,250,1250,18,5,13,5,Nothing special,Neutral,Cash,Mirpur
4368,2025-01-18,Saturday,1,1138,Coffee,Beverage,8,180,1440,27,8,19,4,Food was cold,Negative,Cash,Dhanmondi
4369,2025-07-04,Friday,7,1655,Coffee,Beverage,5,180,900,18,5,13,4,Average taste,Neutral,Nagad,Mirpur
4370,2025-03-09,Sunday,3,1956,Coffee,Beverage,7,180,1260,18,7,11,4,Loved the food,Positive,Bkash,Mirpur
4371,2025-06-22,Sunday,6,1706,Sandwich,Fast Food,7,220,1540,25,7,18,4,Loved the food,Positive,Card,Dhanmondi
4372,2025-12-29,Monday,12,1702,Coffee,Beverage,1,180,180,16,1,15,5,Food was cold,Negative,Card,Banani
4373,2025-08-29,Friday,8,1688,Biryani,Main Course,3,320,960,23,3,20,5,Loved the food,Positive,Cash,Mirpur
4374,2025-03-22,Saturday,3,1830,Juice,Beverage,7,150,1050,12,7,5,2,Highly recommended,Positive,Card,Banani
4375,2025-08-11,Monday,8,1985,Pasta,Main Course,5,350,1750,15,5,10,4,Acceptable,Neutral,Card,Mirpur
4376,2025-01-24,Friday,1,1363,Burger,Fast Food,8,250,2000,25,8,17,3,Not worth the price,Negative,Nagad,Banani
4377,2025-08-28,Thursday,8,1430,Noodles,Main Course,5,260,1300,14,5,9,4,Excellent food and fast service,Positive,Cash,Dhanmondi
4378,2025-07-19,Saturday,7,1822,Fried Rice,Main Course,7,280,1960,22,7,15,3,Highly recommended,Positive,Bkash,Uttara
4379,2025-06-26,Thursday,6,1437,Burger,Fast Food,2,250,500,19,2,17,5,Service was normal,Neutral,Cash,Banani
4380,2025-11-16,Sunday,11,1021,Noodles,Main Course,3,260,780,14,3,11,2,Excellent food and fast service,Positive,Card,Uttara
4381,2025-06-07,Saturday,6,1306,Ice Cream,Dessert,1,120,120,10,1,9,3,Highly recommended,Positive,Card,Banani
4382,2025-10-21,Tuesday,10,1092,Biryani,Main Course,5,320,1600,19,5,14,5,Excellent food and fast service,Positive,Bkash,Dhanmondi
4383,2025-03-02,Sunday,3,1253,Biryani,Main Course,5,320,1600,23,5,18,2,Food was cold,Negative,Cash,Uttara
4384,2025-10-11,Saturday,10,1604,Sandwich,Fast Food,2,220,440,15,2,13,4,Loved the food,Positive,Cash,Dhanmondi
4385,2025-12-01,Monday,12,1833,Biryani,Main Course,1,320,320,12,1,11,2,Bad experience,Negative,Bkash,Banani
4386,2025-08-10,Sunday,8,1846,Juice,Beverage,5,150,750,14,5,9,3,Loved the food,Positive,Card,Banani
4387,2025-07-02,Wednesday,7,1736,Pasta,Main Course,3,350,1050,17,3,14,5,Highly recommended,Positive,Card,Mirpur
4388,2025-11-18,Tuesday,11,1835,Noodles,Main Course,6,260,1560,12,6,6,3,Average taste,Neutral,Nagad,Banani
4389,2025-03-11,Tuesday,3,1162,Pizza,Fast Food,8,550,4400,19,8,11,4,Not worth the price,Negative,Cash,Mirpur
4390,2025-06-30,Monday,6,1149,Fried Rice,Main Course,3,280,840,21,3,18,4,Amazing quality,Positive,Bkash,Uttara
4391,2025-12-20,Saturday,12,1780,Sandwich,Fast Food,3,220,660,20,3,17,5,Not worth the price,Negative,Card,Mirpur
4392,2025-11-01,Saturday,11,1499,Pizza,Fast Food,3,550,1650,21,3,18,5,Amazing quality,Positive,Bkash,Banani
4393,2025-10-03,Friday,10,1388,Juice,Beverage,2,150,300,8,2,6,3,Highly recommended,Positive,Nagad,Banani
4394,2025-06-10,Tuesday,6,1225,Biryani,Main Course,5,320,1600,13,5,8,2,Nothing special,Neutral,Cash,Uttara
4395,2025-01-10,Friday,1,1471,Pasta,Main Course,1,350,350,14,1,13,2,Excellent food and fast service,Positive,Cash,Uttara
4396,2025-11-01,Saturday,11,1432,Pasta,Main Course,4,350,1400,16,4,12,4,Very tasty and fresh,Positive,Nagad,Dhanmondi
4397,2025-05-30,Friday,5,1030,Ice Cream,Dessert,7,120,840,19,7,12,2,Too salty,Negative,Card,Mirpur
4398,2025-04-18,Friday,4,1523,Pizza,Fast Food,2,550,1100,7,2,5,4,Too salty,Negative,Bkash,Banani
4399,2025-08-15,Friday,8,1741,Fried Rice,Main Course,2,280,560,14,2,12,2,Excellent food and fast service,Positive,Nagad,Mirpur
4400,2025-10-18,Saturday,10,1821,Fried Rice,Main Course,2,280,560,21,2,19,5,Excellent food and fast service,Positive,Card,Dhanmondi
4401,2025-04-05,Saturday,4,1853,Pizza,Fast Food,8,550,4400,19,8,11,5,Very tasty and fresh,Positive,Cash,Dhanmondi
4402,2025-01-03,Friday,1,1846,Pizza,Fast Food,5,550,2750,15,5,10,3,Excellent food and fast service,Positive,Card,Mirpur
4403,2025-01-08,Wednesday,1,1342,Burger,Fast Food,7,250,1750,14,7,7,4,Highly recommended,Positive,Nagad,Banani
4404,2025-01-28,Tuesday,1,1255,Biryani,Main Course,6,320,1920,13,6,7,4,Too salty,Negative,Cash,Mirpur
4405,2025-08-30,Saturday,8,1979,Pizza,Fast Food,2,550,1100,7,2,5,4,Food was cold,Negative,Bkash,Dhanmondi
4406,2025-02-12,Wednesday,2,1966,Coffee,Beverage,4,180,720,11,4,7,4,Acceptable,Neutral,Nagad,Dhanmondi
4407,2025-03-19,Wednesday,3,1815,Sandwich,Fast Food,7,220,1540,18,7,11,5,Service was normal,Neutral,Nagad,Banani
4408,2025-08-02,Saturday,8,1385,Burger,Fast Food,6,250,1500,19,6,13,3,Too salty,Negative,Bkash,Banani
4409,2025-06-29,Sunday,6,1885,Burger,Fast Food,5,250,1250,15,5,10,4,Highly recommended,Positive,Cash,Banani
4410,2025-10-30,Thursday,10,1345,Pasta,Main Course,7,350,2450,15,7,8,4,Nothing special,Neutral,Cash,Uttara
4411,2025-09-13,Saturday,9,1847,Sandwich,Fast Food,2,220,440,10,2,8,2,Amazing quality,Positive,Nagad,Dhanmondi
4412,2025-07-08,Tuesday,7,1362,Noodles,Main Course,1,260,260,8,1,7,5,Loved the food,Positive,Cash,Uttara
4413,2025-07-25,Friday,7,1277,Sandwich,Fast Food,7,220,1540,22,7,15,4,Too salty,Negative,Cash,Mirpur
4414,2025-05-23,Friday,5,1809,Biryani,Main Course,5,320,1600,14,5,9,2,Nothing special,Neutral,Cash,Mirpur
4415,2025-01-23,Thursday,1,1673,Pizza,Fast Food,6,550,3300,14,6,8,5,Amazing quality,Positive,Card,Banani
4416,2025-09-19,Friday,9,1064,Pasta,Main Course,8,350,2800,14,8,6,5,Loved the food,Positive,Cash,Mirpur
4417,2025-03-18,Tuesday,3,1449,Burger,Fast Food,8,250,2000,25,8,17,2,Average taste,Neutral,Cash,Banani
4418,2025-10-01,Wednesday,10,1483,Pizza,Fast Food,5,550,2750,17,5,12,3,Amazing quality,Positive,Card,Banani
4419,2025-07-20,Sunday,7,1886,Juice,Beverage,2,150,300,8,2,6,5,Excellent food and fast service,Positive,Cash,Mirpur
4420,2025-01-20,Monday,1,1356,Burger,Fast Food,8,250,2000,26,8,18,2,Highly recommended,Positive,Cash,Dhanmondi
4421,2025-08-18,Monday,8,1371,Sandwich,Fast Food,5,220,1100,15,5,10,5,Loved the food,Positive,Nagad,Dhanmondi
4422,2025-09-29,Monday,9,1438,Juice,Beverage,8,150,1200,28,8,20,5,Nothing special,Neutral,Card,Dhanmondi
4423,2025-11-06,Thursday,11,1265,Biryani,Main Course,3,320,960,15,3,12,3,Excellent food and fast service,Positive,Cash,Uttara
4424,2025-02-26,Wednesday,2,1637,Coffee,Beverage,3,180,540,22,3,19,5,Too salty,Negative,Card,Uttara
4425,2025-08-05,Tuesday,8,1104,Sandwich,Fast Food,5,220,1100,11,5,6,3,Bad experience,Negative,Cash,Mirpur
4426,2025-10-31,Friday,10,1605,Ice Cream,Dessert,5,120,600,19,5,14,2,Nothing special,Neutral,Cash,Uttara
4427,2025-12-10,Wednesday,12,1544,Biryani,Main Course,6,320,1920,23,6,17,3,Average taste,Neutral,Nagad,Dhanmondi
4428,2025-01-08,Wednesday,1,1811,Noodles,Main Course,1,260,260,10,1,9,2,Excellent food and fast service,Positive,Nagad,Uttara
4429,2025-01-25,Saturday,1,1949,Juice,Beverage,4,150,600,23,4,19,4,Loved the food,Positive,Bkash,Dhanmondi
4430,2025-06-12,Thursday,6,1446,Pizza,Fast Food,7,550,3850,26,7,19,5,Food was cold,Negative,Card,Banani
4431,2025-06-27,Friday,6,1135,Noodles,Main Course,7,260,1820,18,7,11,4,Excellent food and fast service,Positive,Card,Banani
4432,2025-09-20,Saturday,9,1151,Sandwich,Fast Food,4,220,880,13,4,9,3,Bad experience,Negative,Bkash,Mirpur
4433,2025-07-04,Friday,7,1627,Burger,Fast Food,1,250,250,18,1,17,5,Average taste,Neutral,Nagad,Uttara
4434,2025-11-29,Saturday,11,1936,Noodles,Main Course,8,260,2080,16,8,8,3,Bad experience,Negative,Bkash,Dhanmondi
4435,2025-01-29,Wednesday,1,1299,Burger,Fast Food,1,250,250,19,1,18,4,Amazing quality,Positive,Card,Uttara
4436,2025-01-14,Tuesday,1,1856,Burger,Fast Food,5,250,1250,23,5,18,5,Loved the food,Positive,Cash,Banani
4437,2025-01-20,Monday,1,1815,Juice,Beverage,5,150,750,17,5,12,2,Amazing quality,Positive,Bkash,Mirpur
4438,2025-08-28,Thursday,8,1059,Ice Cream,Dessert,1,120,120,16,1,15,4,It was okay,Neutral,Nagad,Dhanmondi
4439,2025-03-06,Thursday,3,1269,Sandwich,Fast Food,1,220,220,11,1,10,4,Not worth the price,Negative,Cash,Uttara
4440,2025-01-03,Friday,1,1916,Burger,Fast Food,6,250,1500,12,6,6,4,Food was cold,Negative,Nagad,Mirpur
4441,2025-06-02,Monday,6,1496,Sandwich,Fast Food,4,220,880,9,4,5,4,Very tasty and fresh,Positive,Cash,Banani
4442,2025-03-23,Sunday,3,1167,Noodles,Main Course,3,260,780,18,3,15,4,Nothing special,Neutral,Bkash,Uttara
4443,2025-04-05,Saturday,4,1074,Burger,Fast Food,6,250,1500,15,6,9,4,Too salty,Negative,Bkash,Dhanmondi
4444,2025-03-01,Saturday,3,1094,Fried Rice,Main Course,6,280,1680,16,6,10,5,Excellent food and fast service,Positive,Nagad,Mirpur
4445,2025-01-07,Tuesday,1,1764,Coffee,Beverage,2,180,360,13,2,11,2,Bad experience,Negative,Bkash,Dhanmondi
4446,2025-09-20,Saturday,9,1130,Burger,Fast Food,6,250,1500,13,6,7,2,Food was cold,Negative,Cash,Banani
4447,2025-05-13,Tuesday,5,1594,Burger,Fast Food,5,250,1250,21,5,16,3,Highly recommended,Positive,Card,Uttara
4448,2025-08-31,Sunday,8,1271,Juice,Beverage,3,150,450,20,3,17,5,Amazing quality,Positive,Card,Banani
4449,2025-11-10,Monday,11,1871,Fried Rice,Main Course,1,280,280,10,1,9,3,It was okay,Neutral,Cash,Banani
4450,2025-01-27,Monday,1,1449,Coffee,Beverage,7,180,1260,18,7,11,2,Excellent food and fast service,Positive,Card,Mirpur
4451,2025-03-05,Wednesday,3,1630,Fried Rice,Main Course,8,280,2240,19,8,11,2,Service was normal,Neutral,Card,Mirpur
4452,2025-10-02,Thursday,10,1890,Pizza,Fast Food,4,550,2200,22,4,18,3,Loved the food,Positive,Nagad,Mirpur
4453,2025-04-17,Thursday,4,1922,Juice,Beverage,6,150,900,17,6,11,4,Loved the food,Positive,Bkash,Mirpur
4454,2025-08-04,Monday,8,1597,Noodles,Main Course,2,260,520,18,2,16,4,Amazing quality,Positive,Cash,Mirpur
4455,2025-07-15,Tuesday,7,1490,Fried Rice,Main Course,2,280,560,21,2,19,5,Acceptable,Neutral,Card,Uttara
4456,2025-12-11,Thursday,12,1829,Burger,Fast Food,3,250,750,14,3,11,3,Very tasty and fresh,Positive,Card,Uttara
4457,2025-12-21,Sunday,12,1004,Noodles,Main Course,4,260,1040,12,4,8,3,Nothing special,Neutral,Bkash,Dhanmondi
4458,2025-11-09,Sunday,11,1796,Biryani,Main Course,8,320,2560,13,8,5,4,Excellent food and fast service,Positive,Card,Banani
4459,2025-07-14,Monday,7,1667,Juice,Beverage,5,150,750,24,5,19,3,Highly recommended,Positive,Nagad,Dhanmondi
4460,2025-03-24,Monday,3,1428,Sandwich,Fast Food,6,220,1320,26,6,20,5,Acceptable,Neutral,Card,Banani
4461,2025-09-15,Monday,9,1198,Burger,Fast Food,6,250,1500,17,6,11,2,Not worth the price,Negative,Card,Uttara
4462,2025-04-08,Tuesday,4,1555,Burger,Fast Food,8,250,2000,13,8,5,3,Amazing quality,Positive,Bkash,Banani
4463,2025-09-13,Saturday,9,1141,Burger,Fast Food,8,250,2000,24,8,16,2,Highly recommended,Positive,Cash,Banani
4464,2025-04-07,Monday,4,1900,Juice,Beverage,8,150,1200,18,8,10,5,Excellent food and fast service,Positive,Nagad,Dhanmondi
4465,2025-01-08,Wednesday,1,1498,Juice,Beverage,7,150,1050,14,7,7,2,Delivery was late,Negative,Bkash,Uttara
4466,2025-07-09,Wednesday,7,1432,Biryani,Main Course,5,320,1600,22,5,17,2,Excellent food and fast service,Positive,Nagad,Uttara
4467,2025-03-22,Saturday,3,1008,Pasta,Main Course,2,350,700,21,2,19,3,Not worth the price,Negative,Cash,Dhanmondi
4468,2025-10-13,Monday,10,1632,Burger,Fast Food,4,250,1000,17,4,13,4,Excellent food and fast service,Positive,Bkash,Mirpur
4469,2025-09-29,Monday,9,1252,Sandwich,Fast Food,1,220,220,14,1,13,3,Bad experience,Negative,Bkash,Banani
4470,2025-06-12,Thursday,6,1396,Noodles,Main Course,7,260,1820,26,7,19,2,Delivery was late,Negative,Card,Dhanmondi
4471,2025-04-21,Monday,4,1304,Pizza,Fast Food,1,550,550,19,1,18,2,Nothing special,Neutral,Bkash,Banani
4472,2025-11-22,Saturday,11,1008,Pasta,Main Course,4,350,1400,9,4,5,3,Amazing quality,Positive,Nagad,Uttara
4473,2025-11-25,Tuesday,11,1752,Coffee,Beverage,4,180,720,23,4,19,5,Highly recommended,Positive,Cash,Mirpur
4474,2025-02-11,Tuesday,2,1240,Coffee,Beverage,6,180,1080,26,6,20,5,Excellent food and fast service,Positive,Card,Dhanmondi
4475,2025-05-26,Monday,5,1140,Biryani,Main Course,2,320,640,22,2,20,4,Nothing special,Neutral,Nagad,Mirpur
4476,2025-05-10,Saturday,5,1162,Fried Rice,Main Course,4,280,1120,12,4,8,5,Amazing quality,Positive,Card,Dhanmondi
4477,2025-06-30,Monday,6,1540,Ice Cream,Dessert,8,120,960,26,8,18,4,Excellent food and fast service,Positive,Cash,Banani
4478,2025-09-24,Wednesday,9,1340,Pasta,Main Course,7,350,2450,20,7,13,5,Food was cold,Negative,Nagad,Mirpur
4479,2025-07-28,Monday,7,1523,Juice,Beverage,3,150,450,11,3,8,4,Highly recommended,Positive,Nagad,Mirpur
4480,2025-11-20,Thursday,11,1153,Biryani,Main Course,6,320,1920,21,6,15,4,Service was normal,Neutral,Bkash,Banani
4481,2025-07-25,Friday,7,1474,Sandwich,Fast Food,3,220,660,13,3,10,3,Excellent food and fast service,Positive,Card,Banani
4482,2025-08-30,Saturday,8,1101,Ice Cream,Dessert,5,120,600,11,5,6,4,Excellent food and fast service,Positive,Bkash,Dhanmondi
4483,2025-04-27,Sunday,4,1570,Noodles,Main Course,3,260,780,22,3,19,5,It was okay,Neutral,Card,Uttara
4484,2025-11-12,Wednesday,11,1662,Biryani,Main Course,4,320,1280,21,4,17,4,Loved the food,Positive,Nagad,Banani
4485,2025-04-06,Sunday,4,1232,Ice Cream,Dessert,7,120,840,25,7,18,4,Food was cold,Negative,Nagad,Mirpur
4486,2025-09-12,Friday,9,1722,Pasta,Main Course,1,350,350,15,1,14,4,Excellent food and fast service,Positive,Card,Banani
4487,2025-03-16,Sunday,3,1032,Sandwich,Fast Food,4,220,880,20,4,16,2,Highly recommended,Positive,Cash,Uttara
4488,2025-08-08,Friday,8,1599,Juice,Beverage,5,150,750,22,5,17,5,Average taste,Neutral,Cash,Mirpur
4489,2025-11-06,Thursday,11,1440,Burger,Fast Food,2,250,500,7,2,5,5,Excellent food and fast service,Positive,Bkash,Mirpur
4490,2025-06-08,Sunday,6,1485,Coffee,Beverage,5,180,900,17,5,12,4,Excellent food and fast service,Positive,Nagad,Uttara
4491,2025-12-02,Tuesday,12,1933,Sandwich,Fast Food,5,220,1100,15,5,10,4,Food was cold,Negative,Card,Uttara
4492,2025-06-24,Tuesday,6,1161,Noodles,Main Course,8,260,2080,19,8,11,2,Very tasty and fresh,Positive,Nagad,Banani
4493,2025-07-11,Friday,7,1642,Juice,Beverage,2,150,300,8,2,6,5,Average taste,Neutral,Cash,Dhanmondi
4494,2025-09-11,Thursday,9,1366,Pizza,Fast Food,4,550,2200,17,4,13,2,Very tasty and fresh,Positive,Cash,Banani
4495,2025-05-19,Monday,5,1251,Biryani,Main Course,3,320,960,22,3,19,4,Too salty,Negative,Bkash,Banani
4496,2025-06-23,Monday,6,1996,Biryani,Main Course,7,320,2240,23,7,16,3,Loved the food,Positive,Bkash,Banani
4497,2025-09-09,Tuesday,9,1160,Pasta,Main Course,2,350,700,9,2,7,4,Food was cold,Negative,Bkash,Uttara
4498,2025-10-09,Thursday,10,1505,Noodles,Main Course,8,260,2080,23,8,15,4,Amazing quality,Positive,Card,Dhanmondi
4499,2025-05-14,Wednesday,5,1755,Pizza,Fast Food,6,550,3300,21,6,15,3,Amazing quality,Positive,Card,Dhanmondi
4500,2025-02-20,Thursday,2,1642,Juice,Beverage,5,150,750,17,5,12,3,Very tasty and fresh,Positive,Nagad,Banani
4501,2025-12-27,Saturday,12,1607,Pasta,Main Course,5,350,1750,19,5,14,4,Very tasty and fresh,Positive,Bkash,Banani
4502,2025-09-26,Friday,9,1302,Juice,Beverage,8,150,1200,22,8,14,5,Food was cold,Negative,Nagad,Uttara
4503,2025-05-15,Thursday,5,1216,Juice,Beverage,5,150,750,25,5,20,4,Amazing quality,Positive,Cash,Dhanmondi
4504,2025-07-29,Tuesday,7,1452,Sandwich,Fast Food,2,220,440,7,2,5,4,Amazing quality,Positive,Bkash,Uttara
4505,2025-11-11,Tuesday,11,1134,Noodles,Main Course,3,260,780,15,3,12,2,Loved the food,Positive,Card,Uttara
4506,2025-08-05,Tuesday,8,1990,Coffee,Beverage,6,180,1080,26,6,20,3,Food was cold,Negative,Bkash,Dhanmondi
4507,2025-01-01,Wednesday,1,1090,Coffee,Beverage,6,180,1080,26,6,20,4,Amazing quality,Positive,Bkash,Uttara
4508,2025-05-16,Friday,5,1789,Coffee,Beverage,7,180,1260,23,7,16,3,Delivery was late,Negative,Bkash,Uttara
4509,2025-05-16,Friday,5,1790,Pasta,Main Course,1,350,350,20,1,19,2,Acceptable,Neutral,Nagad,Uttara
4510,2025-02-06,Thursday,2,1552,Fried Rice,Main Course,6,280,1680,20,6,14,4,Highly recommended,Positive,Bkash,Dhanmondi
4511,2025-08-30,Saturday,8,1652,Fried Rice,Main Course,2,280,560,11,2,9,2,Excellent food and fast service,Positive,Cash,Uttara
4512,2025-07-21,Monday,7,1080,Pasta,Main Course,3,350,1050,11,3,8,4,Bad experience,Negative,Bkash,Mirpur
4513,2025-09-11,Thursday,9,1053,Noodles,Main Course,4,260,1040,23,4,19,5,Nothing special,Neutral,Cash,Mirpur
4514,2025-01-15,Wednesday,1,1653,Sandwich,Fast Food,1,220,220,17,1,16,5,Food was cold,Negative,Card,Banani
4515,2025-12-09,Tuesday,12,1730,Fried Rice,Main Course,3,280,840,22,3,19,3,Loved the food,Positive,Card,Banani
4516,2025-06-21,Saturday,6,1620,Sandwich,Fast Food,3,220,660,8,3,5,2,Not worth the price,Negative,Bkash,Banani
4517,2025-01-21,Tuesday,1,1510,Sandwich,Fast Food,4,220,880,23,4,19,5,Acceptable,Neutral,Bkash,Uttara
4518,2025-12-25,Thursday,12,1830,Fried Rice,Main Course,7,280,1960,18,7,11,4,Excellent food and fast service,Positive,Bkash,Mirpur
4519,2025-05-18,Sunday,5,1157,Pizza,Fast Food,4,550,2200,20,4,16,3,Amazing quality,Positive,Nagad,Uttara
4520,2025-11-06,Thursday,11,1107,Burger,Fast Food,2,250,500,20,2,18,4,Too salty,Negative,Bkash,Uttara
4521,2025-09-04,Thursday,9,1658,Pasta,Main Course,8,350,2800,28,8,20,4,Too salty,Negative,Card,Uttara
4522,2025-04-15,Tuesday,4,1656,Pizza,Fast Food,8,550,4400,20,8,12,4,Very tasty and fresh,Positive,Nagad,Mirpur
4523,2025-07-16,Wednesday,7,1369,Pizza,Fast Food,7,550,3850,15,7,8,2,Not worth the price,Negative,Card,Dhanmondi
4524,2025-01-11,Saturday,1,1315,Burger,Fast Food,1,250,250,11,1,10,4,Highly recommended,Positive,Nagad,Dhanmondi
4525,2025-01-03,Friday,1,1525,Coffee,Beverage,2,180,360,11,2,9,2,Delivery was late,Negative,Nagad,Uttara
4526,2025-02-18,Tuesday,2,1854,Ice Cream,Dessert,1,120,120,16,1,15,5,Not worth the price,Negative,Card,Uttara
4527,2025-10-12,Sunday,10,1793,Sandwich,Fast Food,3,220,660,23,3,20,3,Highly recommended,Positive,Card,Banani
4528,2025-09-21,Sunday,9,1764,Ice Cream,Dessert,8,120,960,23,8,15,4,Excellent food and fast service,Positive,Card,Mirpur
4529,2025-04-16,Wednesday,4,1455,Noodles,Main Course,8,260,2080,17,8,9,4,Food was cold,Negative,Nagad,Uttara
4530,2025-02-19,Wednesday,2,1828,Pasta,Main Course,5,350,1750,18,5,13,2,Service was normal,Neutral,Nagad,Mirpur
4531,2025-06-11,Wednesday,6,1566,Ice Cream,Dessert,7,120,840,17,7,10,4,It was okay,Neutral,Cash,Uttara
4532,2025-09-10,Wednesday,9,1681,Sandwich,Fast Food,2,220,440,18,2,16,5,Very tasty and fresh,Positive,Bkash,Dhanmondi
4533,2025-11-28,Friday,11,1159,Sandwich,Fast Food,1,220,220,16,1,15,4,Acceptable,Neutral,Cash,Dhanmondi
4534,2025-01-16,Thursday,1,1488,Fried Rice,Main Course,2,280,560,20,2,18,4,Excellent food and fast service,Positive,Cash,Mirpur
4535,2025-05-23,Friday,5,1634,Coffee,Beverage,7,180,1260,25,7,18,5,Food was cold,Negative,Nagad,Banani
4536,2025-12-18,Thursday,12,1733,Juice,Beverage,1,150,150,8,1,7,4,Average taste,Neutral,Card,Mirpur
4537,2025-01-01,Wednesday,1,1350,Pizza,Fast Food,1,550,550,11,1,10,5,Loved the food,Positive,Nagad,Mirpur
4538,2025-08-25,Monday,8,1903,Coffee,Beverage,7,180,1260,24,7,17,3,Highly recommended,Positive,Card,Banani
4539,2025-09-03,Wednesday,9,1532,Pasta,Main Course,2,350,700,8,2,6,4,Highly recommended,Positive,Cash,Uttara
4540,2025-05-04,Sunday,5,1779,Fried Rice,Main Course,1,280,280,15,1,14,3,Not worth the price,Negative,Cash,Mirpur
4541,2025-12-26,Friday,12,1973,Sandwich,Fast Food,1,220,220,19,1,18,4,Not worth the price,Negative,Card,Banani
4542,2025-04-23,Wednesday,4,1168,Burger,Fast Food,6,250,1500,17,6,11,2,Service was normal,Neutral,Nagad,Dhanmondi
4543,2025-11-22,Saturday,11,1822,Juice,Beverage,3,150,450,14,3,11,5,Amazing quality,Positive,Cash,Mirpur
4544,2025-01-29,Wednesday,1,1406,Sandwich,Fast Food,2,220,440,8,2,6,2,Excellent food and fast service,Positive,Card,Banani
4545,2025-08-24,Sunday,8,1471,Burger,Fast Food,6,250,1500,12,6,6,5,Excellent food and fast service,Positive,Nagad,Banani
4546,2025-12-12,Friday,12,1581,Fried Rice,Main Course,2,280,560,16,2,14,5,Excellent food and fast service,Positive,Cash,Banani
4547,2025-05-19,Monday,5,1619,Ice Cream,Dessert,7,120,840,14,7,7,3,Delivery was late,Negative,Cash,Banani
4548,2025-10-05,Sunday,10,1552,Noodles,Main Course,5,260,1300,25,5,20,3,Amazing quality,Positive,Bkash,Uttara
4549,2025-08-22,Friday,8,1181,Coffee,Beverage,7,180,1260,24,7,17,5,Highly recommended,Positive,Bkash,Uttara
4550,2025-12-23,Tuesday,12,1066,Fried Rice,Main Course,1,280,280,7,1,6,4,Highly recommended,Positive,Bkash,Banani
4551,2025-06-20,Friday,6,1872,Ice Cream,Dessert,6,120,720,11,6,5,3,Very tasty and fresh,Positive,Nagad,Banani
4552,2025-03-19,Wednesday,3,1990,Pizza,Fast Food,2,550,1100,17,2,15,2,Amazing quality,Positive,Bkash,Dhanmondi
4553,2025-10-02,Thursday,10,1315,Biryani,Main Course,3,320,960,17,3,14,2,Nothing special,Neutral,Card,Banani
4554,2025-02-10,Monday,2,1679,Juice,Beverage,6,150,900,12,6,6,3,Very tasty and fresh,Positive,Cash,Mirpur
4555,2025-10-19,Sunday,10,1815,Juice,Beverage,4,150,600,24,4,20,3,Food was cold,Negative,Cash,Dhanmondi
4556,2025-07-06,Sunday,7,1822,Pizza,Fast Food,2,550,1100,14,2,12,2,Amazing quality,Positive,Cash,Mirpur
4557,2025-08-14,Thursday,8,1288,Ice Cream,Dessert,1,120,120,15,1,14,4,Loved the food,Positive,Cash,Mirpur
4558,2025-12-16,Tuesday,12,1631,Noodles,Main Course,2,260,520,17,2,15,4,Very tasty and fresh,Positive,Card,Banani
4559,2025-10-14,Tuesday,10,1444,Ice Cream,Dessert,2,120,240,9,2,7,2,It was okay,Neutral,Cash,Banani
4560,2025-12-14,Sunday,12,1315,Burger,Fast Food,7,250,1750,14,7,7,2,Too salty,Negative,Nagad,Banani
4561,2025-07-19,Saturday,7,1855,Pizza,Fast Food,2,550,1100,22,2,20,4,It was okay,Neutral,Card,Dhanmondi
4562,2025-07-29,Tuesday,7,1761,Sandwich,Fast Food,1,220,220,6,1,5,4,Amazing quality,Positive,Card,Mirpur
4563,2025-12-14,Sunday,12,1998,Burger,Fast Food,5,250,1250,25,5,20,4,Amazing quality,Positive,Nagad,Uttara
4564,2025-05-26,Monday,5,1374,Burger,Fast Food,1,250,250,13,1,12,2,Excellent food and fast service,Positive,Nagad,Dhanmondi
4565,2025-08-18,Monday,8,1625,Coffee,Beverage,7,180,1260,17,7,10,4,Service was normal,Neutral,Nagad,Banani
4566,2025-05-16,Friday,5,1185,Pizza,Fast Food,5,550,2750,21,5,16,4,Delivery was late,Negative,Cash,Dhanmondi
4567,2025-02-12,Wednesday,2,1954,Burger,Fast Food,3,250,750,20,3,17,3,Loved the food,Positive,Card,Banani
4568,2025-09-06,Saturday,9,1432,Sandwich,Fast Food,1,220,220,16,1,15,3,Very tasty and fresh,Positive,Card,Mirpur
4569,2025-07-09,Wednesday,7,1093,Pasta,Main Course,4,350,1400,17,4,13,3,Very tasty and fresh,Positive,Cash,Dhanmondi
4570,2025-03-03,Monday,3,1797,Coffee,Beverage,6,180,1080,26,6,20,2,Loved the food,Positive,Bkash,Dhanmondi
4571,2025-04-18,Friday,4,1160,Ice Cream,Dessert,6,120,720,22,6,16,3,Delivery was late,Negative,Nagad,Mirpur
4572,2025-01-08,Wednesday,1,1327,Noodles,Main Course,4,260,1040,24,4,20,3,Highly recommended,Positive,Bkash,Uttara
4573,2025-12-15,Monday,12,1098,Fried Rice,Main Course,3,280,840,16,3,13,3,Very tasty and fresh,Positive,Bkash,Banani
4574,2025-10-22,Wednesday,10,1502,Juice,Beverage,6,150,900,24,6,18,3,Excellent food and fast service,Positive,Card,Mirpur
4575,2025-01-10,Friday,1,1789,Burger,Fast Food,7,250,1750,20,7,13,4,Too salty,Negative,Cash,Mirpur
4576,2025-09-23,Tuesday,9,1163,Biryani,Main Course,5,320,1600,11,5,6,5,Amazing quality,Positive,Card,Mirpur
4577,2025-06-27,Friday,6,1023,Noodles,Main Course,8,260,2080,18,8,10,5,Highly recommended,Positive,Card,Mirpur
4578,2025-09-17,Wednesday,9,1376,Sandwich,Fast Food,4,220,880,21,4,17,4,Excellent food and fast service,Positive,Card,Uttara
4579,2025-08-03,Sunday,8,1382,Biryani,Main Course,4,320,1280,11,4,7,2,Not worth the price,Negative,Cash,Dhanmondi
4580,2025-07-09,Wednesday,7,1855,Fried Rice,Main Course,3,280,840,22,3,19,4,It was okay,Neutral,Cash,Mirpur
4581,2025-08-16,Saturday,8,1521,Sandwich,Fast Food,6,220,1320,23,6,17,5,Bad experience,Negative,Card,Banani
4582,2025-02-15,Saturday,2,1882,Fried Rice,Main Course,8,280,2240,28,8,20,4,Excellent food and fast service,Positive,Card,Uttara
4583,2025-10-04,Saturday,10,1674,Ice Cream,Dessert,2,120,240,12,2,10,5,It was okay,Neutral,Bkash,Banani
4584,2025-12-19,Friday,12,1276,Coffee,Beverage,4,180,720,24,4,20,4,Nothing special,Neutral,Bkash,Dhanmondi
4585,2025-03-23,Sunday,3,1012,Coffee,Beverage,7,180,1260,16,7,9,3,Delivery was late,Negative,Bkash,Banani
4586,2025-05-12,Monday,5,1058,Pasta,Main Course,3,350,1050,20,3,17,5,Amazing quality,Positive,Cash,Banani
4587,2025-01-23,Thursday,1,1973,Juice,Beverage,4,150,600,17,4,13,5,Excellent food and fast service,Positive,Card,Uttara
4588,2025-11-12,Wednesday,11,1528,Biryani,Main Course,2,320,640,19,2,17,5,Amazing quality,Positive,Cash,Mirpur
4589,2025-12-22,Monday,12,1768,Biryani,Main Course,8,320,2560,24,8,16,2,Average taste,Neutral,Card,Banani
4590,2025-11-30,Sunday,11,1666,Fried Rice,Main Course,1,280,280,17,1,16,5,Loved the food,Positive,Card,Mirpur
4591,2025-11-17,Monday,11,1326,Burger,Fast Food,7,250,1750,21,7,14,3,Very tasty and fresh,Positive,Cash,Banani
4592,2025-01-16,Thursday,1,1471,Noodles,Main Course,2,260,520,9,2,7,2,Food was cold,Negative,Bkash,Uttara
4593,2025-04-15,Tuesday,4,1523,Juice,Beverage,1,150,150,13,1,12,2,Nothing special,Neutral,Bkash,Mirpur
4594,2025-05-14,Wednesday,5,1860,Pasta,Main Course,4,350,1400,24,4,20,3,Excellent food and fast service,Positive,Card,Banani
4595,2025-12-30,Tuesday,12,1800,Sandwich,Fast Food,8,220,1760,26,8,18,3,Amazing quality,Positive,Cash,Dhanmondi
4596,2025-12-17,Wednesday,12,1715,Noodles,Main Course,1,260,260,15,1,14,3,Loved the food,Positive,Cash,Banani
4597,2025-10-19,Sunday,10,1180,Sandwich,Fast Food,6,220,1320,23,6,17,2,Loved the food,Positive,Cash,Dhanmondi
4598,2025-02-03,Monday,2,1093,Noodles,Main Course,8,260,2080,21,8,13,3,Amazing quality,Positive,Cash,Dhanmondi
4599,2025-03-23,Sunday,3,1222,Juice,Beverage,6,150,900,25,6,19,2,Excellent food and fast service,Positive,Card,Uttara
4600,2025-02-24,Monday,2,1805,Biryani,Main Course,2,320,640,22,2,20,2,Highly recommended,Positive,Bkash,Uttara
4601,2025-12-27,Saturday,12,1557,Fried Rice,Main Course,3,280,840,23,3,20,2,Bad experience,Negative,Cash,Mirpur
4602,2025-11-09,Sunday,11,1119,Biryani,Main Course,1,320,320,19,1,18,5,Loved the food,Positive,Bkash,Uttara
4603,2025-08-21,Thursday,8,1105,Biryani,Main Course,7,320,2240,14,7,7,2,Amazing quality,Positive,Bkash,Uttara
4604,2025-02-19,Wednesday,2,1775,Burger,Fast Food,1,250,250,8,1,7,4,Very tasty and fresh,Positive,Cash,Uttara
4605,2025-07-23,Wednesday,7,1076,Biryani,Main Course,3,320,960,14,3,11,3,Excellent food and fast service,Positive,Nagad,Dhanmondi
4606,2025-04-01,Tuesday,4,1397,Burger,Fast Food,2,250,500,16,2,14,5,Loved the food,Positive,Cash,Uttara
4607,2025-07-26,Saturday,7,1160,Burger,Fast Food,8,250,2000,28,8,20,2,Highly recommended,Positive,Bkash,Mirpur
4608,2025-01-25,Saturday,1,1706,Ice Cream,Dessert,1,120,120,19,1,18,4,It was okay,Neutral,Card,Uttara
4609,2025-04-16,Wednesday,4,1431,Coffee,Beverage,1,180,180,9,1,8,3,Delivery was late,Negative,Bkash,Dhanmondi
4610,2025-01-19,Sunday,1,1250,Pasta,Main Course,5,350,1750,22,5,17,2,Not worth the price,Negative,Bkash,Dhanmondi
4611,2025-06-23,Monday,6,1605,Pizza,Fast Food,4,550,2200,16,4,12,5,Average taste,Neutral,Nagad,Uttara
4612,2025-01-29,Wednesday,1,1316,Ice Cream,Dessert,3,120,360,17,3,14,2,Not worth the price,Negative,Card,Mirpur
4613,2025-10-18,Saturday,10,1051,Juice,Beverage,7,150,1050,22,7,15,3,Amazing quality,Positive,Nagad,Uttara
4614,2025-12-05,Friday,12,1619,Noodles,Main Course,6,260,1560,26,6,20,2,Very tasty and fresh,Positive,Bkash,Dhanmondi
4615,2025-12-26,Friday,12,1698,Burger,Fast Food,1,250,250,15,1,14,5,Very tasty and fresh,Positive,Nagad,Mirpur
4616,2025-01-23,Thursday,1,1274,Pizza,Fast Food,5,550,2750,23,5,18,5,Excellent food and fast service,Positive,Bkash,Dhanmondi
4617,2025-01-10,Friday,1,1523,Fried Rice,Main Course,5,280,1400,21,5,16,4,Too salty,Negative,Nagad,Mirpur
4618,2025-11-26,Wednesday,11,1021,Biryani,Main Course,1,320,320,9,1,8,3,Amazing quality,Positive,Card,Uttara
4619,2025-01-02,Thursday,1,1560,Pizza,Fast Food,7,550,3850,23,7,16,2,Amazing quality,Positive,Nagad,Dhanmondi
4620,2025-11-01,Saturday,11,1122,Pizza,Fast Food,8,550,4400,24,8,16,3,Loved the food,Positive,Nagad,Banani
4621,2025-08-31,Sunday,8,1663,Coffee,Beverage,1,180,180,14,1,13,3,Highly recommended,Positive,Card,Mirpur
4622,2025-04-11,Friday,4,1851,Ice Cream,Dessert,7,120,840,23,7,16,5,Amazing quality,Positive,Card,Dhanmondi
4623,2025-03-14,Friday,3,1848,Burger,Fast Food,5,250,1250,25,5,20,3,Excellent food and fast service,Positive,Nagad,Mirpur
4624,2025-04-27,Sunday,4,1258,Pasta,Main Course,8,350,2800,25,8,17,4,Average taste,Neutral,Card,Banani
4625,2025-02-28,Friday,2,1884,Ice Cream,Dessert,8,120,960,22,8,14,4,Excellent food and fast service,Positive,Bkash,Mirpur
4626,2025-07-01,Tuesday,7,1919,Burger,Fast Food,1,250,250,7,1,6,2,Amazing quality,Positive,Nagad,Mirpur
4627,2025-06-06,Friday,6,1138,Sandwich,Fast Food,4,220,880,19,4,15,5,Loved the food,Positive,Card,Mirpur
4628,2025-04-15,Tuesday,4,1025,Juice,Beverage,2,150,300,8,2,6,3,Bad experience,Negative,Bkash,Mirpur
4629,2025-01-30,Thursday,1,1452,Noodles,Main Course,2,260,520,15,2,13,2,Service was normal,Neutral,Card,Uttara
4630,2025-08-03,Sunday,8,1803,Burger,Fast Food,8,250,2000,22,8,14,5,Excellent food and fast service,Positive,Cash,Uttara
4631,2025-03-30,Sunday,3,1676,Coffee,Beverage,3,180,540,18,3,15,2,Very tasty and fresh,Positive,Card,Mirpur
4632,2025-02-17,Monday,2,1028,Sandwich,Fast Food,7,220,1540,17,7,10,4,Bad experience,Negative,Bkash,Dhanmondi
4633,2025-09-09,Tuesday,9,2000,Coffee,Beverage,5,180,900,11,5,6,5,Very tasty and fresh,Positive,Cash,Mirpur
4634,2025-10-09,Thursday,10,1209,Pasta,Main Course,3,350,1050,11,3,8,3,Amazing quality,Positive,Nagad,Dhanmondi
4635,2025-01-14,Tuesday,1,1444,Noodles,Main Course,3,260,780,21,3,18,2,Service was normal,Neutral,Card,Dhanmondi
4636,2025-07-15,Tuesday,7,1385,Pasta,Main Course,7,350,2450,20,7,13,4,Nothing special,Neutral,Nagad,Mirpur
4637,2025-07-15,Tuesday,7,1059,Biryani,Main Course,6,320,1920,12,6,6,2,Loved the food,Positive,Bkash,Uttara
4638,2025-10-21,Tuesday,10,1901,Ice Cream,Dessert,3,120,360,19,3,16,3,Excellent food and fast service,Positive,Nagad,Dhanmondi
4639,2025-01-05,Sunday,1,1256,Biryani,Main Course,6,320,1920,21,6,15,3,Average taste,Neutral,Card,Mirpur
4640,2025-12-16,Tuesday,12,1779,Coffee,Beverage,3,180,540,8,3,5,5,Amazing quality,Positive,Bkash,Dhanmondi
4641,2025-10-02,Thursday,10,1828,Pizza,Fast Food,1,550,550,17,1,16,2,Very tasty and fresh,Positive,Bkash,Uttara
4642,2025-01-08,Wednesday,1,1230,Juice,Beverage,8,150,1200,20,8,12,2,Bad experience,Negative,Card,Mirpur
4643,2025-01-10,Friday,1,1606,Pizza,Fast Food,7,550,3850,27,7,20,3,Highly recommended,Positive,Cash,Dhanmondi
4644,2025-01-09,Thursday,1,1469,Coffee,Beverage,1,180,180,21,1,20,2,Bad experience,Negative,Bkash,Banani
4645,2025-05-31,Saturday,5,1605,Pasta,Main Course,6,350,2100,19,6,13,2,Highly recommended,Positive,Bkash,Uttara
4646,2025-09-19,Friday,9,1251,Sandwich,Fast Food,7,220,1540,27,7,20,2,Loved the food,Positive,Bkash,Mirpur
4647,2025-07-31,Thursday,7,1639,Sandwich,Fast Food,7,220,1540,22,7,15,3,Highly recommended,Positive,Nagad,Uttara
4648,2025-07-29,Tuesday,7,1970,Fried Rice,Main Course,3,280,840,23,3,20,3,Loved the food,Positive,Nagad,Dhanmondi
4649,2025-04-08,Tuesday,4,1783,Ice Cream,Dessert,2,120,240,8,2,6,4,Highly recommended,Positive,Cash,Mirpur
4650,2025-02-02,Sunday,2,1406,Fried Rice,Main Course,5,280,1400,16,5,11,3,Highly recommended,Positive,Card,Banani
4651,2025-07-16,Wednesday,7,1829,Noodles,Main Course,2,260,520,20,2,18,2,Loved the food,Positive,Cash,Banani
4652,2025-01-04,Saturday,1,1767,Biryani,Main Course,5,320,1600,15,5,10,3,Not worth the price,Negative,Nagad,Mirpur
4653,2025-12-05,Friday,12,1223,Fried Rice,Main Course,8,280,2240,20,8,12,2,Excellent food and fast service,Positive,Bkash,Uttara
4654,2025-05-28,Wednesday,5,1732,Pizza,Fast Food,4,550,2200,20,4,16,2,Not worth the price,Negative,Nagad,Uttara
4655,2025-07-31,Thursday,7,1472,Pizza,Fast Food,2,550,1100,10,2,8,5,Service was normal,Neutral,Card,Dhanmondi
4656,2025-08-16,Saturday,8,1750,Fried Rice,Main Course,5,280,1400,24,5,19,4,Very tasty and fresh,Positive,Bkash,Dhanmondi
4657,2025-05-24,Saturday,5,1924,Coffee,Beverage,6,180,1080,24,6,18,3,Not worth the price,Negative,Cash,Dhanmondi
4658,2025-07-22,Tuesday,7,1484,Noodles,Main Course,6,260,1560,16,6,10,2,Very tasty and fresh,Positive,Cash,Mirpur
4659,2025-04-25,Friday,4,1683,Noodles,Main Course,4,260,1040,10,4,6,4,Amazing quality,Positive,Nagad,Dhanmondi
4660,2025-07-27,Sunday,7,1911,Coffee,Beverage,7,180,1260,12,7,5,4,Excellent food and fast service,Positive,Cash,Dhanmondi
4661,2025-12-10,Wednesday,12,1569,Biryani,Main Course,5,320,1600,19,5,14,3,Delivery was late,Negative,Nagad,Dhanmondi
4662,2025-08-28,Thursday,8,1468,Fried Rice,Main Course,5,280,1400,22,5,17,3,Amazing quality,Positive,Nagad,Uttara
4663,2025-02-10,Monday,2,1462,Pasta,Main Course,4,350,1400,11,4,7,3,Very tasty and fresh,Positive,Card,Uttara
4664,2025-09-24,Wednesday,9,1003,Burger,Fast Food,5,250,1250,20,5,15,3,Very tasty and fresh,Positive,Bkash,Dhanmondi
4665,2025-12-02,Tuesday,12,1594,Pizza,Fast Food,7,550,3850,21,7,14,3,Loved the food,Positive,Nagad,Uttara
4666,2025-10-15,Wednesday,10,1664,Juice,Beverage,2,150,300,13,2,11,3,Not worth the price,Negative,Card,Banani
4667,2025-12-23,Tuesday,12,1674,Noodles,Main Course,2,260,520,9,2,7,3,Very tasty and fresh,Positive,Bkash,Uttara
4668,2025-01-18,Saturday,1,1417,Biryani,Main Course,2,320,640,13,2,11,2,Excellent food and fast service,Positive,Card,Uttara
4669,2025-09-15,Monday,9,1413,Pasta,Main Course,2,350,700,22,2,20,2,Nothing special,Neutral,Card,Banani
4670,2025-06-08,Sunday,6,1543,Ice Cream,Dessert,1,120,120,21,1,20,2,Loved the food,Positive,Cash,Mirpur
4671,2025-12-22,Monday,12,1076,Burger,Fast Food,4,250,1000,11,4,7,3,Amazing quality,Positive,Card,Banani
4672,2025-11-09,Sunday,11,1795,Fried Rice,Main Course,6,280,1680,18,6,12,3,Food was cold,Negative,Card,Banani
4673,2025-11-27,Thursday,11,1255,Noodles,Main Course,2,260,520,15,2,13,4,Loved the food,Positive,Card,Banani
4674,2025-10-30,Thursday,10,1043,Noodles,Main Course,3,260,780,15,3,12,5,Delivery was late,Negative,Card,Mirpur
4675,2025-09-19,Friday,9,1236,Juice,Beverage,2,150,300,9,2,7,2,Very tasty and fresh,Positive,Nagad,Banani
4676,2025-10-10,Friday,10,1086,Burger,Fast Food,2,250,500,15,2,13,4,Excellent food and fast service,Positive,Cash,Uttara
4677,2025-10-15,Wednesday,10,1038,Burger,Fast Food,5,250,1250,19,5,14,3,Very tasty and fresh,Positive,Nagad,Uttara
4678,2025-05-26,Monday,5,1190,Noodles,Main Course,8,260,2080,22,8,14,3,Highly recommended,Positive,Nagad,Banani
4679,2025-12-26,Friday,12,1816,Pizza,Fast Food,8,550,4400,20,8,12,5,Delivery was late,Negative,Nagad,Banani
4680,2025-01-13,Monday,1,1417,Juice,Beverage,4,150,600,19,4,15,2,It was okay,Neutral,Nagad,Mirpur
4681,2025-08-31,Sunday,8,1659,Pasta,Main Course,2,350,700,20,2,18,3,Loved the food,Positive,Nagad,Banani
4682,2025-12-29,Monday,12,1426,Fried Rice,Main Course,4,280,1120,24,4,20,2,Service was normal,Neutral,Bkash,Mirpur
4683,2025-04-24,Thursday,4,1910,Coffee,Beverage,8,180,1440,27,8,19,4,Highly recommended,Positive,Card,Mirpur
4684,2025-06-23,Monday,6,1933,Noodles,Main Course,4,260,1040,22,4,18,3,Amazing quality,Positive,Nagad,Mirpur
4685,2025-06-09,Monday,6,1038,Noodles,Main Course,3,260,780,14,3,11,4,Nothing special,Neutral,Card,Mirpur
4686,2025-05-17,Saturday,5,1508,Coffee,Beverage,1,180,180,11,1,10,2,Highly recommended,Positive,Card,Dhanmondi
4687,2025-09-03,Wednesday,9,1568,Noodles,Main Course,3,260,780,18,3,15,2,Acceptable,Neutral,Nagad,Dhanmondi
4688,2025-01-02,Thursday,1,1603,Fried Rice,Main Course,8,280,2240,26,8,18,4,Very tasty and fresh,Positive,Cash,Uttara
4689,2025-09-18,Thursday,9,1640,Burger,Fast Food,5,250,1250,16,5,11,3,Excellent food and fast service,Positive,Nagad,Dhanmondi
4690,2025-09-20,Saturday,9,1536,Juice,Beverage,6,150,900,21,6,15,5,Food was cold,Negative,Cash,Banani
4691,2025-01-02,Thursday,1,1130,Sandwich,Fast Food,4,220,880,15,4,11,4,It was okay,Neutral,Cash,Uttara
4692,2025-12-13,Saturday,12,1067,Sandwich,Fast Food,6,220,1320,20,6,14,5,Excellent food and fast service,Positive,Bkash,Banani
4693,2025-07-06,Sunday,7,1217,Coffee,Beverage,6,180,1080,26,6,20,3,Highly recommended,Positive,Cash,Dhanmondi
4694,2025-12-17,Wednesday,12,1322,Sandwich,Fast Food,1,220,220,16,1,15,5,Loved the food,Positive,Card,Mirpur
4695,2025-03-01,Saturday,3,1950,Burger,Fast Food,7,250,1750,12,7,5,5,Nothing special,Neutral,Cash,Banani
4696,2025-12-12,Friday,12,1387,Pizza,Fast Food,6,550,3300,17,6,11,5,Not worth the price,Negative,Cash,Uttara
4697,2025-05-31,Saturday,5,1093,Pasta,Main Course,6,350,2100,23,6,17,2,Acceptable,Neutral,Bkash,Uttara
4698,2025-04-28,Monday,4,1269,Juice,Beverage,8,150,1200,23,8,15,5,Loved the food,Positive,Cash,Banani
4699,2025-10-12,Sunday,10,1199,Fried Rice,Main Course,5,280,1400,15,5,10,3,Loved the food,Positive,Card,Mirpur
4700,2025-11-08,Saturday,11,1559,Ice Cream,Dessert,7,120,840,24,7,17,2,Excellent food and fast service,Positive,Nagad,Mirpur
4701,2025-09-22,Monday,9,1197,Noodles,Main Course,1,260,260,15,1,14,5,Excellent food and fast service,Positive,Card,Mirpur
4702,2025-09-27,Saturday,9,1123,Sandwich,Fast Food,5,220,1100,20,5,15,3,Highly recommended,Positive,Nagad,Dhanmondi
4703,2025-03-26,Wednesday,3,1301,Biryani,Main Course,4,320,1280,9,4,5,3,Service was normal,Neutral,Cash,Uttara
4704,2025-02-13,Thursday,2,1621,Fried Rice,Main Course,5,280,1400,20,5,15,2,Highly recommended,Positive,Cash,Banani
4705,2025-04-05,Saturday,4,1496,Coffee,Beverage,7,180,1260,24,7,17,3,Acceptable,Neutral,Card,Dhanmondi
4706,2025-07-15,Tuesday,7,1998,Fried Rice,Main Course,7,280,1960,23,7,16,3,Amazing quality,Positive,Nagad,Dhanmondi
4707,2025-11-28,Friday,11,1408,Coffee,Beverage,2,180,360,8,2,6,5,Very tasty and fresh,Positive,Nagad,Banani
4708,2025-07-14,Monday,7,1277,Sandwich,Fast Food,6,220,1320,17,6,11,5,It was okay,Neutral,Nagad,Uttara
4709,2025-08-28,Thursday,8,1596,Pizza,Fast Food,7,550,3850,27,7,20,2,Highly recommended,Positive,Card,Dhanmondi
4710,2025-11-06,Thursday,11,1551,Pasta,Main Course,6,350,2100,19,6,13,4,It was okay,Neutral,Bkash,Uttara
4711,2025-10-14,Tuesday,10,1413,Noodles,Main Course,3,260,780,20,3,17,4,Not worth the price,Negative,Cash,Uttara
4712,2025-12-12,Friday,12,1533,Juice,Beverage,7,150,1050,27,7,20,5,Amazing quality,Positive,Nagad,Dhanmondi
4713,2025-09-23,Tuesday,9,1977,Sandwich,Fast Food,7,220,1540,19,7,12,4,Excellent food and fast service,Positive,Cash,Uttara
4714,2025-06-15,Sunday,6,1808,Ice Cream,Dessert,1,120,120,15,1,14,4,Service was normal,Neutral,Bkash,Banani
4715,2025-05-23,Friday,5,1307,Biryani,Main Course,8,320,2560,14,8,6,4,Loved the food,Positive,Bkash,Uttara
4716,2025-09-03,Wednesday,9,1258,Noodles,Main Course,7,260,1820,14,7,7,5,Loved the food,Positive,Card,Banani
4717,2025-05-22,Thursday,5,1251,Burger,Fast Food,8,250,2000,23,8,15,2,Bad experience,Negative,Bkash,Banani
4718,2025-01-04,Saturday,1,1233,Fried Rice,Main Course,8,280,2240,18,8,10,4,Food was cold,Negative,Nagad,Dhanmondi
4719,2025-12-13,Saturday,12,1912,Burger,Fast Food,6,250,1500,26,6,20,5,Excellent food and fast service,Positive,Bkash,Dhanmondi
4720,2025-02-24,Monday,2,1991,Fried Rice,Main Course,4,280,1120,14,4,10,5,Not worth the price,Negative,Nagad,Mirpur
4721,2025-12-13,Saturday,12,1796,Juice,Beverage,4,150,600,11,4,7,5,Nothing special,Neutral,Cash,Banani
4722,2025-04-03,Thursday,4,1421,Juice,Beverage,7,150,1050,26,7,19,2,Acceptable,Neutral,Nagad,Uttara
4723,2025-04-26,Saturday,4,1247,Noodles,Main Course,7,260,1820,18,7,11,2,Average taste,Neutral,Card,Uttara
4724,2025-07-29,Tuesday,7,1258,Biryani,Main Course,5,320,1600,23,5,18,5,Amazing quality,Positive,Nagad,Mirpur
4725,2025-05-22,Thursday,5,1230,Ice Cream,Dessert,8,120,960,27,8,19,5,Loved the food,Positive,Bkash,Mirpur
4726,2025-05-08,Thursday,5,1668,Pasta,Main Course,6,350,2100,20,6,14,5,Excellent food and fast service,Positive,Nagad,Uttara
4727,2025-01-25,Saturday,1,1630,Noodles,Main Course,1,260,260,8,1,7,3,Acceptable,Neutral,Bkash,Uttara
4728,2025-09-30,Tuesday,9,1252,Burger,Fast Food,1,250,250,11,1,10,5,Too salty,Negative,Bkash,Dhanmondi
4729,2025-05-28,Wednesday,5,1040,Coffee,Beverage,7,180,1260,25,7,18,2,Acceptable,Neutral,Cash,Uttara
4730,2025-04-22,Tuesday,4,1014,Fried Rice,Main Course,2,280,560,17,2,15,4,Loved the food,Positive,Cash,Mirpur
4731,2025-11-23,Sunday,11,1473,Sandwich,Fast Food,6,220,1320,19,6,13,5,It was okay,Neutral,Nagad,Dhanmondi
4732,2025-11-30,Sunday,11,1760,Biryani,Main Course,8,320,2560,27,8,19,3,Bad experience,Negative,Card,Uttara
4733,2025-05-03,Saturday,5,1095,Coffee,Beverage,7,180,1260,21,7,14,4,Food was cold,Negative,Bkash,Mirpur
4734,2025-08-18,Monday,8,1905,Juice,Beverage,7,150,1050,14,7,7,4,Very tasty and fresh,Positive,Cash,Banani
4735,2025-05-25,Sunday,5,1064,Pizza,Fast Food,1,550,550,12,1,11,5,Loved the food,Positive,Card,Uttara
4736,2025-11-23,Sunday,11,1378,Juice,Beverage,6,150,900,15,6,9,4,Highly recommended,Positive,Bkash,Banani
4737,2025-02-02,Sunday,2,1287,Biryani,Main Course,1,320,320,13,1,12,5,Acceptable,Neutral,Nagad,Uttara
4738,2025-08-12,Tuesday,8,1966,Pasta,Main Course,5,350,1750,11,5,6,3,Amazing quality,Positive,Cash,Mirpur
4739,2025-12-14,Sunday,12,1845,Fried Rice,Main Course,6,280,1680,17,6,11,3,Loved the food,Positive,Bkash,Banani
4740,2025-03-06,Thursday,3,1086,Noodles,Main Course,7,260,1820,12,7,5,3,Amazing quality,Positive,Bkash,Banani
4741,2025-06-20,Friday,6,1688,Pizza,Fast Food,4,550,2200,17,4,13,4,Nothing special,Neutral,Cash,Mirpur
4742,2025-01-10,Friday,1,1687,Coffee,Beverage,3,180,540,16,3,13,4,Loved the food,Positive,Bkash,Banani
4743,2025-12-31,Wednesday,12,1023,Coffee,Beverage,2,180,360,11,2,9,5,Amazing quality,Positive,Cash,Dhanmondi
4744,2025-11-16,Sunday,11,1336,Coffee,Beverage,8,180,1440,19,8,11,3,It was okay,Neutral,Cash,Uttara
4745,2025-03-02,Sunday,3,1801,Coffee,Beverage,5,180,900,22,5,17,4,Amazing quality,Positive,Bkash,Uttara
4746,2025-10-08,Wednesday,10,1598,Burger,Fast Food,6,250,1500,19,6,13,3,Average taste,Neutral,Card,Dhanmondi
4747,2025-10-22,Wednesday,10,1015,Coffee,Beverage,1,180,180,21,1,20,4,Very tasty and fresh,Positive,Card,Dhanmondi
4748,2025-01-20,Monday,1,1162,Fried Rice,Main Course,5,280,1400,16,5,11,5,Bad experience,Negative,Card,Dhanmondi
4749,2025-06-19,Thursday,6,1838,Coffee,Beverage,6,180,1080,22,6,16,3,Not worth the price,Negative,Bkash,Banani
4750,2025-07-10,Thursday,7,1854,Juice,Beverage,6,150,900,25,6,19,3,Very tasty and fresh,Positive,Card,Mirpur
4751,2025-04-17,Thursday,4,1516,Pizza,Fast Food,1,550,550,17,1,16,4,Amazing quality,Positive,Nagad,Banani
4752,2025-09-29,Monday,9,1248,Biryani,Main Course,1,320,320,16,1,15,5,Amazing quality,Positive,Card,Dhanmondi
4753,2025-12-16,Tuesday,12,1877,Pizza,Fast Food,7,550,3850,23,7,16,4,Acceptable,Neutral,Nagad,Dhanmondi
4754,2025-08-19,Tuesday,8,1695,Pasta,Main Course,6,350,2100,24,6,18,5,Loved the food,Positive,Nagad,Dhanmondi
4755,2025-04-18,Friday,4,1457,Biryani,Main Course,8,320,2560,16,8,8,4,Bad experience,Negative,Nagad,Mirpur
4756,2025-01-28,Tuesday,1,1907,Ice Cream,Dessert,1,120,120,10,1,9,3,Loved the food,Positive,Cash,Mirpur
4757,2025-07-24,Thursday,7,1594,Ice Cream,Dessert,1,120,120,20,1,19,2,Delivery was late,Negative,Nagad,Mirpur
4758,2025-09-30,Tuesday,9,1042,Pasta,Main Course,8,350,2800,28,8,20,3,Very tasty and fresh,Positive,Bkash,Mirpur
4759,2025-05-18,Sunday,5,1495,Burger,Fast Food,8,250,2000,20,8,12,2,Acceptable,Neutral,Cash,Dhanmondi
4760,2025-02-04,Tuesday,2,1931,Biryani,Main Course,1,320,320,12,1,11,3,Nothing special,Neutral,Cash,Banani
4761,2025-11-13,Thursday,11,1425,Pasta,Main Course,3,350,1050,21,3,18,5,Highly recommended,Positive,Bkash,Banani
4762,2025-02-03,Monday,2,1349,Burger,Fast Food,8,250,2000,20,8,12,5,Highly recommended,Positive,Bkash,Uttara
4763,2025-12-25,Thursday,12,1011,Burger,Fast Food,4,250,1000,12,4,8,2,Delivery was late,Negative,Cash,Banani
4764,2025-02-10,Monday,2,1582,Noodles,Main Course,4,260,1040,14,4,10,2,Very tasty and fresh,Positive,Cash,Banani
4765,2025-06-01,Sunday,6,1215,Pizza,Fast Food,7,550,3850,24,7,17,2,Service was normal,Neutral,Nagad,Dhanmondi
4766,2025-06-01,Sunday,6,1217,Biryani,Main Course,4,320,1280,12,4,8,3,Very tasty and fresh,Positive,Bkash,Banani
4767,2025-05-10,Saturday,5,1809,Pasta,Main Course,8,350,2800,16,8,8,5,Excellent food and fast service,Positive,Cash,Banani
4768,2025-08-21,Thursday,8,1168,Fried Rice,Main Course,8,280,2240,27,8,19,2,Amazing quality,Positive,Bkash,Dhanmondi
4769,2025-10-06,Monday,10,1026,Pizza,Fast Food,1,550,550,7,1,6,4,Amazing quality,Positive,Nagad,Dhanmondi
4770,2025-02-23,Sunday,2,1277,Pizza,Fast Food,8,550,4400,14,8,6,5,Nothing special,Neutral,Nagad,Mirpur
4771,2025-10-04,Saturday,10,1907,Coffee,Beverage,8,180,1440,24,8,16,3,Excellent food and fast service,Positive,Card,Banani
4772,2025-11-18,Tuesday,11,2000,Sandwich,Fast Food,6,220,1320,19,6,13,2,Acceptable,Neutral,Cash,Uttara
4773,2025-09-05,Friday,9,1789,Noodles,Main Course,5,260,1300,22,5,17,2,Very tasty and fresh,Positive,Cash,Mirpur
4774,2025-06-11,Wednesday,6,1270,Fried Rice,Main Course,4,280,1120,17,4,13,3,Food was cold,Negative,Cash,Banani
4775,2025-01-17,Friday,1,1357,Burger,Fast Food,1,250,250,10,1,9,4,Highly recommended,Positive,Bkash,Banani
4776,2025-06-27,Friday,6,1971,Fried Rice,Main Course,7,280,1960,21,7,14,5,Average taste,Neutral,Card,Uttara
4777,2025-06-24,Tuesday,6,1839,Pizza,Fast Food,2,550,1100,22,2,20,3,Delivery was late,Negative,Cash,Uttara
4778,2025-06-28,Saturday,6,1397,Noodles,Main Course,3,260,780,10,3,7,3,Very tasty and fresh,Positive,Card,Dhanmondi
4779,2025-10-06,Monday,10,1730,Burger,Fast Food,5,250,1250,10,5,5,5,Amazing quality,Positive,Cash,Dhanmondi
4780,2025-03-27,Thursday,3,1061,Coffee,Beverage,1,180,180,15,1,14,5,Very tasty and fresh,Positive,Bkash,Banani
4781,2025-09-05,Friday,9,1719,Biryani,Main Course,2,320,640,10,2,8,5,Excellent food and fast service,Positive,Cash,Dhanmondi
4782,2025-10-17,Friday,10,1997,Noodles,Main Course,2,260,520,21,2,19,3,Not worth the price,Negative,Bkash,Uttara
4783,2025-02-13,Thursday,2,1117,Coffee,Beverage,3,180,540,21,3,18,2,Highly recommended,Positive,Cash,Banani
4784,2025-01-04,Saturday,1,1103,Juice,Beverage,7,150,1050,25,7,18,4,Loved the food,Positive,Nagad,Uttara
4785,2025-06-29,Sunday,6,1196,Ice Cream,Dessert,5,120,600,23,5,18,5,Loved the food,Positive,Bkash,Uttara
4786,2025-06-25,Wednesday,6,1551,Biryani,Main Course,6,320,1920,25,6,19,5,Highly recommended,Positive,Nagad,Uttara
4787,2025-12-15,Monday,12,1034,Ice Cream,Dessert,6,120,720,13,6,7,3,Highly recommended,Positive,Card,Uttara
4788,2025-12-03,Wednesday,12,1903,Sandwich,Fast Food,1,220,220,9,1,8,4,Excellent food and fast service,Positive,Cash,Banani
4789,2025-11-27,Thursday,11,1745,Pizza,Fast Food,6,550,3300,14,6,8,3,Nothing special,Neutral,Card,Uttara
4790,2025-01-30,Thursday,1,1428,Pasta,Main Course,8,350,2800,28,8,20,2,Amazing quality,Positive,Cash,Mirpur
4791,2025-11-23,Sunday,11,1792,Ice Cream,Dessert,6,120,720,18,6,12,4,Amazing quality,Positive,Cash,Banani
4792,2025-03-06,Thursday,3,1089,Ice Cream,Dessert,1,120,120,19,1,18,4,Amazing quality,Positive,Nagad,Banani
4793,2025-01-28,Tuesday,1,1654,Fried Rice,Main Course,1,280,280,7,1,6,3,Excellent food and fast service,Positive,Bkash,Uttara
4794,2025-05-21,Wednesday,5,1540,Ice Cream,Dessert,4,120,480,22,4,18,2,Highly recommended,Positive,Nagad,Banani
4795,2025-11-12,Wednesday,11,1096,Fried Rice,Main Course,5,280,1400,25,5,20,5,Loved the food,Positive,Nagad,Banani
4796,2025-03-15,Saturday,3,1416,Pizza,Fast Food,8,550,4400,22,8,14,4,Amazing quality,Positive,Nagad,Mirpur
4797,2025-03-08,Saturday,3,1746,Ice Cream,Dessert,4,120,480,13,4,9,4,Very tasty and fresh,Positive,Nagad,Dhanmondi
4798,2025-11-06,Thursday,11,1573,Biryani,Main Course,6,320,1920,14,6,8,2,Very tasty and fresh,Positive,Bkash,Mirpur
4799,2025-05-16,Friday,5,1927,Noodles,Main Course,3,260,780,20,3,17,3,Highly recommended,Positive,Card,Dhanmondi
4800,2025-04-06,Sunday,4,1933,Coffee,Beverage,2,180,360,11,2,9,5,Acceptable,Neutral,Nagad,Banani
4801,2025-04-25,Friday,4,1452,Pasta,Main Course,1,350,350,14,1,13,4,Acceptable,Neutral,Bkash,Banani
4802,2025-08-06,Wednesday,8,1410,Coffee,Beverage,3,180,540,12,3,9,4,Amazing quality,Positive,Cash,Banani
4803,2025-10-31,Friday,10,1106,Biryani,Main Course,2,320,640,22,2,20,3,Highly recommended,Positive,Bkash,Uttara
4804,2025-11-19,Wednesday,11,1029,Noodles,Main Course,5,260,1300,20,5,15,4,Highly recommended,Positive,Cash,Dhanmondi
4805,2025-07-01,Tuesday,7,1496,Sandwich,Fast Food,5,220,1100,20,5,15,5,Average taste,Neutral,Nagad,Mirpur
4806,2025-10-01,Wednesday,10,1121,Sandwich,Fast Food,5,220,1100,13,5,8,3,Very tasty and fresh,Positive,Nagad,Banani
4807,2025-01-24,Friday,1,1553,Sandwich,Fast Food,4,220,880,15,4,11,3,Loved the food,Positive,Card,Mirpur
4808,2025-07-05,Saturday,7,1679,Biryani,Main Course,5,320,1600,13,5,8,3,Excellent food and fast service,Positive,Bkash,Uttara
4809,2025-06-08,Sunday,6,1318,Pizza,Fast Food,8,550,4400,26,8,18,5,Service was normal,Neutral,Cash,Mirpur
4810,2025-02-20,Thursday,2,1689,Pizza,Fast Food,2,550,1100,8,2,6,5,Service was normal,Neutral,Card,Dhanmondi
4811,2025-11-19,Wednesday,11,1573,Biryani,Main Course,4,320,1280,19,4,15,2,Loved the food,Positive,Cash,Uttara
4812,2025-08-23,Saturday,8,1714,Sandwich,Fast Food,2,220,440,11,2,9,2,Not worth the price,Negative,Bkash,Banani
4813,2025-11-28,Friday,11,1004,Noodles,Main Course,6,260,1560,17,6,11,2,Bad experience,Negative,Nagad,Mirpur
4814,2025-05-19,Monday,5,1672,Sandwich,Fast Food,5,220,1100,10,5,5,3,Food was cold,Negative,Cash,Uttara
4815,2025-03-27,Thursday,3,1619,Ice Cream,Dessert,1,120,120,18,1,17,5,Excellent food and fast service,Positive,Bkash,Mirpur
4816,2025-01-17,Friday,1,1129,Biryani,Main Course,4,320,1280,23,4,19,5,Loved the food,Positive,Bkash,Banani
4817,2025-03-08,Saturday,3,1327,Noodles,Main Course,1,260,260,11,1,10,5,Highly recommended,Positive,Card,Banani
4818,2025-01-23,Thursday,1,1685,Burger,Fast Food,1,250,250,17,1,16,2,Excellent food and fast service,Positive,Cash,Dhanmondi
4819,2025-12-24,Wednesday,12,1467,Fried Rice,Main Course,1,280,280,6,1,5,3,Very tasty and fresh,Positive,Nagad,Banani
4820,2025-11-19,Wednesday,11,1010,Biryani,Main Course,3,320,960,9,3,6,5,Delivery was late,Negative,Cash,Dhanmondi
4821,2025-10-05,Sunday,10,1894,Pizza,Fast Food,7,550,3850,17,7,10,5,Delivery was late,Negative,Nagad,Banani
4822,2025-03-27,Thursday,3,1998,Pizza,Fast Food,6,550,3300,19,6,13,2,Excellent food and fast service,Positive,Nagad,Dhanmondi
4823,2025-12-14,Sunday,12,1851,Biryani,Main Course,8,320,2560,17,8,9,4,It was okay,Neutral,Card,Banani
4824,2025-04-21,Monday,4,1205,Coffee,Beverage,4,180,720,18,4,14,5,Highly recommended,Positive,Bkash,Mirpur
4825,2025-06-29,Sunday,6,1962,Ice Cream,Dessert,2,120,240,8,2,6,3,It was okay,Neutral,Bkash,Mirpur
4826,2025-09-26,Friday,9,1913,Noodles,Main Course,6,260,1560,25,6,19,3,Delivery was late,Negative,Bkash,Banani
4827,2025-12-02,Tuesday,12,1027,Fried Rice,Main Course,2,280,560,20,2,18,4,Amazing quality,Positive,Bkash,Banani
4828,2025-07-07,Monday,7,1278,Fried Rice,Main Course,1,280,280,10,1,9,2,Excellent food and fast service,Positive,Bkash,Dhanmondi
4829,2025-08-08,Friday,8,1475,Sandwich,Fast Food,6,220,1320,16,6,10,2,It was okay,Neutral,Bkash,Mirpur
4830,2025-05-15,Thursday,5,1981,Noodles,Main Course,2,260,520,9,2,7,2,Amazing quality,Positive,Nagad,Uttara
4831,2025-09-20,Saturday,9,1276,Pasta,Main Course,6,350,2100,20,6,14,4,Highly recommended,Positive,Cash,Dhanmondi
4832,2025-10-23,Thursday,10,1993,Biryani,Main Course,7,320,2240,17,7,10,5,Amazing quality,Positive,Bkash,Dhanmondi
4833,2025-09-10,Wednesday,9,1364,Biryani,Main Course,1,320,320,7,1,6,5,Excellent food and fast service,Positive,Cash,Dhanmondi
4834,2025-10-19,Sunday,10,1457,Sandwich,Fast Food,5,220,1100,16,5,11,4,Too salty,Negative,Card,Uttara
4835,2025-06-19,Thursday,6,1274,Coffee,Beverage,6,180,1080,24,6,18,5,Amazing quality,Positive,Cash,Dhanmondi
4836,2025-02-23,Sunday,2,1877,Coffee,Beverage,2,180,360,11,2,9,3,Nothing special,Neutral,Bkash,Uttara
4837,2025-05-31,Saturday,5,1138,Ice Cream,Dessert,5,120,600,25,5,20,4,Average taste,Neutral,Cash,Dhanmondi
4838,2025-07-21,Monday,7,1051,Sandwich,Fast Food,3,220,660,17,3,14,4,Nothing special,Neutral,Nagad,Banani
4839,2025-03-23,Sunday,3,1248,Pasta,Main Course,8,350,2800,28,8,20,2,Highly recommended,Positive,Card,Mirpur
4840,2025-08-14,Thursday,8,1037,Biryani,Main Course,1,320,320,9,1,8,5,Food was cold,Negative,Card,Mirpur
4841,2025-11-25,Tuesday,11,1910,Sandwich,Fast Food,5,220,1100,12,5,7,3,Loved the food,Positive,Cash,Uttara
4842,2025-03-22,Saturday,3,1488,Fried Rice,Main Course,1,280,280,16,1,15,4,Acceptable,Neutral,Nagad,Uttara
4843,2025-04-20,Sunday,4,1368,Juice,Beverage,3,150,450,23,3,20,4,Highly recommended,Positive,Bkash,Uttara
4844,2025-06-19,Thursday,6,1368,Noodles,Main Course,7,260,1820,22,7,15,2,Bad experience,Negative,Nagad,Banani
4845,2025-05-17,Saturday,5,1895,Noodles,Main Course,8,260,2080,18,8,10,5,Service was normal,Neutral,Cash,Uttara
4846,2025-01-24,Friday,1,1414,Burger,Fast Food,1,250,250,11,1,10,4,Loved the food,Positive,Bkash,Uttara
4847,2025-05-03,Saturday,5,1650,Pasta,Main Course,8,350,2800,24,8,16,4,Loved the food,Positive,Bkash,Banani
4848,2025-01-04,Saturday,1,1682,Pasta,Main Course,2,350,700,16,2,14,5,Loved the food,Positive,Card,Uttara
4849,2025-09-04,Thursday,9,1535,Burger,Fast Food,7,250,1750,22,7,15,2,Average taste,Neutral,Nagad,Dhanmondi
4850,2025-04-12,Saturday,4,1333,Noodles,Main Course,8,260,2080,24,8,16,4,Service was normal,Neutral,Card,Uttara
4851,2025-10-22,Wednesday,10,1295,Noodles,Main Course,2,260,520,13,2,11,2,Very tasty and fresh,Positive,Nagad,Banani
4852,2025-02-14,Friday,2,1452,Pizza,Fast Food,1,550,550,9,1,8,5,Nothing special,Neutral,Bkash,Uttara
4853,2025-07-14,Monday,7,1339,Burger,Fast Food,5,250,1250,10,5,5,3,Bad experience,Negative,Nagad,Dhanmondi
4854,2025-05-13,Tuesday,5,1210,Fried Rice,Main Course,7,280,1960,20,7,13,4,Amazing quality,Positive,Nagad,Banani
4855,2025-12-23,Tuesday,12,1717,Noodles,Main Course,4,260,1040,22,4,18,5,Excellent food and fast service,Positive,Nagad,Banani
4856,2025-06-07,Saturday,6,1424,Coffee,Beverage,1,180,180,15,1,14,4,Amazing quality,Positive,Card,Dhanmondi
4857,2025-12-22,Monday,12,1679,Sandwich,Fast Food,1,220,220,6,1,5,2,Delivery was late,Negative,Card,Banani
4858,2025-01-11,Saturday,1,1928,Coffee,Beverage,6,180,1080,26,6,20,4,Very tasty and fresh,Positive,Bkash,Mirpur
4859,2025-10-03,Friday,10,1655,Sandwich,Fast Food,7,220,1540,22,7,15,3,Excellent food and fast service,Positive,Nagad,Dhanmondi
4860,2025-04-27,Sunday,4,1111,Burger,Fast Food,8,250,2000,20,8,12,3,Very tasty and fresh,Positive,Bkash,Mirpur
4861,2025-02-25,Tuesday,2,1206,Biryani,Main Course,4,320,1280,17,4,13,3,Very tasty and fresh,Positive,Bkash,Dhanmondi
4862,2025-04-03,Thursday,4,1939,Pasta,Main Course,6,350,2100,21,6,15,2,Food was cold,Negative,Nagad,Uttara
4863,2025-12-25,Thursday,12,1611,Sandwich,Fast Food,5,220,1100,16,5,11,3,Loved the food,Positive,Nagad,Uttara
4864,2025-03-10,Monday,3,1262,Sandwich,Fast Food,1,220,220,10,1,9,2,Highly recommended,Positive,Card,Dhanmondi
4865,2025-01-23,Thursday,1,1280,Juice,Beverage,1,150,150,21,1,20,3,Loved the food,Positive,Card,Mirpur
4866,2025-12-15,Monday,12,1993,Juice,Beverage,1,150,150,11,1,10,3,Nothing special,Neutral,Card,Mirpur
4867,2025-07-23,Wednesday,7,1824,Pasta,Main Course,2,350,700,19,2,17,5,Acceptable,Neutral,Cash,Uttara
4868,2025-06-19,Thursday,6,1275,Biryani,Main Course,2,320,640,18,2,16,3,Average taste,Neutral,Bkash,Dhanmondi
4869,2025-09-01,Monday,9,1044,Biryani,Main Course,4,320,1280,21,4,17,4,Too salty,Negative,Bkash,Mirpur
4870,2025-03-28,Friday,3,1341,Juice,Beverage,1,150,150,10,1,9,4,Delivery was late,Negative,Nagad,Uttara
4871,2025-03-28,Friday,3,1822,Pasta,Main Course,1,350,350,16,1,15,3,Too salty,Negative,Cash,Banani
4872,2025-02-09,Sunday,2,1671,Pizza,Fast Food,4,550,2200,9,4,5,3,Loved the food,Positive,Nagad,Mirpur
4873,2025-11-21,Friday,11,1036,Biryani,Main Course,4,320,1280,17,4,13,4,Highly recommended,Positive,Nagad,Uttara
4874,2025-04-23,Wednesday,4,1379,Coffee,Beverage,6,180,1080,22,6,16,2,Amazing quality,Positive,Card,Mirpur
4875,2025-04-18,Friday,4,1593,Ice Cream,Dessert,8,120,960,22,8,14,2,Highly recommended,Positive,Cash,Mirpur
4876,2025-07-04,Friday,7,1471,Sandwich,Fast Food,4,220,880,15,4,11,3,Food was cold,Negative,Nagad,Banani
4877,2025-01-01,Wednesday,1,1905,Ice Cream,Dessert,5,120,600,10,5,5,4,Highly recommended,Positive,Cash,Dhanmondi
4878,2025-08-21,Thursday,8,1355,Coffee,Beverage,1,180,180,16,1,15,4,Highly recommended,Positive,Cash,Banani
4879,2025-06-15,Sunday,6,1167,Noodles,Main Course,7,260,1820,27,7,20,3,Delivery was late,Negative,Card,Mirpur
4880,2025-04-04,Friday,4,1244,Burger,Fast Food,5,250,1250,17,5,12,2,Highly recommended,Positive,Cash,Dhanmondi
4881,2025-08-08,Friday,8,1390,Ice Cream,Dessert,8,120,960,16,8,8,3,It was okay,Neutral,Bkash,Dhanmondi
4882,2025-12-10,Wednesday,12,1560,Pizza,Fast Food,5,550,2750,14,5,9,5,Delivery was late,Negative,Cash,Uttara
4883,2025-03-15,Saturday,3,1276,Fried Rice,Main Course,3,280,840,21,3,18,2,Average taste,Neutral,Card,Mirpur
4884,2025-06-18,Wednesday,6,1159,Pasta,Main Course,3,350,1050,12,3,9,3,Amazing quality,Positive,Bkash,Uttara
4885,2025-01-12,Sunday,1,1015,Biryani,Main Course,4,320,1280,13,4,9,2,Average taste,Neutral,Cash,Uttara
4886,2025-03-08,Saturday,3,1340,Sandwich,Fast Food,3,220,660,13,3,10,2,Very tasty and fresh,Positive,Nagad,Dhanmondi
4887,2025-04-30,Wednesday,4,1119,Coffee,Beverage,4,180,720,14,4,10,5,Nothing special,Neutral,Nagad,Uttara
4888,2025-10-29,Wednesday,10,1292,Pasta,Main Course,5,350,1750,23,5,18,2,Nothing special,Neutral,Nagad,Banani
4889,2025-10-24,Friday,10,1003,Coffee,Beverage,4,180,720,21,4,17,3,Loved the food,Positive,Cash,Banani
4890,2025-01-21,Tuesday,1,1385,Ice Cream,Dessert,1,120,120,18,1,17,2,Very tasty and fresh,Positive,Card,Banani
4891,2025-04-07,Monday,4,1431,Pizza,Fast Food,6,550,3300,24,6,18,2,Very tasty and fresh,Positive,Nagad,Uttara
4892,2025-08-08,Friday,8,1684,Biryani,Main Course,3,320,960,17,3,14,5,Amazing quality,Positive,Nagad,Banani
4893,2025-04-11,Friday,4,1159,Noodles,Main Course,3,260,780,17,3,14,2,Amazing quality,Positive,Bkash,Banani
4894,2025-03-27,Thursday,3,1968,Ice Cream,Dessert,3,120,360,13,3,10,3,Very tasty and fresh,Positive,Card,Dhanmondi
4895,2025-04-11,Friday,4,1345,Noodles,Main Course,6,260,1560,16,6,10,2,It was okay,Neutral,Nagad,Uttara
4896,2025-09-06,Saturday,9,1284,Burger,Fast Food,5,250,1250,11,5,6,4,Food was cold,Negative,Cash,Uttara
4897,2025-06-09,Monday,6,1257,Coffee,Beverage,3,180,540,13,3,10,4,Very tasty and fresh,Positive,Nagad,Banani
4898,2025-12-12,Friday,12,1035,Burger,Fast Food,4,250,1000,16,4,12,4,Too salty,Negative,Nagad,Uttara
4899,2025-12-22,Monday,12,1285,Ice Cream,Dessert,4,120,480,15,4,11,2,Nothing special,Neutral,Bkash,Uttara
4900,2025-06-25,Wednesday,6,1520,Noodles,Main Course,4,260,1040,15,4,11,4,Nothing special,Neutral,Cash,Dhanmondi
4901,2025-06-24,Tuesday,6,1370,Fried Rice,Main Course,1,280,280,14,1,13,4,Highly recommended,Positive,Cash,Uttara
4902,2025-06-26,Thursday,6,1014,Sandwich,Fast Food,3,220,660,15,3,12,2,Very tasty and fresh,Positive,Nagad,Dhanmondi
4903,2025-10-14,Tuesday,10,1515,Juice,Beverage,2,150,300,20,2,18,4,Service was normal,Neutral,Nagad,Banani
4904,2025-05-26,Monday,5,1275,Sandwich,Fast Food,6,220,1320,16,6,10,3,Average taste,Neutral,Bkash,Banani
4905,2025-07-05,Saturday,7,1469,Burger,Fast Food,7,250,1750,16,7,9,2,It was okay,Neutral,Card,Mirpur
4906,2025-03-08,Saturday,3,1913,Coffee,Beverage,5,180,900,13,5,8,4,Average taste,Neutral,Bkash,Banani
4907,2025-04-02,Wednesday,4,1456,Pasta,Main Course,2,350,700,11,2,9,5,Highly recommended,Positive,Cash,Mirpur
4908,2025-01-26,Sunday,1,1205,Coffee,Beverage,7,180,1260,21,7,14,5,Very tasty and fresh,Positive,Bkash,Uttara
4909,2025-05-28,Wednesday,5,1277,Coffee,Beverage,4,180,720,13,4,9,3,Loved the food,Positive,Card,Banani
4910,2025-11-21,Friday,11,1712,Pizza,Fast Food,5,550,2750,17,5,12,3,Excellent food and fast service,Positive,Nagad,Dhanmondi
4911,2025-06-26,Thursday,6,1623,Biryani,Main Course,5,320,1600,16,5,11,2,Average taste,Neutral,Bkash,Banani
4912,2025-10-01,Wednesday,10,1765,Fried Rice,Main Course,1,280,280,17,1,16,3,Excellent food and fast service,Positive,Card,Mirpur
4913,2025-03-25,Tuesday,3,1474,Juice,Beverage,5,150,750,24,5,19,2,Amazing quality,Positive,Nagad,Banani
4914,2025-11-30,Sunday,11,1642,Juice,Beverage,5,150,750,19,5,14,3,Highly recommended,Positive,Cash,Banani
4915,2025-12-04,Thursday,12,1750,Burger,Fast Food,8,250,2000,15,8,7,2,Average taste,Neutral,Cash,Uttara
4916,2025-05-31,Saturday,5,1965,Pasta,Main Course,1,350,350,17,1,16,3,Loved the food,Positive,Cash,Dhanmondi
4917,2025-09-18,Thursday,9,1598,Sandwich,Fast Food,5,220,1100,10,5,5,2,Loved the food,Positive,Cash,Dhanmondi
4918,2025-08-13,Wednesday,8,1939,Biryani,Main Course,4,320,1280,11,4,7,3,Service was normal,Neutral,Cash,Mirpur
4919,2025-10-19,Sunday,10,1296,Ice Cream,Dessert,4,120,480,9,4,5,2,Nothing special,Neutral,Bkash,Dhanmondi
4920,2025-03-08,Saturday,3,1701,Pizza,Fast Food,1,550,550,20,1,19,3,Loved the food,Positive,Cash,Dhanmondi
4921,2025-06-28,Saturday,6,1525,Coffee,Beverage,1,180,180,12,1,11,5,Amazing quality,Positive,Bkash,Dhanmondi
4922,2025-07-18,Friday,7,1663,Juice,Beverage,1,150,150,19,1,18,2,Loved the food,Positive,Bkash,Dhanmondi
4923,2025-05-16,Friday,5,1412,Noodles,Main Course,4,260,1040,20,4,16,2,Too salty,Negative,Bkash,Dhanmondi
4924,2025-05-17,Saturday,5,1066,Biryani,Main Course,8,320,2560,28,8,20,4,Very tasty and fresh,Positive,Card,Banani
4925,2025-02-28,Friday,2,1178,Pizza,Fast Food,6,550,3300,14,6,8,5,Highly recommended,Positive,Cash,Mirpur
4926,2025-04-17,Thursday,4,1107,Coffee,Beverage,4,180,720,17,4,13,5,Highly recommended,Positive,Bkash,Dhanmondi
4927,2025-11-20,Thursday,11,1220,Pasta,Main Course,8,350,2800,18,8,10,2,Too salty,Negative,Cash,Banani
4928,2025-04-13,Sunday,4,1148,Sandwich,Fast Food,2,220,440,12,2,10,4,Highly recommended,Positive,Cash,Mirpur
4929,2025-06-14,Saturday,6,1736,Biryani,Main Course,5,320,1600,10,5,5,2,Highly recommended,Positive,Nagad,Uttara
4930,2025-06-12,Thursday,6,1944,Fried Rice,Main Course,4,280,1120,22,4,18,3,Excellent food and fast service,Positive,Cash,Dhanmondi
4931,2025-12-28,Sunday,12,1699,Pasta,Main Course,1,350,350,6,1,5,2,Bad experience,Negative,Card,Banani
4932,2025-12-29,Monday,12,1878,Pizza,Fast Food,3,550,1650,13,3,10,4,Highly recommended,Positive,Cash,Mirpur
4933,2025-12-30,Tuesday,12,1651,Ice Cream,Dessert,5,120,600,14,5,9,3,Too salty,Negative,Bkash,Mirpur
4934,2025-01-23,Thursday,1,1490,Biryani,Main Course,7,320,2240,25,7,18,3,Very tasty and fresh,Positive,Nagad,Banani
4935,2025-08-12,Tuesday,8,1975,Pasta,Main Course,2,350,700,9,2,7,3,Excellent food and fast service,Positive,Card,Banani
4936,2025-03-17,Monday,3,1482,Pasta,Main Course,4,350,1400,9,4,5,5,Nothing special,Neutral,Card,Banani
4937,2025-08-22,Friday,8,1707,Sandwich,Fast Food,2,220,440,7,2,5,3,Amazing quality,Positive,Bkash,Dhanmondi
4938,2025-09-15,Monday,9,1195,Ice Cream,Dessert,4,120,480,20,4,16,2,Very tasty and fresh,Positive,Bkash,Banani
4939,2025-10-23,Thursday,10,1394,Biryani,Main Course,1,320,320,11,1,10,2,Nothing special,Neutral,Nagad,Uttara
4940,2025-01-09,Thursday,1,1751,Pizza,Fast Food,8,550,4400,17,8,9,2,Loved the food,Positive,Card,Banani
4941,2025-11-26,Wednesday,11,1794,Juice,Beverage,1,150,150,19,1,18,2,Not worth the price,Negative,Cash,Dhanmondi
4942,2025-10-11,Saturday,10,1184,Pasta,Main Course,1,350,350,13,1,12,5,Acceptable,Neutral,Nagad,Banani
4943,2025-04-21,Monday,4,1223,Juice,Beverage,1,150,150,19,1,18,4,Very tasty and fresh,Positive,Cash,Banani
4944,2025-07-20,Sunday,7,1362,Juice,Beverage,8,150,1200,26,8,18,2,Loved the food,Positive,Cash,Dhanmondi
4945,2025-06-23,Monday,6,1191,Burger,Fast Food,1,250,250,12,1,11,4,Amazing quality,Positive,Cash,Dhanmondi
4946,2025-06-29,Sunday,6,1599,Coffee,Beverage,7,180,1260,21,7,14,4,Excellent food and fast service,Positive,Cash,Uttara
4947,2025-05-14,Wednesday,5,1013,Fried Rice,Main Course,7,280,1960,14,7,7,3,Loved the food,Positive,Cash,Banani
4948,2025-07-24,Thursday,7,1625,Pizza,Fast Food,2,550,1100,10,2,8,3,Service was normal,Neutral,Nagad,Banani
4949,2025-09-25,Thursday,9,1460,Pasta,Main Course,1,350,350,13,1,12,5,Excellent food and fast service,Positive,Bkash,Dhanmondi
4950,2025-03-02,Sunday,3,1992,Sandwich,Fast Food,7,220,1540,26,7,19,2,Excellent food and fast service,Positive,Bkash,Uttara
4951,2025-09-10,Wednesday,9,1362,Coffee,Beverage,4,180,720,12,4,8,3,Highly recommended,Positive,Card,Mirpur
4952,2025-01-27,Monday,1,1969,Noodles,Main Course,4,260,1040,21,4,17,2,Very tasty and fresh,Positive,Card,Banani
4953,2025-09-11,Thursday,9,1483,Pasta,Main Course,7,350,2450,26,7,19,4,Not worth the price,Negative,Card,Mirpur
4954,2025-02-08,Saturday,2,1291,Coffee,Beverage,4,180,720,17,4,13,3,Nothing special,Neutral,Card,Banani
4955,2025-01-01,Wednesday,1,1045,Noodles,Main Course,2,260,520,12,2,10,2,Amazing quality,Positive,Card,Banani
4956,2025-10-04,Saturday,10,1821,Pizza,Fast Food,1,550,550,9,1,8,2,Very tasty and fresh,Positive,Card,Uttara
4957,2025-05-12,Monday,5,1025,Pizza,Fast Food,7,550,3850,12,7,5,5,Amazing quality,Positive,Bkash,Banani
4958,2025-12-27,Saturday,12,1086,Noodles,Main Course,6,260,1560,14,6,8,2,Not worth the price,Negative,Nagad,Banani
4959,2025-05-14,Wednesday,5,1295,Pasta,Main Course,5,350,1750,11,5,6,5,Amazing quality,Positive,Cash,Banani
4960,2025-11-28,Friday,11,1135,Biryani,Main Course,3,320,960,13,3,10,5,Not worth the price,Negative,Cash,Dhanmondi
4961,2025-06-24,Tuesday,6,1763,Pasta,Main Course,1,350,350,11,1,10,3,Average taste,Neutral,Bkash,Banani
4962,2025-07-02,Wednesday,7,1324,Coffee,Beverage,3,180,540,10,3,7,5,Acceptable,Neutral,Nagad,Mirpur
4963,2025-11-16,Sunday,11,1281,Ice Cream,Dessert,4,120,480,15,4,11,4,Nothing special,Neutral,Card,Dhanmondi
4964,2025-09-30,Tuesday,9,1451,Burger,Fast Food,3,250,750,15,3,12,5,Amazing quality,Positive,Cash,Mirpur
4965,2025-06-05,Thursday,6,1925,Pasta,Main Course,4,350,1400,16,4,12,3,Nothing special,Neutral,Nagad,Dhanmondi
4966,2025-11-14,Friday,11,1617,Burger,Fast Food,6,250,1500,25,6,19,4,Highly recommended,Positive,Nagad,Banani
4967,2025-04-21,Monday,4,1016,Pizza,Fast Food,4,550,2200,17,4,13,2,Amazing quality,Positive,Card,Mirpur
4968,2025-10-31,Friday,10,1302,Biryani,Main Course,8,320,2560,23,8,15,5,Very tasty and fresh,Positive,Cash,Mirpur
4969,2025-02-05,Wednesday,2,1840,Biryani,Main Course,2,320,640,20,2,18,5,Excellent food and fast service,Positive,Cash,Dhanmondi
4970,2025-01-11,Saturday,1,1456,Juice,Beverage,7,150,1050,22,7,15,3,Amazing quality,Positive,Bkash,Uttara
4971,2025-07-09,Wednesday,7,1570,Juice,Beverage,6,150,900,15,6,9,4,It was okay,Neutral,Bkash,Dhanmondi
4972,2025-11-18,Tuesday,11,1902,Pasta,Main Course,5,350,1750,20,5,15,5,Very tasty and fresh,Positive,Card,Uttara
4973,2025-05-10,Saturday,5,1301,Juice,Beverage,7,150,1050,12,7,5,5,Loved the food,Positive,Cash,Uttara
4974,2025-11-06,Thursday,11,1726,Juice,Beverage,6,150,900,18,6,12,3,Amazing quality,Positive,Cash,Mirpur
4975,2025-12-06,Saturday,12,1817,Fried Rice,Main Course,1,280,280,21,1,20,2,Amazing quality,Positive,Cash,Mirpur
4976,2025-12-28,Sunday,12,1367,Noodles,Main Course,8,260,2080,26,8,18,2,Food was cold,Negative,Card,Uttara
4977,2025-05-22,Thursday,5,1617,Coffee,Beverage,2,180,360,12,2,10,4,It was okay,Neutral,Bkash,Mirpur
4978,2025-02-14,Friday,2,1533,Noodles,Main Course,4,260,1040,15,4,11,2,Acceptable,Neutral,Bkash,Banani
4979,2025-12-29,Monday,12,1227,Pasta,Main Course,3,350,1050,19,3,16,3,Loved the food,Positive,Cash,Uttara
4980,2025-11-01,Saturday,11,1457,Coffee,Beverage,1,180,180,7,1,6,5,Highly recommended,Positive,Bkash,Mirpur
4981,2025-01-01,Wednesday,1,1495,Burger,Fast Food,6,250,1500,17,6,11,5,Too salty,Negative,Cash,Uttara
4982,2025-07-20,Sunday,7,1275,Sandwich,Fast Food,4,220,880,15,4,11,3,Food was cold,Negative,Bkash,Banani
4983,2025-05-24,Saturday,5,1153,Pizza,Fast Food,6,550,3300,13,6,7,4,Delivery was late,Negative,Nagad,Banani
4984,2025-12-29,Monday,12,1668,Pizza,Fast Food,5,550,2750,15,5,10,3,Too salty,Negative,Nagad,Mirpur
4985,2025-10-07,Tuesday,10,1697,Coffee,Beverage,2,180,360,21,2,19,4,Highly recommended,Positive,Nagad,Banani
4986,2025-04-14,Monday,4,1030,Burger,Fast Food,7,250,1750,14,7,7,2,Highly recommended,Positive,Nagad,Mirpur
4987,2025-02-14,Friday,2,1062,Ice Cream,Dessert,7,120,840,21,7,14,3,Excellent food and fast service,Positive,Bkash,Banani
4988,2025-12-13,Saturday,12,1848,Noodles,Main Course,4,260,1040,19,4,15,3,Not worth the price,Negative,Nagad,Uttara
4989,2025-11-17,Monday,11,1266,Noodles,Main Course,8,260,2080,28,8,20,2,Loved the food,Positive,Card,Uttara
4990,2025-06-02,Monday,6,1462,Sandwich,Fast Food,2,220,440,16,2,14,4,Very tasty and fresh,Positive,Cash,Uttara
4991,2025-09-30,Tuesday,9,1987,Biryani,Main Course,7,320,2240,23,7,16,4,Nothing special,Neutral,Card,Uttara
4992,2025-12-08,Monday,12,1378,Juice,Beverage,8,150,1200,24,8,16,4,Highly recommended,Positive,Bkash,Mirpur
4993,2025-01-08,Wednesday,1,1635,Fried Rice,Main Course,5,280,1400,17,5,12,4,Service was normal,Neutral,Bkash,Uttara
4994,2025-07-24,Thursday,7,1268,Pasta,Main Course,3,350,1050,13,3,10,5,Acceptable,Neutral,Cash,Mirpur
4995,2025-05-12,Monday,5,1624,Pasta,Main Course,8,350,2800,25,8,17,2,Very tasty and fresh,Positive,Cash,Banani
4996,2025-07-17,Thursday,7,1523,Ice Cream,Dessert,3,120,360,22,3,19,4,Very tasty and fresh,Positive,Card,Banani
4997,2025-02-02,Sunday,2,1230,Coffee,Beverage,4,180,720,17,4,13,2,Service was normal,Neutral,Card,Banani
4998,2025-05-03,Saturday,5,1822,Noodles,Main Course,6,260,1560,20,6,14,4,Very tasty and fresh,Positive,Cash,Uttara
4999,2025-11-12,Wednesday,11,1537,Pasta,Main Course,1,350,350,15,1,14,5,Acceptable,Neutral,Cash,Banani
5000,2025-07-25,Friday,7,1449,Fried Rice,Main Course,5,280,1400,15,5,10,5,Loved the food,Positive,Cash,Dhanmondi
